pm25_roll_mean_12h,pm25_roll_mean_3h,predicted,hotspot_roll_sum_168h,pm25_roll_mean_6h,pm25_roll_max_6h,wind_dir_cos,pm25_roll_mean_24h,pm25_roll_max_168h,precipitation,frp_roll_sum_168h,surface_pressure,frp_x_haze,hotspot_log_lag_48h,pm25_lag_72h,pm25_delta_24h,hotspot_roll_sum_24h,hour_cos,day_sin,frp_sum_lag_72h,hotspot_roll_sum_48h,wind_dir_sin,pm25_roll_max_24h,pm25_delta_1h,frp_sum,frp_mean_log,pm25_roll_std_168h,month_sin,pm25_lag_48h,pm25_roll_std_6h,PM25,is_predicted,hour_sin,pm25_lag_6h,pm25_lag_3h,hotspot_lag_24h,hotspot_log,hotspot_lag_48h,day_cos,pm25_lag_24h,hotspot_log_lag_72h,hotspot_x_haze,Datetime,frp_sum_lag_48h,wind_speed_10m,frp_roll_sum_24h,pm25_lag_2h,frp_roll_sum_48h,wind_direction_10m,province_target_enc,humidity_delta_1h,month_cos,pm25_roll_std_3h,pm25_roll_std_12h,pm25_lag_12h,hotspot_count,pm25_roll_std_24h,temperature_2m,Province,pm25_lag_1h,pm25_roll_std_48h,humidity_delta_24h,frp_mean,relative_humidity_2m,pm25_roll_mean_168h,pm25_roll_max_3h,hotspot_lag_72h,is_haze_season,frp_sum_log,hotspot_log_lag_24h,pm25_roll_mean_48h,year,precipitation_log,pm25_roll_max_12h,frp_sum_lag_24h,pm25_roll_max_48h
,,29.6,,,,,,,0.0,,976.9,,,,,,,,,,,,,0.0,,,,,,29.6,False,,,,,,,,,,,2026-09-22 23:00:00,,2.4,,,,347,,,,,,,0.0,,25.6,Chiang Mai,,,,0.0,79,,,,,,,,,,,,
,,29.5,,,,,,,0.0,,976.5,,,,,,,,,,,,,0.0,,,,,,29.5,False,,,,,,,,,,,2026-09-23 00:00:00,,2.7,,,,340,,,,,,,0.0,,25.2,Chiang Mai,,,,0.0,81,,,,,,,,,,,,
,,26.8,,,,,,,0.0,,976.1,,,,,,,,,,,,,0.0,,,,,,26.8,False,,,,,,,,,,,2026-09-23 01:00:00,,4.0,,,,350,,,,,,,0.0,,24.7,Chiang Mai,,,,0.0,83,,,,,,,,,,,,
,,24.6,,,,,,,0.0,,975.9,,,,,,,,,,,,,0.0,,,,,,24.6,False,,,,,,,,,,,2026-09-23 02:00:00,,4.5,,,,353,,,,,,,0.0,,24.3,Chiang Mai,,,,0.0,84,,,,,,,,,,,,
,,22.3,,,,,,,0.0,,975.6,,,,,,,,,,,,,0.0,,,,,,22.3,False,,,,,,,,,,,2026-09-23 03:00:00,,5.6,,,,339,,,,,,,0.0,,24.2,Chiang Mai,,,,0.0,82,,,,,,,,,,,,
,,20.1,,,,,,,0.0,,975.3,,,,,,,,,,,,,0.0,,,,,,20.1,False,,,,,,,,,,,2026-09-23 04:00:00,,5.3,,,,336,,,,,,,0.0,,23.9,Chiang Mai,,,,0.0,82,,,,,,,,,,,,
,,18.6,,,,,,,0.0,,974.9,,,,,,,,,,,,,0.0,,,,,,18.6,False,,,,,,,,,,,2026-09-23 05:00:00,,5.6,,,,335,,,,,,,0.0,,23.5,Chiang Mai,,,,0.0,83,,,,,,,,,,,,
,,18.0,,,,,,,0.0,,975.3,,,,,,,,,,,,,0.0,,,,,,18.0,False,,,,,,,,,,,2026-09-23 06:00:00,,5.1,,,,333,,,,,,,0.0,,23.1,Chiang Mai,,,,0.0,83,,,,,,,,,,,,
,,10.0,,,,,,,0.0,,976.4,,,,,,,,,,,,,0.0,,,,,,10.0,False,,,,,,,,,,,2026-09-23 07:00:00,,7.2,,,,333,,,,,,,0.0,,23.5,Chiang Mai,,,,0.0,86,,,,,,,,,,,,
,,10.4,,,,,,,0.0,,977.3,,,,,,,,,,,,,0.0,,,,,,10.4,False,,,,,,,,,,,2026-09-23 08:00:00,,5.5,,,,341,,,,,,,0.0,,25.7,Chiang Mai,,,,0.0,80,,,,,,,,,,,,
,,7.5,,,,,,,0.0,,978.0,,,,,,,,,,,,,0.0,,,,,,7.5,False,,,,,,,,,,,2026-09-23 09:00:00,,7.0,,,,342,,,,,,,0.0,,28.1,Chiang Mai,,,,0.0,70,,,,,,,,,,,,
,,5.6,,,,,,,0.0,,978.2,,,,,,,,,,,,,0.0,,,,,,5.6,False,,,,,,,,,,,2026-09-23 10:00:00,,4.3,,,,358,,,,,,,0.0,,29.6,Chiang Mai,,,,0.0,60,,,,,,,,,,,,
,,6.2,,,,,,,0.1,,977.7,,,,,,,,,,,,,0.0,,,,,,6.2,False,,,,,,,,,,,2026-09-23 11:00:00,,5.6,,,,119,,,,,,,0.0,,30.2,Chiang Mai,,,,0.0,59,,,,,,,,,,,,
,,7.0,,,,,,,0.1,,977.1,,,,,,,,,,,,,0.0,,,,,,7.0,False,,,,,,,,,,,2026-09-23 12:00:00,,7.3,,,,160,,,,,,,0.0,,31.0,Chiang Mai,,,,0.0,56,,,,,,,,,,,,
,,7.5,,,,,,,0.1,,976.4,,,,,,,,,,,,,0.0,,,,,,7.5,False,,,,,,,,,,,2026-09-23 13:00:00,,7.0,,,,167,,,,,,,0.0,,31.9,Chiang Mai,,,,0.0,51,,,,,,,,,,,,
,,7.7,,,,,,,0.1,,975.1,,,,,,,,,,,,,0.0,,,,,,7.7,False,,,,,,,,,,,2026-09-23 14:00:00,,8.5,,,,179,,,,,,,0.0,,31.6,Chiang Mai,,,,0.0,53,,,,,,,,,,,,
,,7.8,,,,,,,0.0,,973.7,,,,,,,,,,,,,0.0,,,,,,7.8,False,,,,,,,,,,,2026-09-23 15:00:00,,8.3,,,,182,,,,,,,0.0,,31.5,Chiang Mai,,,,0.0,54,,,,,,,,,,,,
,,8.0,,,,,,,0.0,,973.5,,,,,,,,,,,,,0.0,,,,,,8.0,False,,,,,,,,,,,2026-09-23 16:00:00,,7.8,,,,185,,,,,,,0.0,,31.3,Chiang Mai,,,,0.0,55,,,,,,,,,,,,
,,8.6,,,,,,,0.0,,973.2,,,,,,,,,,,,,0.0,,,,,,8.6,False,,,,,,,,,,,2026-09-23 17:00:00,,6.5,,,,212,,,,,,,0.0,,30.6,Chiang Mai,,,,0.0,60,,,,,,,,,,,,
,,15.6,,,,,,,0.0,,973.5,,,,,,,,,,,,,0.0,,,,,,15.6,False,,,,,,,,,,,2026-09-23 18:00:00,,4.5,,,,247,,,,,,,0.0,,29.1,Chiang Mai,,,,0.0,70,,,,,,,,,,,,
,,30.9,,,,,,,0.0,,973.8,,,,,,,,,,,,,0.0,,,,,,30.9,False,,,,,,,,,,,2026-09-23 19:00:00,,5.2,,,,192,,,,,,,0.0,,28.9,Chiang Mai,,,,0.0,65,,,,,,,,,,,,
,,34.9,,,,,,,0.0,,975.1,,,,,,,,,,,,,0.0,,,,,,34.9,False,,,,,,,,,,,2026-09-23 20:00:00,,3.7,,,,209,,,,,,,0.0,,28.1,Chiang Mai,,,,0.0,69,,,,,,,,,,,,
,,35.7,,,,,,,0.0,,976.0,,,,,,,,,,,,,0.0,,,,,,35.7,False,,,,,,,,,,,2026-09-23 21:00:00,,0.7,,,,270,,,,,,,0.0,,27.6,Chiang Mai,,,,0.0,71,,,,,,,,,,,,
,,35.5,,,,,,,0.0,,976.7,,,,,,,,,,,,,0.0,,,,,,35.5,False,,,,,,,,,,,2026-09-23 22:00:00,,0.9,,,,323,,,,,,,0.0,,27.0,Chiang Mai,,,,0.0,72,,,,,,,,,,,,
,,34.7,,,,,,,0.0,,977.1,,,,,,,,,,,,,0.0,,,,,,34.7,False,,,,,,,,,,,2026-09-23 23:00:00,,0.4,,,,297,,,,,,,0.0,,26.7,Chiang Mai,,,,0.0,73,,,,,,,,,,,,
,,32.4,,,,,,,0.0,,976.5,,,,,,,,,,,,,0.0,,,,,,32.4,False,,,,,,,,,,,2026-09-24 00:00:00,,0.4,,,,333,,,,,,,0.0,,25.9,Chiang Mai,,,,0.0,75,,,,,,,,,,,,
,,28.9,,,,,,,0.0,,976.3,,,,,,,,,,,,,0.0,,,,,,28.9,False,,,,,,,,,,,2026-09-24 01:00:00,,2.2,,,,351,,,,,,,0.0,,25.1,Chiang Mai,,,,0.0,80,,,,,,,,,,,,
,,25.7,,,,,,,0.0,,975.8,,,,,,,,,,,,,0.0,,,,,,25.7,False,,,,,,,,,,,2026-09-24 02:00:00,,5.0,,,,330,,,,,,,0.0,,24.7,Chiang Mai,,,,0.0,82,,,,,,,,,,,,
,,22.9,,,,,,,0.0,,975.6,,,,,,,,,,,,,0.0,,,,,,22.9,False,,,,,,,,,,,2026-09-24 03:00:00,,5.3,,,,336,,,,,,,0.0,,24.3,Chiang Mai,,,,0.0,84,,,,,,,,,,,,
,,20.4,,,,,,,0.0,,975.7,,,,,,,,,,,,,0.0,,,,,,20.4,False,,,,,,,,,,,2026-09-24 04:00:00,,5.2,,,,335,,,,,,,0.0,,24.0,Chiang Mai,,,,0.0,86,,,,,,,,,,,,
,,18.7,,,,,,,0.0,,975.5,,,,,,,,,,,,,0.0,,,,,,18.7,False,,,,,,,,,,,2026-09-24 05:00:00,,4.0,,,,330,,,,,,,0.0,,23.7,Chiang Mai,,,,0.0,87,,,,,,,,,,,,
,,17.8,,,,,,,0.0,,976.0,,,,,,,,,,,,,0.0,,,,,,17.8,False,,,,,,,,,,,2026-09-24 06:00:00,,4.4,,,,325,,,,,,,0.0,,23.6,Chiang Mai,,,,0.0,86,,,,,,,,,,,,
,,16.4,,,,,,,0.0,,977.0,,,,,,,,,,,,,0.0,,,,,,16.4,False,,,,,,,,,,,2026-09-24 07:00:00,,7.5,,,,323,,,,,,,0.0,,24.2,Chiang Mai,,,,0.0,85,,,,,,,,,,,,
,,17.9,,,,,,,0.0,,977.7,,,,,,,,,,,,,0.0,,,,,,17.9,False,,,,,,,,,,,2026-09-24 08:00:00,,5.1,,,,350,,,,,,,0.0,,26.2,Chiang Mai,,,,0.0,80,,,,,,,,,,,,
,,14.4,,,,,,,0.0,,977.9,,,,,,,,,,,,,0.0,,,,,,14.4,False,,,,,,,,,,,2026-09-24 09:00:00,,5.4,,,,6,,,,,,,0.0,,28.1,Chiang Mai,,,,0.0,73,,,,,,,,,,,,
,,11.4,,,,,,,0.0,,977.7,,,,,,,,,,,,,0.0,,,,,,11.4,False,,,,,,,,,,,2026-09-24 10:00:00,,5.6,,,,2,,,,,,,0.0,,29.8,Chiang Mai,,,,0.0,65,,,,,,,,,,,,
,,10.3,,,,,,,0.1,,977.2,,,,,,,,,,,,,0.0,,,,,,10.3,False,,,,,,,,,,,2026-09-24 11:00:00,,3.6,,,,49,,,,,,,0.0,,30.7,Chiang Mai,,,,0.0,59,,,,,,,,,,,,
,,10.1,,,,,,,0.0,,976.6,,,,,,,,,,,,,0.0,,,,,,10.1,False,,,,,,,,,,,2026-09-24 12:00:00,,3.6,,,,84,,,,,,,0.0,,31.0,Chiang Mai,,,,0.0,58,,,,,,,,,,,,
,,10.1,,,,,,,0.0,,976.2,,,,,,,,,,,,,0.0,,,,,,10.1,False,,,,,,,,,,,2026-09-24 13:00:00,,4.6,,,,103,,,,,,,0.0,,31.6,Chiang Mai,,,,0.0,54,,,,,,,,,,,,
,,10.2,,,,,,,0.0,,974.3,,,,,,,,,,,,,0.0,,,,,,10.2,False,,,,,,,,,,,2026-09-24 14:00:00,,4.7,,,,94,,,,,,,0.0,,31.8,Chiang Mai,,,,0.0,54,,,,,,,,,,,,
,,10.6,,,,,,,0.0,,973.2,,,,,,,,,,,,,0.0,,,,,,10.6,False,,,,,,,,,,,2026-09-24 15:00:00,,7.1,,,,106,,,,,,,0.0,,31.4,Chiang Mai,,,,0.0,56,,,,,,,,,,,,
,,11.0,,,,,,,0.1,,973.1,,,,,,,,,,,,,0.0,,,,,,11.0,False,,,,,,,,,,,2026-09-24 16:00:00,,6.0,,,,106,,,,,,,0.0,,30.8,Chiang Mai,,,,0.0,60,,,,,,,,,,,,
,,12.1,,,,,,,0.1,,973.7,,,,,,,,,,,,,0.0,,,,,,12.1,False,,,,,,,,,,,2026-09-24 17:00:00,,6.3,,,,143,,,,,,,0.0,,30.0,Chiang Mai,,,,0.0,65,,,,,,,,,,,,
,,14.0,,,,,,,0.1,,974.2,,,,,,,,,,,,,0.0,,,,,,14.0,False,,,,,,,,,,,2026-09-24 18:00:00,,4.5,,,,175,,,,,,,0.0,,28.2,Chiang Mai,,,,0.0,78,,,,,,,,,,,,
,,24.3,,,,,,,0.0,,975.0,,,,,,,,,,,,,0.0,,,,,,24.3,False,,,,,,,,,,,2026-09-24 19:00:00,,3.2,,,,227,,,,,,,0.0,,27.1,Chiang Mai,,,,0.0,81,,,,,,,,,,,,
,,23.5,,,,,,,0.0,,975.6,,,,,,,,,,,,,0.0,,,,,,23.5,False,,,,,,,,,,,2026-09-24 20:00:00,,3.1,,,,257,,,,,,,0.0,,26.5,Chiang Mai,,,,0.0,85,,,,,,,,,,,,
,,25.6,,,,,,,0.0,,976.3,,,,,,,,,,,,,0.0,,,,,,25.6,False,,,,,,,,,,,2026-09-24 21:00:00,,1.1,,,,288,,,,,,,0.0,,26.3,Chiang Mai,,,,0.0,86,,,,,,,,,,,,
,,28.5,,,,,,,0.0,,977.0,,,,,,,,,,,,,0.0,,,,,,28.5,False,,,,,,,,,,,2026-09-24 22:00:00,,0.8,,,,315,,,,,,,0.0,,26.0,Chiang Mai,,,,0.0,88,,,,,,,,,,,,
,,29.0,,,,,,,0.0,,977.3,,,,,,,,,,,,,0.0,,,,,,29.0,False,,,,,,,,,,,2026-09-24 23:00:00,,1.5,,,,36,,,,,,,0.0,,25.9,Chiang Mai,,,,0.0,90,,,,,,,,,,,,
,,27.1,,,,,,,0.0,,977.0,,,,,,,,,,,,,0.0,,,,,,27.1,False,,,,,,,,,,,2026-09-25 00:00:00,,1.5,,,,7,,,,,,,0.0,,25.7,Chiang Mai,,,,0.0,91,,,,,,,,,,,,
,,25.8,,,,,,,0.0,,976.8,,,,,,,,,,,,,0.0,,,,,,25.8,False,,,,,,,,,,,2026-09-25 01:00:00,,3.6,,,,351,,,,,,,0.0,,25.1,Chiang Mai,,,,0.0,94,,,,,,,,,,,,
,,25.3,,,,,,,0.0,,976.2,,,,,,,,,,,,,0.0,,,,,,25.3,False,,,,,,,,,,,2026-09-25 02:00:00,,3.4,,,,342,,,,,,,0.0,,24.5,Chiang Mai,,,,0.0,96,,,,,,,,,,,,
,,24.5,,,,,,,0.0,,975.8,,,,,,,,,,,,,0.0,,,,,,24.5,False,,,,,,,,,,,2026-09-25 03:00:00,,2.9,,,,349,,,,,,,0.0,,24.1,Chiang Mai,,,,0.0,96,,,,,,,,,,,,
,,23.2,,,,,,,0.0,,975.5,,,,,,,,,,,,,0.0,,,,,,23.2,False,,,,,,,,,,,2026-09-25 04:00:00,,4.0,,,,339,,,,,,,0.0,,24.0,Chiang Mai,,,,0.0,95,,,,,,,,,,,,
,,20.8,,,,,,,0.0,,975.4,,,,,,,,,,,,,0.0,,,,,,20.8,False,,,,,,,,,,,2026-09-25 05:00:00,,3.4,,,,328,,,,,,,0.0,,23.8,Chiang Mai,,,,0.0,94,,,,,,,,,,,,
,,19.4,,,,,,,0.0,,975.7,,,,,,,,,,,,,0.0,,,,,,19.4,False,,,,,,,,,,,2026-09-25 06:00:00,,2.3,,,,315,,,,,,,0.0,,23.6,Chiang Mai,,,,0.0,93,,,,,,,,,,,,
,,17.3,,,,,,,0.0,,976.4,,,,,,,,,,,,,0.0,,,,,,17.3,False,,,,,,,,,,,2026-09-25 07:00:00,,5.4,,,,334,,,,,,,0.0,,24.9,Chiang Mai,,,,0.0,91,,,,,,,,,,,,
,,15.5,,,,,,,0.0,,977.0,,,,,,,,,,,,,0.0,,,,,,15.5,False,,,,,,,,,,,2026-09-25 08:00:00,,4.7,,,,337,,,,,,,0.0,,26.7,Chiang Mai,,,,0.0,81,,,,,,,,,,,,
,,11.0,,,,,,,0.0,,977.5,,,,,,,,,,,,,0.0,,,,,,11.0,False,,,,,,,,,,,2026-09-25 09:00:00,,2.7,,,,340,,,,,,,0.0,,28.5,Chiang Mai,,,,0.0,72,,,,,,,,,,,,
,,9.1,,,,,,,0.0,,977.7,,,,,,,,,,,,,0.0,,,,,,9.1,False,,,,,,,,,,,2026-09-25 10:00:00,,0.7,,,,104,,,,,,,0.0,,29.9,Chiang Mai,,,,0.0,67,,,,,,,,,,,,
,,8.1,,,,,,,0.0,,977.1,,,,,,,,,,,,,0.0,,,,,,8.1,False,,,,,,,,,,,2026-09-25 11:00:00,,3.8,,,,95,,,,,,,0.0,,30.9,Chiang Mai,,,,0.0,62,,,,,,,,,,,,
,,7.7,,,,,,,0.0,,976.1,,,,,,,,,,,,,0.0,,,,,,7.7,False,,,,,,,,,,,2026-09-25 12:00:00,,3.6,,,,93,,,,,,,0.0,,31.6,Chiang Mai,,,,0.0,57,,,,,,,,,,,,
,,7.9,,,,,,,0.0,,975.2,,,,,,,,,,,,,0.0,,,,,,7.9,False,,,,,,,,,,,2026-09-25 13:00:00,,5.0,,,,105,,,,,,,0.0,,32.1,Chiang Mai,,,,0.0,55,,,,,,,,,,,,
,,8.6,,,,,,,0.1,,973.2,,,,,,,,,,,,,0.0,,,,,,8.6,False,,,,,,,,,,,2026-09-25 14:00:00,,6.0,,,,97,,,,,,,0.0,,32.4,Chiang Mai,,,,0.0,56,,,,,,,,,,,,
,,8.8,,,,,,,0.2,,972.5,,,,,,,,,,,,,0.0,,,,,,8.8,False,,,,,,,,,,,2026-09-25 15:00:00,,4.0,,,,85,,,,,,,0.0,,31.0,Chiang Mai,,,,0.0,61,,,,,,,,,,,,
,,9.7,,,,,,,0.0,,972.7,,,,,,,,,,,,,0.0,,,,,,9.7,False,,,,,,,,,,,2026-09-25 16:00:00,,3.0,,,,123,,,,,,,0.0,,31.4,Chiang Mai,,,,0.0,61,,,,,,,,,,,,
,,10.1,,,,,,,1.8,,973.2,,,,,,,,,,,,,0.0,,,,,,10.1,False,,,,,,,,,,,2026-09-25 17:00:00,,2.6,,,,155,,,,,,,0.0,,27.7,Chiang Mai,,,,0.0,81,,,,,,,,,,,,
,,12.5,,,,,,,0.1,,973.6,,,,,,,,,,,,,0.0,,,,,,12.5,False,,,,,,,,,,,2026-09-25 18:00:00,,5.1,,,,280,,,,,,,0.0,,27.4,Chiang Mai,,,,0.0,84,,,,,,,,,,,,
,,18.1,,,,,,,0.0,,974.0,,,,,,,,,,,,,0.0,,,,,,18.1,False,,,,,,,,,,,2026-09-25 19:00:00,,6.0,,,,229,,,,,,,0.0,,27.6,Chiang Mai,,,,0.0,83,,,,,,,,,,,,
,,21.0,,,,,,,0.0,,974.2,,,,,,,,,,,,,0.0,,,,,,21.0,False,,,,,,,,,,,2026-09-25 20:00:00,,6.6,,,,248,,,,,,,0.0,,27.0,Chiang Mai,,,,0.0,85,,,,,,,,,,,,
,,20.3,,,,,,,0.0,,975.0,,,,,,,,,,,,,0.0,,,,,,20.3,False,,,,,,,,,,,2026-09-25 21:00:00,,1.6,,,,207,,,,,,,0.0,,26.4,Chiang Mai,,,,0.0,89,,,,,,,,,,,,
,,21.5,,,,,,,0.0,,975.8,,,,,,,,,,,,,0.0,,,,,,21.5,False,,,,,,,,,,,2026-09-25 22:00:00,,0.9,,,,169,,,,,,,0.0,,26.1,Chiang Mai,,,,0.0,90,,,,,,,,,,,,
,,21.7,,,,,,,0.0,,976.0,,,,,,,,,,,,,0.0,,,,,,21.7,False,,,,,,,,,,,2026-09-25 23:00:00,,0.3,,,,315,,,,,,,0.0,,26.0,Chiang Mai,,,,0.0,91,,,,,,,,,,,,
,,22.1,,,,,,,0.0,,975.6,,,,,,,,,,,,,0.0,,,,,,22.1,False,,,,,,,,,,,2026-09-26 00:00:00,,0.7,,,,346,,,,,,,0.0,,25.8,Chiang Mai,,,,0.0,91,,,,,,,,,,,,
,,22.4,,,,,,,0.1,,975.0,,,,,,,,,,,,,0.0,,,,,,22.4,False,,,,,,,,,,,2026-09-26 01:00:00,,3.3,,,,351,,,,,,,0.0,,25.5,Chiang Mai,,,,0.0,94,,,,,,,,,,,,
,,17.6,,,,,,,0.1,,974.4,,,,,,,,,,,,,0.0,,,,,,17.6,False,,,,,,,,,,,2026-09-26 02:00:00,,3.4,,,,354,,,,,,,0.0,,25.0,Chiang Mai,,,,0.0,95,,,,,,,,,,,,
,,12.3,,,,,,,1.4,,974.5,,,,,,,,,,,,,0.0,,,,,,12.3,False,,,,,,,,,,,2026-09-26 03:00:00,,3.0,,,,322,,,,,,,0.0,,24.4,Chiang Mai,,,,0.0,97,,,,,,,,,,,,
,,9.1,,,,,,,0.0,,974.2,,,,,,,,,,,,,0.0,,,,,,9.1,False,,,,,,,,,,,2026-09-26 04:00:00,,2.5,,,,330,,,,,,,0.0,,24.4,Chiang Mai,,,,0.0,98,,,,,,,,,,,,
,,7.5,,,,,,,0.0,,974.5,,,,,,,,,,,,,0.0,,,,,,7.5,False,,,,,,,,,,,2026-09-26 05:00:00,,0.8,,,,297,,,,,,,0.0,,24.3,Chiang Mai,,,,0.0,97,,,,,,,,,,,,
,,8.1,,,,,,,0.0,,974.7,,,,,,,,,,,,,0.0,,,,,,8.1,False,,,,,,,,,,,2026-09-26 06:00:00,,1.2,,,,297,,,,,,,0.0,,24.1,Chiang Mai,,,,0.0,98,,,,,,,,,,,,
,,5.2,,,,,,,0.0,,975.5,,,,,,,,,,,,,0.0,,,,,,5.2,False,,,,,,,,,,,2026-09-26 07:00:00,,3.1,,,,10,,,,,,,0.0,,24.6,Chiang Mai,,,,0.0,96,,,,,,,,,,,,
,,6.3,,,,,,,0.0,,976.3,,,,,,,,,,,,,0.0,,,,,,6.3,False,,,,,,,,,,,2026-09-26 08:00:00,,2.1,,,,20,,,,,,,0.0,,25.8,Chiang Mai,,,,0.0,91,,,,,,,,,,,,
,,5.0,,,,,,,0.0,,976.6,,,,,,,,,,,,,0.0,,,,,,5.0,False,,,,,,,,,,,2026-09-26 09:00:00,,2.9,,,,30,,,,,,,0.0,,27.2,Chiang Mai,,,,0.0,85,,,,,,,,,,,,
,,3.3,,,,,,,0.0,,976.4,,,,,,,,,,,,,0.0,,,,,,3.3,False,,,,,,,,,,,2026-09-26 10:00:00,,1.6,,,,6,,,,,,,0.0,,28.9,Chiang Mai,,,,0.0,77,,,,,,,,,,,,
,,2.8,,,,,,,0.0,,976.1,,,,,,,,,,,,,0.0,,,,,,2.8,False,,,,,,,,,,,2026-09-26 11:00:00,,2.1,,,,128,,,,,,,0.0,,30.1,Chiang Mai,,,,0.0,67,,,,,,,,,,,,
,,3.0,,,,,,,0.2,,975.1,,,,,,,,,,,,,0.0,,,,,,3.0,False,,,,,,,,,,,2026-09-26 12:00:00,,3.2,,,,93,,,,,,,0.0,,30.4,Chiang Mai,,,,0.0,67,,,,,,,,,,,,
,,3.3,,,,,,,1.1,,974.0,,,,,,,,,,,,,0.0,,,,,,3.3,False,,,,,,,,,,,2026-09-26 13:00:00,,4.7,,,,88,,,,,,,0.0,,31.1,Chiang Mai,,,,0.0,61,,,,,,,,,,,,
,,3.7,,,,,,,0.1,,972.5,,,,,,,,,,,,,0.0,,,,,,3.7,False,,,,,,,,,,,2026-09-26 14:00:00,,4.0,,,,117,,,,,,,0.0,,30.9,Chiang Mai,,,,0.0,64,,,,,,,,,,,,
,,3.8,,,,,,,0.0,,971.3,,,,,,,,,,,,,0.0,,,,,,3.8,False,,,,,,,,,,,2026-09-26 15:00:00,,4.6,,,,121,,,,,,,0.0,,31.4,Chiang Mai,,,,0.0,64,,,,,,,,,,,,
,,4.2,,,,,,,0.2,,970.7,,,,,,,,,,,,,0.0,,,,,,4.2,False,,,,,,,,,,,2026-09-26 16:00:00,,4.0,,,,172,,,,,,,0.0,,31.1,Chiang Mai,,,,0.0,63,,,,,,,,,,,,
,,5.0,,,,,,,0.2,,971.0,,,,,,,,,,,,,0.0,,,,,,5.0,False,,,,,,,,,,,2026-09-26 17:00:00,,4.8,,,,207,,,,,,,0.0,,30.5,Chiang Mai,,,,0.0,67,,,,,,,,,,,,
,,9.9,,,,,,,0.1,,971.6,,,,,,,,,,,,,0.0,,,,,,9.9,False,,,,,,,,,,,2026-09-26 18:00:00,,7.1,,,,227,,,,,,,0.0,,29.1,Chiang Mai,,,,0.0,74,,,,,,,,,,,,
,,20.1,,,,,,,0.0,,971.8,,,,,,,,,,,,,0.0,,,,,,20.1,False,,,,,,,,,,,2026-09-26 19:00:00,,8.1,,,,185,,,,,,,0.0,,29.0,Chiang Mai,,,,0.0,69,,,,,,,,,,,,
,,24.6,,,,,,,0.0,,972.8,,,,,,,,,,,,,0.0,,,,,,24.6,False,,,,,,,,,,,2026-09-26 20:00:00,,7.1,,,,214,,,,,,,0.0,,27.6,Chiang Mai,,,,0.0,78,,,,,,,,,,,,
,,27.5,,,,,,,0.0,,973.6,,,,,,,,,,,,,0.0,,,,,,27.5,False,,,,,,,,,,,2026-09-26 21:00:00,,4.4,,,,232,,,,,,,0.0,,26.9,Chiang Mai,,,,0.0,81,,,,,,,,,,,,
,,30.4,,,,,,,0.0,,974.2,,,,,,,,,,,,,0.0,,,,,,30.4,False,,,,,,,,,,,2026-09-26 22:00:00,,4.9,,,,234,,,,,,,0.0,,26.8,Chiang Mai,,,,0.0,81,,,,,,,,,,,,
,,32.1,,,,,,,0.0,,974.0,,,,,,,,,,,,,0.0,,,,,,32.1,False,,,,,,,,,,,2026-09-26 23:00:00,,4.6,,,,219,,,,,,,0.0,,26.8,Chiang Mai,,,,0.0,79,,,,,,,,,,,,
,,31.9,,,,,,,0.0,,974.0,,,,,,,,,,,,,0.0,,,,,,31.9,False,,,,,,,,,,,2026-09-27 00:00:00,,5.2,,,,166,,,,,,,0.0,,26.6,Chiang Mai,,,,0.0,80,,,,,,,,,,,,
,,30.5,,,,,,,0.0,,973.3,,,,,,,,,,,,,0.0,,,,,,30.5,False,,,,,,,,,,,2026-09-27 01:00:00,,2.4,,,,167,,,,,,,0.0,,26.3,Chiang Mai,,,,0.0,84,,,,,,,,,,,,
,,28.9,,,,,,,0.0,,972.9,,,,,,,,,,,,,0.0,,,,,,28.9,False,,,,,,,,,,,2026-09-27 02:00:00,,1.0,,,,211,,,,,,,0.0,,25.8,Chiang Mai,,,,0.0,83,,,,,,,,,,,,
,,27.5,,,,,,,0.0,,972.3,,,,,,,,,,,,,0.0,,,,,,27.5,False,,,,,,,,,,,2026-09-27 03:00:00,,0.2,,,,360,,,,,,,0.0,,25.3,Chiang Mai,,,,0.0,83,,,,,,,,,,,,
,,26.8,,,,,,,0.0,,972.2,,,,,,,,,,,,,0.0,,,,,,26.8,False,,,,,,,,,,,2026-09-27 04:00:00,,2.3,,,,337,,,,,,,0.0,,24.4,Chiang Mai,,,,0.0,89,,,,,,,,,,,,
,,28.1,,,,,,,0.1,,972.1,,,,,,,,,,,,,0.0,,,,,,28.1,False,,,,,,,,,,,2026-09-27 05:00:00,,2.6,,,,326,,,,,,,0.0,,24.2,Chiang Mai,,,,0.0,92,,,,,,,,,,,,
,,27.8,,,,,,,0.2,,972.5,,,,,,,,,,,,,0.0,,,,,,27.8,False,,,,,,,,,,,2026-09-27 06:00:00,,1.4,,,,310,,,,,,,0.0,,23.9,Chiang Mai,,,,0.0,95,,,,,,,,,,,,
,,21.9,,,,,,,0.4,,973.4,,,,,,,,,,,,,0.0,,,,,,21.9,False,,,,,,,,,,,2026-09-27 07:00:00,,0.8,,,,315,,,,,,,0.0,,25.0,Chiang Mai,,,,0.0,89,,,,,,,,,,,,
,,15.0,,,,,,,0.0,,974.2,,,,,,,,,,,,,0.0,,,,,,15.0,False,,,,,,,,,,,2026-09-27 08:00:00,,0.4,,,,360,,,,,,,0.0,,26.8,Chiang Mai,,,,0.0,79,,,,,,,,,,,,
,,8.6,,,,,,,0.0,,974.5,,,,,,,,,,,,,0.0,,,,,,8.6,False,,,,,,,,,,,2026-09-27 09:00:00,,2.3,,,,86,,,,,,,0.0,,28.3,Chiang Mai,,,,0.0,69,,,,,,,,,,,,
,,6.1,,,,,,,0.1,,974.6,,,,,,,,,,,,,0.0,,,,,,6.1,False,,,,,,,,,,,2026-09-27 10:00:00,,5.5,,,,101,,,,,,,0.0,,29.2,Chiang Mai,,,,0.0,64,,,,,,,,,,,,
,,5.0,,,,,,,0.1,,974.1,,,,,,,,,,,,,0.0,,,,,,5.0,False,,,,,,,,,,,2026-09-27 11:00:00,,6.5,,,,113,,,,,,,0.0,,30.0,Chiang Mai,,,,0.0,61,,,,,,,,,,,,
,,4.7,,,,,,,0.2,,973.0,,,,,,,,,,,,,0.0,,,,,,4.7,False,,,,,,,,,,,2026-09-27 12:00:00,,7.6,,,,128,,,,,,,0.0,,30.8,Chiang Mai,,,,0.0,58,,,,,,,,,,,,
,,4.1,,,,,,,0.1,,972.6,,,,,,,,,,,,,0.0,,,,,,4.1,False,,,,,,,,,,,2026-09-27 13:00:00,,3.6,,,,84,,,,,,,0.0,,31.2,Chiang Mai,,,,0.0,54,,,,,,,,,,,,
,,3.7,,,,,,,0.1,,970.9,,,,,,,,,,,,,0.0,,,,,,3.7,False,,,,,,,,,,,2026-09-27 14:00:00,,2.0,,,,117,,,,,,,0.0,,31.6,Chiang Mai,,,,0.0,54,,,,,,,,,,,,
,,4.0,,,,,,,0.0,,969.9,,,,,,,,,,,,,0.0,,,,,,4.0,False,,,,,,,,,,,2026-09-27 15:00:00,,3.7,,,,104,,,,,,,0.0,,31.8,Chiang Mai,,,,0.0,53,,,,,,,,,,,,
,,4.2,,,,,,,0.0,,969.3,,,,,,,,,,,,,0.0,,,,,,4.2,False,,,,,,,,,,,2026-09-27 16:00:00,,6.3,,,,127,,,,,,,0.0,,31.6,Chiang Mai,,,,0.0,53,,,,,,,,,,,,
,,4.8,,,,,,,0.0,,969.8,,,,,,,,,,,,,0.0,,,,,,4.8,False,,,,,,,,,,,2026-09-27 17:00:00,,10.6,,,,140,,,,,,,0.0,,30.6,Chiang Mai,,,,0.0,60,,,,,,,,,,,,
,,7.2,,,,,,,0.1,,970.7,,,,,,,,,,,,,0.0,,,,,,7.2,False,,,,,,,,,,,2026-09-27 18:00:00,,15.6,,,,161,,,,,,,0.0,,28.1,Chiang Mai,,,,0.0,70,,,,,,,,,,,,
,,10.6,,,,,,,0.3,,971.5,,,,,,,,,,,,,0.0,,,,,,10.6,False,,,,,,,,,,,2026-09-27 19:00:00,,13.0,,,,190,,,,,,,0.0,,26.6,Chiang Mai,,,,0.0,83,,,,,,,,,,,,
,,9.6,,,,,,,0.1,,972.5,,,,,,,,,,,,,0.0,,,,,,9.6,False,,,,,,,,,,,2026-09-27 20:00:00,,10.3,,,,218,,,,,,,0.0,,25.8,Chiang Mai,,,,0.0,86,,,,,,,,,,,,
,,7.5,,,,,,,0.6,,972.9,,,,,,,,,,,,,0.0,,,,,,7.5,False,,,,,,,,,,,2026-09-27 21:00:00,,6.0,,,,243,,,,,,,0.0,,25.7,Chiang Mai,,,,0.0,88,,,,,,,,,,,,
,,6.9,,,,,,,0.0,,973.4,,,,,,,,,,,,,0.0,,,,,,6.9,False,,,,,,,,,,,2026-09-27 22:00:00,,5.5,,,,224,,,,,,,0.0,,25.5,Chiang Mai,,,,0.0,88,,,,,,,,,,,,
,,6.1,,,,,,,0.5,,973.8,,,,,,,,,,,,,0.0,,,,,,6.1,False,,,,,,,,,,,2026-09-27 23:00:00,,10.0,,,,188,,,,,,,0.0,,24.6,Chiang Mai,,,,0.0,91,,,,,,,,,,,,
,,5.3,,,,,,,0.4,,973.8,,,,,,,,,,,,,0.0,,,,,,5.3,False,,,,,,,,,,,2026-09-28 00:00:00,,7.0,,,,235,,,,,,,0.0,,23.8,Chiang Mai,,,,0.0,94,,,,,,,,,,,,
,,4.6,,,,,,,0.2,,973.1,,,,,,,,,,,,,0.0,,,,,,4.6,False,,,,,,,,,,,2026-09-28 01:00:00,,4.6,,,,225,,,,,,,0.0,,24.4,Chiang Mai,,,,0.0,94,,,,,,,,,,,,
,,4.0,,,,,,,0.0,,972.9,,,,,,,,,,,,,0.0,,,,,,4.0,False,,,,,,,,,,,2026-09-28 02:00:00,,4.8,,,,222,,,,,,,0.0,,24.1,Chiang Mai,,,,0.0,94,,,,,,,,,,,,
,,3.3,,,,,,,0.0,,972.8,,,,,,,,,,,,,0.0,,,,,,3.3,False,,,,,,,,,,,2026-09-28 03:00:00,,2.6,,,,254,,,,,,,0.0,,24.0,Chiang Mai,,,,0.0,94,,,,,,,,,,,,
,,3.2,,,,,,,0.0,,972.4,,,,,,,,,,,,,0.0,,,,,,3.2,False,,,,,,,,,,,2026-09-28 04:00:00,,2.2,,,,305,,,,,,,0.0,,23.8,Chiang Mai,,,,0.0,94,,,,,,,,,,,,
,,3.0,,,,,,,0.0,,972.2,,,,,,,,,,,,,0.0,,,,,,3.0,False,,,,,,,,,,,2026-09-28 05:00:00,,2.8,,,,315,,,,,,,0.0,,23.6,Chiang Mai,,,,0.0,96,,,,,,,,,,,,
,,3.2,,,,,,,0.0,,972.6,,,,,,,,,,,,,0.0,,,,,,3.2,False,,,,,,,,,,,2026-09-28 06:00:00,,2.4,,,,324,,,,,,,0.0,,23.6,Chiang Mai,,,,0.0,95,,,,,,,,,,,,
,,7.0,,,,,,,0.5,,973.5,,,,,,,,,,,,,0.0,,,,,,7.0,False,,,,,,,,,,,2026-09-28 07:00:00,,3.3,,,,324,,,,,,,0.0,,24.4,Chiang Mai,,,,0.0,92,,,,,,,,,,,,
,,7.9,,,,,,,0.0,,974.1,,,,,,,,,,,,,0.0,,,,,,7.9,False,,,,,,,,,,,2026-09-28 08:00:00,,1.3,,,,45,,,,,,,0.0,,25.6,Chiang Mai,,,,0.0,81,,,,,,,,,,,,
,,6.2,,,,,,,0.0,,974.8,,,,,,,,,,,,,0.0,,,,,,6.2,False,,,,,,,,,,,2026-09-28 09:00:00,,1.7,,,,72,,,,,,,0.0,,26.8,Chiang Mai,,,,0.0,76,,,,,,,,,,,,
,,5.7,,,,,,,0.0,,975.2,,,,,,,,,,,,,0.0,,,,,,5.7,False,,,,,,,,,,,2026-09-28 10:00:00,,2.5,,,,86,,,,,,,0.0,,27.9,Chiang Mai,,,,0.0,72,,,,,,,,,,,,
,,4.5,,,,,,,0.1,,974.9,,,,,,,,,,,,,0.0,,,,,,4.5,False,,,,,,,,,,,2026-09-28 11:00:00,,11.3,,,,117,,,,,,,0.0,,28.1,Chiang Mai,,,,0.0,70,,,,,,,,,,,,
,,3.6,,,,,,,1.0,,974.5,,,,,,,,,,,,,0.0,,,,,,3.6,False,,,,,,,,,,,2026-09-28 12:00:00,,11.4,,,,152,,,,,,,0.0,,26.6,Chiang Mai,,,,0.0,78,,,,,,,,,,,,
,,3.9,,,,,,,0.8,,974.7,,,,,,,,,,,,,0.0,,,,,,3.9,False,,,,,,,,,,,2026-09-28 13:00:00,,9.4,,,,132,,,,,,,0.0,,25.8,Chiang Mai,,,,0.0,85,,,,,,,,,,,,
,,5.5,,,,,,,2.3,,973.9,,,,,,,,,,,,,0.0,,,,,,5.5,False,,,,,,,,,,,2026-09-28 14:00:00,,4.1,,,,178,,,,,,,0.0,,25.1,Chiang Mai,,,,0.0,88,,,,,,,,,,,,
,,4.8,,,,,,,1.7,,973.5,,,,,,,,,,,,,0.0,,,,,,4.8,False,,,,,,,,,,,2026-09-28 15:00:00,,3.7,,,,227,,,,,,,0.0,,24.4,Chiang Mai,,,,0.0,88,,,,,,,,,,,,
,,5.4,,,,,,,1.9,,973.2,,,,,,,,,,,,,0.0,,,,,,5.4,False,,,,,,,,,,,2026-09-28 16:00:00,,3.6,,,,87,,,,,,,0.0,,24.8,Chiang Mai,,,,0.0,87,,,,,,,,,,,,
,,7.2,,,,,,,1.5,,973.1,,,,,,,,,,,,,0.0,,,,,,7.2,False,,,,,,,,,,,2026-09-28 17:00:00,,6.1,,,,95,,,,,,,0.0,,24.6,Chiang Mai,,,,0.0,87,,,,,,,,,,,,
,,7.0,,,,,,,3.1,,973.4,,,,,,,,,,,,,0.0,,,,,,7.0,False,,,,,,,,,,,2026-09-28 18:00:00,,5.6,,,,90,,,,,,,0.0,,24.0,Chiang Mai,,,,0.0,87,,,,,,,,,,,,
,,7.6,,,,,,,1.9,,974.3,,,,,,,,,,,,,0.0,,,,,,7.6,False,,,,,,,,,,,2026-09-28 19:00:00,,5.4,,,,96,,,,,,,0.0,,23.7,Chiang Mai,,,,0.0,89,,,,,,,,,,,,
,,6.0,,,,,,,1.8,,975.1,,,,,,,,,,,,,0.0,,,,,,6.0,False,,,,,,,,,,,2026-09-28 20:00:00,,3.6,,,,96,,,,,,,0.0,,23.6,Chiang Mai,,,,0.0,90,,,,,,,,,,,,
,,4.6,,,,,,,1.6,,975.8,,,,,,,,,,,,,0.0,,,,,,4.6,False,,,,,,,,,,,2026-09-28 21:00:00,,2.7,,,,82,,,,,,,0.0,,23.4,Chiang Mai,,,,0.0,91,,,,,,,,,,,,
,,2.6,,,,,,,3.2,,976.5,,,,,,,,,,,,,0.0,,,,,,2.6,False,,,,,,,,,,,2026-09-28 22:00:00,,4.3,,,,75,,,,,,,0.0,,23.3,Chiang Mai,,,,0.0,91,,,,,,,,,,,,
,,2.1,,,,,,,2.0,,976.9,,,,,,,,,,,,,0.0,,,,,,2.1,False,,,,,,,,,,,2026-09-28 23:00:00,,2.8,,,,72,,,,,,,0.0,,23.2,Chiang Mai,,,,0.0,92,,,,,,,,,,,,
,,2.1,,,,,,,1.6,,976.8,,,,,,,,,,,,,0.0,,,,,,2.1,False,,,,,,,,,,,2026-09-29 00:00:00,,3.9,,,,106,,,,,,,0.0,,23.2,Chiang Mai,,,,0.0,92,,,,,,,,,,,,
,,1.9,,,,,,,1.5,,976.5,,,,,,,,,,,,,0.0,,,,,,1.9,False,,,,,,,,,,,2026-09-29 01:00:00,,3.3,,,,9,,,,,,,0.0,,23.0,Chiang Mai,,,,0.0,94,,,,,,,,,,,,
,,1.5,,,,,,,1.5,,975.7,,,,,,,,,,,,,0.0,,,,,,1.5,False,,,,,,,,,,,2026-09-29 02:00:00,,2.8,,,,15,,,,,,,0.0,,23.0,Chiang Mai,,,,0.0,94,,,,,,,,,,,,
,,1.2,,,,,,,2.8,,975.2,,,,,,,,,,,,,0.0,,,,,,1.2,False,,,,,,,,,,,2026-09-29 03:00:00,,4.6,,,,64,,,,,,,0.0,,23.0,Chiang Mai,,,,0.0,93,,,,,,,,,,,,
,,1.4,,,,,,,2.6,,975.2,,,,,,,,,,,,,0.0,,,,,,1.4,False,,,,,,,,,,,2026-09-29 04:00:00,,7.3,,,,155,,,,,,,0.0,,23.2,Chiang Mai,,,,0.0,93,,,,,,,,,,,,
,,1.7,,,,,,,4.4,,975.2,,,,,,,,,,,,,0.0,,,,,,1.7,False,,,,,,,,,,,2026-09-29 05:00:00,,4.2,,,,149,,,,,,,0.0,,23.3,Chiang Mai,,,,0.0,93,,,,,,,,,,,,
,,2.1,,,,,,,1.1,,975.8,,,,,,,,,,,,,0.0,,,,,,2.1,False,,,,,,,,,,,2026-09-29 06:00:00,,9.7,,,,169,,,,,,,0.0,,23.1,Chiang Mai,,,,0.0,94,,,,,,,,,,,,
,,3.7,,,,,,,0.1,,976.8,,,,,,,,,,,,,0.0,,,,,,3.7,False,,,,,,,,,,,2026-09-29 07:00:00,,8.8,,,,178,,,,,,,0.0,,23.3,Chiang Mai,,,,0.0,93,,,,,,,,,,,,
,,5.8,,,,,,,0.8,,977.6,,,,,,,,,,,,,0.0,,,,,,5.8,False,,,,,,,,,,,2026-09-29 08:00:00,,10.7,,,,175,,,,,,,0.0,,23.5,Chiang Mai,,,,0.0,92,,,,,,,,,,,,
,,5.8,,,,,,,2.0,,978.4,,,,,,,,,,,,,0.0,,,,,,5.8,False,,,,,,,,,,,2026-09-29 09:00:00,,8.1,,,,186,,,,,,,0.0,,24.2,Chiang Mai,,,,0.0,92,,,,,,,,,,,,
,,6.1,,,,,,,0.1,,978.3,,,,,,,,,,,,,0.0,,,,,,6.1,False,,,,,,,,,,,2026-09-29 10:00:00,,8.5,,,,176,,,,,,,0.0,,25.8,Chiang Mai,,,,0.0,83,,,,,,,,,,,,
,,6.4,,,,,,,2.2,,977.9,,,,,,,,,,,,,0.0,,,,,,6.4,False,,,,,,,,,,,2026-09-29 11:00:00,,12.2,,,,151,,,,,,,0.0,,25.2,Chiang Mai,,,,0.0,84,,,,,,,,,,,,
,,4.8,,,,,,,9.0,,977.3,,,,,,,,,,,,,0.0,,,,,,4.8,False,,,,,,,,,,,2026-09-29 12:00:00,,13.7,,,,170,,,,,,,0.0,,24.9,Chiang Mai,,,,0.0,86,,,,,,,,,,,,
,,4.2,,,,,,,1.5,,977.7,,,,,,,,,,,,,0.0,,,,,,4.2,False,,,,,,,,,,,2026-09-29 13:00:00,,9.8,,,,167,,,,,,,0.0,,24.8,Chiang Mai,,,,0.0,88,,,,,,,,,,,,
,,5.3,,,,,,,0.1,,976.2,,,,,,,,,,,,,0.0,,,,,,5.3,False,,,,,,,,,,,2026-09-29 14:00:00,,8.3,,,,166,,,,,,,0.0,,26.9,Chiang Mai,,,,0.0,79,,,,,,,,,,,,
,,5.7,,,,,,,0.1,,975.3,,,,,,,,,,,,,0.0,,,,,,5.7,False,,,,,,,,,,,2026-09-29 15:00:00,,8.8,,,,163,,,,,,,0.0,,27.4,Chiang Mai,,,,0.0,77,,,,,,,,,,,,
,,6.2,,,,,,,7.1,,974.7,,,,,,,,,,,,,0.0,,,,,,6.2,False,,,,,,,,,,,2026-09-29 16:00:00,,14.7,,,,152,,,,,,,0.0,,25.9,Chiang Mai,,,,0.0,85,,,,,,,,,,,,
,,7.4,,,,,,,7.9,,975.5,,,,,,,,,,,,,0.0,,,,,,7.4,False,,,,,,,,,,,2026-09-29 17:00:00,,7.3,,,,222,,,,,,,0.0,,24.5,Chiang Mai,,,,0.0,94,,,,,,,,,,,,
,,8.8,,,,,,,2.7,,975.4,,,,,,,,,,,,,0.0,,,,,,8.8,False,,,,,,,,,,,2026-09-29 18:00:00,,4.1,,,,247,,,,,,,0.0,,24.3,Chiang Mai,,,,0.0,93,,,,,,,,,,,,
,,13.1,,,,,,,1.9,,976.0,,,,,,,,,,,,,0.0,,,,,,13.1,False,,,,,,,,,,,2026-09-29 19:00:00,,4.4,,,,215,,,,,,,0.0,,24.6,Chiang Mai,,,,0.0,93,,,,,,,,,,,,
,,14.5,,,,,,,0.1,,976.6,,,,,,,,,,,,,0.0,,,,,,14.5,False,,,,,,,,,,,2026-09-29 20:00:00,,2.6,,,,254,,,,,,,0.0,,24.3,Chiang Mai,,,,0.0,92,,,,,,,,,,,,
,,15.3,,,,,,,0.2,,977.5,,,,,,,,,,,,,0.0,,,,,,15.3,False,,,,,,,,,,,2026-09-29 21:00:00,,2.2,,,,284,,,,,,,0.0,,24.2,Chiang Mai,,,,0.0,90,,,,,,,,,,,,
,,16.4,,,,,,,0.1,,978.0,,,,,,,,,,,,,0.0,,,,,,16.4,False,,,,,,,,,,,2026-09-29 22:00:00,,2.3,,,,293,,,,,,,0.0,,24.1,Chiang Mai,,,,0.0,90,,,,,,,,,,,,
,,16.8,,,,,,,0.1,,978.3,,,,,,,,,,,,,0.0,,,,,,16.8,False,,,,,,,,,,,2026-09-29 23:00:00,,3.7,,,,309,,,,,,,0.0,,23.7,Chiang Mai,,,,0.0,92,,,,,,,,,,,,
,,18.3,,,,,,,0.0,,978.0,,,,,,,,,,,,,0.0,,,,,,18.3,False,,,,,,,,,,,2026-09-30 00:00:00,,2.6,,,,304,,,,,,,0.0,,23.5,Chiang Mai,,,,0.0,93,,,,,,,,,,,,
,,17.5,,,,,,,0.1,,977.7,,,,,,,,,,,,,0.0,,,,,,17.5,False,,,,,,,,,,,2026-09-30 01:00:00,,1.4,,,,310,,,,,,,0.0,,23.9,Chiang Mai,,,,0.0,91,,,,,,,,,,,,
,,13.1,,,,,,,0.0,,977.3,,,,,,,,,,,,,0.0,,,,,,13.1,False,,,,,,,,,,,2026-09-30 02:00:00,,0.7,,,,360,,,,,,,0.0,,23.8,Chiang Mai,,,,0.0,89,,,,,,,,,,,,
,,9.8,,,,,,,0.8,,977.0,,,,,,,,,,,,,0.0,,,,,,9.8,False,,,,,,,,,,,2026-09-30 03:00:00,,2.3,,,,337,,,,,,,0.0,,23.2,Chiang Mai,,,,0.0,95,,,,,,,,,,,,
,,8.5,,,,,,,0.5,,977.1,,,,,,,,,,,,,0.0,,,,,,8.5,False,,,,,,,,,,,2026-09-30 04:00:00,,1.7,,,,302,,,,,,,0.0,,23.4,Chiang Mai,,,,0.0,93,,,,,,,,,,,,
,,7.8,,,,,,,0.1,,977.1,,,,,,,,,,,,,0.0,,,,,,7.8,False,,,,,,,,,,,2026-09-30 05:00:00,,2.3,,,,293,,,,,,,0.0,,23.2,Chiang Mai,,,,0.0,92,,,,,,,,,,,,
,,7.5,,,,,,,0.2,,977.5,,,,,,,,,,,,,0.0,,,,,,7.5,False,,,,,,,,,,,2026-09-30 06:00:00,,2.4,,,,279,,,,,,,0.0,,23.0,Chiang Mai,,,,0.0,92,,,,,,,,,,,,
,,7.1,,,,,,,0.1,,978.2,,,,,,,,,,,,,0.0,,,,,,7.1,False,,,,,,,,,,,2026-09-30 07:00:00,,3.1,,,,273,,,,,,,0.0,,23.5,Chiang Mai,,,,0.0,92,,,,,,,,,,,,
,,6.5,,,,,,,0.2,,979.0,,,,,,,,,,,,,0.0,,,,,,6.5,False,,,,,,,,,,,2026-09-30 08:00:00,,1.3,,,,196,,,,,,,0.0,,24.1,Chiang Mai,,,,0.0,90,,,,,,,,,,,,
,,6.3,,,,,,,0.0,,979.9,,,,,,,,,,,,,0.0,,,,,,6.3,False,,,,,,,,,,,2026-09-30 09:00:00,,2.4,,,,163,,,,,,,0.0,,25.4,Chiang Mai,,,,0.0,86,,,,,,,,,,,,
,,5.8,,,,,,,0.0,,980.0,,,,,,,,,,,,,0.0,,,,,,5.8,False,,,,,,,,,,,2026-09-30 10:00:00,,3.4,,,,164,,,,,,,0.0,,26.6,Chiang Mai,,,,0.0,80,,,,,,,,,,,,
10.416666666666666,6.2,0.0,0.0,6.833333333333332,7.8,-0.9205048534524404,9.7125,35.7,0.1,0.0,979.7,0.0,0.0,5.0,-0.2999999999999998,0.0,-0.9659258262890682,-0.20129852008866114,0.0,0.0,0.39073112848927377,18.3,-0.5,0.0,0.0,9.150259261007351,-1.0,4.5,0.6968181653455624,,True,0.258819045102521,7.8,6.5,0.0,0.0,0.0,0.9795299412524943,6.4,0.0,0.0,2026-09-30 11:00:00,0.0,5.1,0.0,6.3,0.0,157,21.587774223034735,-6.0,-1.8369701987210297e-16,0.29439202887759497,4.511805502112086,16.8,0.0,4.472817205073331,27.4,Chiang Mai,5.8,4.462342434193055,-10.0,0.0,74,12.420833333333333,6.5,0.0,0.0,0.0,0.0,6.8999999999999995,2026.0,0.09531017980432487,18.3,0.0,18.3
9.016666666666666,4.033333333333333,0.0,0.0,5.533333333333334,7.5,-0.9876883405951377,9.445833333333333,35.7,0.1,0.0,978.6,0.0,0.0,4.7,-6.4,0.0,-1.0,-0.20129852008866114,0.0,0.0,0.15643446504023098,18.3,-5.8,0.0,0.0,9.187700955736469,-1.0,3.6,2.5342103744997617,,True,1.2246467991473532e-16,7.5,6.3,0.0,0.0,0.0,0.9795299412524943,4.8,0.0,0.0,2026-09-30 12:00:00,0.0,6.7,0.0,5.8,0.0,171,21.587774223034735,-3.0,-1.8369701987210297e-16,2.8592928418676453,4.903371855729031,18.3,0.0,4.838214130464073,27.9,Chiang Mai,0.0,4.5580243458652125,-15.0,0.0,71,12.383928571428571,6.3,0.0,0.0,0.0,0.0,6.806249999999999,2026.0,0.09531017980432487,18.3,0.0,18.3
7.491666666666667,1.9333333333333333,0.0,0.0,4.283333333333333,7.1,-0.992546151641322,9.245833333333332,35.7,0.1,0.0,977.6,0.0,0.0,4.1,-4.8,0.0,-0.9659258262890683,-0.20129852008866114,0.0,0.0,0.12186934340514755,18.3,0.0,0.0,0.0,9.22780798033217,-1.0,3.9,3.052549025905326,,True,-0.2588190451025208,7.1,5.8,0.0,0.0,0.0,0.9795299412524943,4.2,0.0,0.0,2026-09-30 13:00:00,0.0,7.4,0.0,0.0,0.0,173,21.587774223034735,1.0,-1.8369701987210297e-16,2.7341462205879834,4.61635829295007,17.5,0.0,5.1172892536533015,28.4,Chiang Mai,0.0,4.639062236864257,-16.0,0.0,72,12.342261904761905,5.8,0.0,0.0,0.0,0.0,6.73125,2026.0,0.09531017980432487,17.5,0.0,18.3
6.033333333333332,0.0,0.0,0.0,3.1,6.5,-0.984807753012208,9.070833333333333,35.7,0.1,0.0,976.6,0.0,0.0,3.7,-4.2,0.0,-0.8660254037844388,-0.20129852008866114,0.0,0.0,0.17364817766693028,18.3,0.0,0.0,0.0,9.269175442221645,-1.0,5.5,3.1069813860616113,,True,-0.4999999999999997,6.5,0.0,0.0,0.0,0.0,0.9795299412524943,5.3,0.0,0.0,2026-09-30 14:00:00,0.0,8.0,0.0,0.0,0.0,170,21.587774223034735,-2.0,-1.8369701987210297e-16,0.0,3.9387674326988247,13.1,0.0,5.353229489964186,29.2,Chiang Mai,0.0,4.721361032583719,-9.0,0.0,70,12.297619047619047,0.0,0.0,0.0,0.0,0.0,6.6499999999999995,2026.0,0.09531017980432487,13.1,0.0,18.3
4.941666666666666,0.0,0.0,0.0,2.0166666666666666,6.3,-0.9271838545667874,8.85,35.7,2.2,0.0,975.8,0.0,0.0,4.0,-5.3,0.0,-0.7071067811865479,-0.20129852008866114,0.0,0.0,-0.374606593415912,18.3,0.0,0.0,0.0,9.310739914937235,-1.0,4.8,2.8556474261053695,,True,-0.7071067811865471,6.3,0.0,0.0,0.0,0.0,0.9795299412524943,5.7,0.0,0.0,2026-09-30 15:00:00,0.0,11.1,0.0,0.0,0.0,202,21.587774223034735,17.0,-1.8369701987210297e-16,0.0,3.6323679910248936,9.8,0.0,5.607509845436445,26.5,Chiang Mai,0.0,4.813716927668495,10.0,0.0,87,12.251785714285715,0.0,0.0,0.0,0.0,0.0,6.535416666666666,2026.0,1.1631508098056809,9.8,0.0,18.3
4.125,0.0,0.0,0.0,0.9666666666666667,5.8,-0.984807753012208,8.612499999999999,35.7,0.2,0.0,975.1,0.0,0.0,4.2,-5.7,0.0,-0.5000000000000004,-0.20129852008866114,0.0,0.0,0.17364817766693028,18.3,0.0,0.0,0.0,9.352178629097297,-1.0,5.4,2.1615323782497966,,True,-0.8660254037844384,5.8,0.0,0.0,0.0,0.0,0.9795299412524943,6.2,0.0,0.0,2026-09-30 16:00:00,0.0,4.2,0.0,0.0,0.0,170,21.587774223034735,-1.0,-1.8369701987210297e-16,0.0,3.5489728560998226,8.5,0.0,5.851304163745606,26.7,Chiang Mai,0.0,4.897851977454562,1.0,0.0,86,12.205357142857142,0.0,0.0,0.0,0.0,0.0,6.435416666666666,2026.0,0.18232155679395462,8.5,0.0,18.3
3.4166666666666665,0.0,0.0,0.0,0.0,0.0,-0.5299192642332048,8.354166666666666,35.7,0.0,0.0,974.7,0.0,0.0,4.8,-6.2,0.0,-0.25881904510252063,-0.20129852008866114,0.0,0.0,0.8480480961564261,18.3,0.0,0.0,0.0,9.393744733698169,-1.0,7.2,0.0,,True,-0.9659258262890683,0.0,0.0,0.0,0.0,0.0,0.9795299412524943,7.4,0.0,0.0,2026-09-30 17:00:00,0.0,2.7,0.0,0.0,0.0,122,21.587774223034735,-1.0,-1.8369701987210297e-16,0.0,3.452012295587733,7.8,0.0,6.08433638990774,26.8,Chiang Mai,0.0,4.981642951181422,-9.0,0.0,85,12.157738095238097,0.0,0.0,0.0,0.0,0.0,6.322916666666667,2026.0,0.0,7.8,0.0,18.3
2.766666666666666,0.0,0.0,0.0,0.0,0.0,0.4539904997395468,8.045833333333333,35.7,0.0,0.0,975.1,0.0,0.0,7.2,-7.4,0.0,-1.8369701987210297e-16,-0.20129852008866114,0.0,0.0,0.8910065241883678,18.3,0.0,0.0,0.0,9.436328860673523,-1.0,7.0,0.0,,True,-1.0,0.0,0.0,0.0,0.0,0.0,0.9795299412524943,8.8,0.0,0.0,2026-09-30 18:00:00,0.0,2.4,0.0,0.0,0.0,63,21.587774223034735,4.0,-1.8369701987210297e-16,0.0,3.2962942155632216,7.5,0.0,6.308260402484631,26.1,Chiang Mai,0.0,5.060745151956929,-4.0,0.0,89,12.106547619047618,0.0,0.0,0.0,0.0,0.0,6.172916666666667,2026.0,0.0,7.5,0.0,18.3
2.1416666666666666,0.0,0.0,0.0,0.0,0.0,0.9876883405951378,7.679166666666667,35.7,0.0,0.0,976.0,0.0,0.0,10.6,-8.8,0.0,0.2588190451025203,-0.20129852008866114,0.0,0.0,0.15643446504023087,18.3,0.0,0.0,0.0,9.47815738067091,-1.0,7.6,0.0,,True,-0.9659258262890684,0.0,0.0,0.0,0.0,0.0,0.9795299412524943,13.1,0.0,0.0,2026-09-30 19:00:00,0.0,2.4,0.0,0.0,0.0,9,21.587774223034735,4.0,-1.8369701987210297e-16,0.0,3.0406847730221704,7.1,0.0,6.506405764492576,25.3,Chiang Mai,0.0,5.1351216953825825,0.0,0.0,93,12.013690476190476,0.0,0.0,0.0,0.0,0.0,6.027083333333334,2026.0,0.0,7.1,0.0,18.3
1.55,0.0,0.0,0.0,0.0,0.0,0.9271838545667873,7.133333333333333,35.7,0.0,0.0,977.4,0.0,0.0,9.6,-13.1,0.0,0.5000000000000001,-0.20129852008866114,0.0,0.0,-0.37460659341591235,18.3,0.0,0.0,0.0,9.409440292067183,-1.0,6.0,0.0,,True,-0.8660254037844386,0.0,0.0,0.0,0.0,0.0,0.9795299412524943,14.5,0.0,0.0,2026-09-30 20:00:00,0.0,3.3,0.0,0.0,0.0,338,21.587774223034735,0.0,-1.8369701987210297e-16,0.0,2.688710967483613,6.5,0.0,6.577845814212702,25.3,Chiang Mai,0.0,5.200927651631004,1.0,0.0,93,11.829761904761904,0.0,0.0,0.0,0.0,0.0,5.868750000000001,2026.0,0.0,6.5,0.0,18.3
1.0083333333333333,0.0,0.0,0.0,0.0,0.0,0.848048096156426,6.529166666666666,35.7,0.0,0.0,978.4,0.0,0.0,7.5,-14.5,0.0,0.7071067811865474,-0.20129852008866114,0.0,0.0,-0.529919264233205,18.3,0.0,0.0,0.0,9.282205361894633,-1.0,4.6,0.0,,True,-0.7071067811865477,0.0,0.0,0.0,0.0,0.0,0.9795299412524943,15.3,0.0,0.0,2026-09-30 21:00:00,0.0,2.7,0.0,0.0,0.0,328,21.587774223034735,1.0,-1.8369701987210297e-16,0.0,2.257010682788679,6.3,0.0,6.539271058170186,24.9,Chiang Mai,0.0,5.267941812273556,4.0,0.0,94,11.62202380952381,0.0,0.0,0.0,0.0,0.0,5.7437499999999995,2026.0,0.0,6.3,0.0,18.3
0.48333333333333334,0.0,0.0,0.0,0.0,0.0,0.10452846326765299,5.891666666666667,35.5,0.0,0.0,978.9,0.0,0.0,6.9,-15.3,0.0,0.8660254037844384,-0.20129852008866114,0.0,0.0,-0.9945218953682734,18.3,0.0,0.0,0.0,9.136043468013552,-1.0,2.6,0.0,,True,-0.5000000000000004,0.0,0.0,0.0,0.0,0.0,0.9795299412524943,16.4,0.0,0.0,2026-09-30 22:00:00,0.0,1.8,0.0,0.0,0.0,276,21.587774223034735,1.0,-1.8369701987210297e-16,0.0,1.603035315338443,5.8,0.0,6.3973898757401235,24.6,Chiang Mai,0.0,5.329360092267697,5.0,0.0,95,11.409523809523808,0.0,0.0,0.0,0.0,0.0,5.647916666666667,2026.0,0.0,5.8,0.0,18.3
0.0,0.0,0.0,0.0,0.0,0.0,-0.30901699437494756,5.208333333333333,34.7,0.1,0.0,979.1,0.0,0.0,6.1,-16.4,0.0,0.9659258262890681,-0.20129852008866114,0.0,0.0,-0.9510565162951535,18.3,0.0,0.0,0.0,8.98571268879159,-1.0,2.1,0.0,,True,-0.25881904510252157,0.0,0.0,0.0,0.0,0.0,0.9795299412524943,16.8,0.0,0.0,2026-09-30 23:00:00,0.0,2.3,0.0,0.0,0.0,252,21.587774223034735,-1.0,-1.8369701987210297e-16,0.0,0.0,0.0,0.0,6.107776236532864,24.6,Chiang Mai,0.0,5.373096804528402,2.0,0.0,94,11.198214285714284,0.0,0.0,0.0,0.0,0.0,5.59375,2026.0,0.09531017980432487,0.0,0.0,18.3
0.0,0.0,0.0,0.0,0.0,0.0,0.2588190451025203,4.508333333333333,32.4,0.1,0.0,978.7,0.0,0.0,5.3,-16.8,0.0,1.0,0.20129852008866006,0.0,0.0,-0.9659258262890684,18.3,0.0,0.0,0.0,8.840763384585193,-0.8660254037844386,2.1,0.0,,True,0.0,0.0,0.0,0.0,0.0,0.0,0.9795299412524945,18.3,0.0,0.0,2026-10-01 00:00:00,0.0,2.8,0.0,0.0,0.0,285,21.587774223034735,1.0,0.5000000000000001,0.0,0.0,0.0,0.0,5.687406897894877,24.5,Chiang Mai,0.0,5.409790507342529,2.0,0.0,95,10.991666666666667,0.0,0.0,0.0,0.0,0.0,5.550000000000001,2026.0,0.09531017980432487,0.0,0.0,18.3
0.0,0.0,0.0,0.0,0.0,0.0,0.848048096156426,3.7458333333333336,32.1,0.1,0.0,978.1,0.0,0.0,4.6,-18.3,0.0,0.9659258262890683,0.20129852008866006,0.0,0.0,-0.529919264233205,17.5,0.0,0.0,0.0,8.72427502851914,-0.8660254037844386,1.9,0.0,,True,0.25881904510252074,0.0,0.0,0.0,0.0,0.0,0.9795299412524945,17.5,0.0,0.0,2026-10-01 01:00:00,0.0,2.7,0.0,0.0,0.0,328,21.587774223034735,1.0,0.5000000000000001,0.0,0.0,0.0,0.0,4.968566121684963,24.1,Chiang Mai,0.0,5.44588553596505,5.0,0.0,96,10.798809523809524,0.0,0.0,0.0,0.0,0.0,5.506249999999999,2026.0,0.09531017980432487,0.0,0.0,18.3
0.0,0.0,0.0,0.0,0.0,0.0,0.9510565162951535,3.016666666666667,32.1,0.0,0.0,977.4,0.0,0.0,4.0,-17.5,0.0,0.8660254037844387,0.20129852008866006,0.0,0.0,-0.3090169943749476,13.1,0.0,0.0,0.0,8.65027162534084,-0.8660254037844386,1.5,0.0,,True,0.49999999999999994,0.0,0.0,0.0,0.0,0.0,0.9795299412524945,13.1,0.0,0.0,2026-10-01 02:00:00,0.0,2.3,0.0,0.0,0.0,342,21.587774223034735,1.0,0.5000000000000001,0.0,0.0,0.0,0.0,4.105754768885037,23.7,Chiang Mai,0.0,5.478759490574081,8.0,0.0,97,10.626785714285715,0.0,0.0,0.0,0.0,0.0,5.466666666666666,2026.0,0.0,0.0,0.0,18.3
0.0,0.0,0.0,0.0,0.0,0.0,0.9205048534524403,2.470833333333333,32.1,0.0,0.0,977.1,0.0,0.0,3.3,-13.1,0.0,0.7071067811865476,0.20129852008866006,0.0,0.0,-0.3907311284892739,9.8,0.0,0.0,0.0,8.609506360601788,-0.8660254037844386,1.2,0.0,,True,0.7071067811865475,0.0,0.0,0.0,0.0,0.0,0.9795299412524945,9.8,0.0,0.0,2026-10-01 03:00:00,0.0,1.4,0.0,0.0,0.0,337,21.587774223034735,0.0,0.5000000000000001,0.0,0.0,0.0,0.0,3.563995787346307,23.5,Chiang Mai,0.0,5.505508210848679,2.0,0.0,97,10.473809523809523,0.0,0.0,0.0,0.0,0.0,5.435416666666666,2026.0,0.0,0.0,0.0,18.3
0.0,0.0,0.0,0.0,0.0,0.0,0.7771459614569706,2.0625,32.1,0.1,0.0,977.1,0.0,0.0,3.2,-9.8,0.0,0.5000000000000001,0.20129852008866006,0.0,0.0,-0.6293203910498378,8.5,0.0,0.0,0.0,8.59295591569325,-0.8660254037844386,1.4,0.0,,True,0.8660254037844386,0.0,0.0,0.0,0.0,0.0,0.9795299412524945,8.5,0.0,0.0,2026-10-01 04:00:00,0.0,1.2,0.0,0.0,0.0,321,21.587774223034735,0.0,0.5000000000000001,0.0,0.0,0.0,0.0,3.2483088548761287,23.5,Chiang Mai,0.0,5.5273652397010595,4.0,0.0,97,10.3375,0.0,0.0,0.0,0.0,0.0,5.410416666666666,2026.0,0.09531017980432487,0.0,0.0,18.3
0.0,0.0,0.0,0.0,0.0,0.0,0.8910065241883678,1.7083333333333333,32.1,0.0,0.0,977.0,0.0,0.0,3.0,-8.5,0.0,0.25881904510252074,0.20129852008866006,0.0,0.0,-0.45399049973954697,7.8,0.0,0.0,0.0,8.594040919627465,-0.8660254037844386,1.7,0.0,,True,0.9659258262890683,0.0,0.0,0.0,0.0,0.0,0.9795299412524945,7.8,0.0,0.0,2026-10-01 05:00:00,0.0,0.4,0.0,0.0,0.0,333,21.587774223034735,-1.0,0.5000000000000001,0.0,0.0,0.0,0.0,2.979361881715986,23.4,Chiang Mai,0.0,5.552088805500744,4.0,0.0,96,10.216071428571428,0.0,0.0,0.0,0.0,0.0,5.381249999999999,2026.0,0.0,0.0,0.0,18.3
0.0,0.0,0.0,0.0,0.0,0.0,0.9335804264972015,1.383333333333333,32.1,0.0,0.0,977.4,0.0,0.0,3.2,-7.8,0.0,6.123233995736766e-17,0.20129852008866006,0.0,0.0,-0.35836794954530077,7.5,0.0,0.0,0.0,8.604530987493696,-0.8660254037844386,2.1,0.0,,True,1.0,0.0,0.0,0.0,0.0,0.0,0.9795299412524945,7.5,0.0,0.0,2026-10-01 06:00:00,0.0,1.5,0.0,0.0,0.0,339,21.587774223034735,1.0,0.5000000000000001,0.0,0.0,0.0,0.0,2.7104222713239516,23.2,Chiang Mai,0.0,5.580806331127748,5.0,0.0,97,10.104761904761906,0.0,0.0,0.0,0.0,0.0,5.345833333333332,2026.0,0.0,0.0,0.0,18.3
0.0,0.0,0.0,0.0,0.0,0.0,0.7431448254773942,1.0708333333333333,32.1,0.0,0.0,978.3,0.0,0.0,7.0,-7.5,0.0,-0.25881904510252063,0.20129852008866006,0.0,0.0,-0.6691306063588581,7.1,0.0,0.0,0.0,8.618701897170492,-0.8660254037844386,3.7,0.0,,True,0.9659258262890683,0.0,0.0,0.0,0.0,0.0,0.9795299412524945,7.1,0.0,0.0,2026-10-01 07:00:00,0.0,2.7,0.0,0.0,0.0,318,21.587774223034735,-1.0,0.5000000000000001,0.0,0.0,0.0,0.0,2.4019920841298004,23.7,Chiang Mai,0.0,5.614211490469719,4.0,0.0,96,9.998809523809523,0.0,0.0,0.0,0.0,0.0,5.302083333333333,2026.0,0.0,0.0,0.0,18.3
0.0,0.0,0.0,0.0,0.0,0.0,0.754709580222772,0.775,32.1,0.0,0.0,979.4,0.0,0.0,7.9,-7.1,0.0,-0.4999999999999998,0.20129852008866006,0.0,0.0,0.6560590289905073,6.5,0.0,0.0,0.0,8.63850039410527,-0.8660254037844386,5.8,0.0,,True,0.8660254037844387,0.0,0.0,0.0,0.0,0.0,0.9795299412524945,6.5,0.0,0.0,2026-10-01 08:00:00,0.0,1.7,0.0,0.0,0.0,41,21.587774223034735,-8.0,0.5000000000000001,0.0,0.0,0.0,0.0,2.0530972537445304,25.2,Chiang Mai,0.0,5.660885531434106,-2.0,0.0,88,9.901190476190477,0.0,0.0,0.0,0.0,0.0,5.225,2026.0,0.0,0.0,0.0,18.3
0.0,0.0,0.0,0.0,0.0,0.0,0.19080899537654492,0.5041666666666667,32.1,0.0,0.0,980.1,0.0,0.0,6.2,-6.5,0.0,-0.7071067811865475,0.20129852008866006,0.0,0.0,0.981627183447664,6.3,0.0,0.0,0.0,8.649568244995233,-0.8660254037844386,5.8,0.0,,True,0.7071067811865476,0.0,0.0,0.0,0.0,0.0,0.9795299412524945,6.3,0.0,0.0,2026-10-01 09:00:00,0.0,2.8,0.0,0.0,0.0,79,21.587774223034735,-6.0,0.5000000000000001,0.0,0.0,0.0,0.0,1.6736883338569606,26.5,Chiang Mai,0.0,5.709019119389561,-4.0,0.0,82,9.794642857142858,0.0,0.0,0.0,0.0,0.0,5.104166666666667,2026.0,0.0,0.0,0.0,18.3
0.0,0.0,0.0,0.0,0.0,0.0,-0.6427876096865394,0.24166666666666667,32.1,0.1,0.0,980.4,0.0,0.0,5.7,-6.3,0.0,-0.8660254037844387,0.20129852008866006,0.0,0.0,0.766044443118978,5.8,0.0,0.0,0.0,8.674818718821838,-0.8660254037844386,6.1,0.0,,True,0.49999999999999994,0.0,0.0,0.0,0.0,0.0,0.9795299412524945,5.8,0.0,0.0,2026-10-01 10:00:00,0.0,2.8,0.0,0.0,0.0,130,21.587774223034735,-3.0,0.5000000000000001,0.0,0.0,0.0,0.0,1.1589926181339074,27.1,Chiang Mai,0.0,5.754213432105401,-1.0,0.0,79,9.70892857142857,0.0,0.0,0.0,0.0,0.0,4.983333333333333,2026.0,0.09531017980432487,0.0,0.0,18.3
0.0,0.0,0.0,0.0,0.0,0.0,-0.9612616959383189,0.0,32.1,0.2,0.0,980.1,0.0,0.0,4.5,-5.8,0.0,-0.9659258262890682,0.20129852008866006,0.0,0.0,0.2756373558169992,0.0,0.0,0.0,0.0,8.70585688431277,-0.8660254037844386,6.4,0.0,,True,0.258819045102521,0.0,0.0,0.0,0.0,0.0,0.9795299412524945,0.0,0.0,0.0,2026-10-01 11:00:00,0.0,3.4,0.0,0.0,0.0,164,21.587774223034735,-4.0,0.5000000000000001,0.0,0.0,0.0,0.0,0.0,28.1,Chiang Mai,0.0,5.795361156778757,1.0,0.0,75,9.641071428571427,0.0,0.0,0.0,0.0,0.0,4.85625,2026.0,0.18232155679395462,0.0,0.0,18.3
0.0,0.0,0.0,0.0,0.0,0.0,-0.9993908270190958,0.0,32.1,0.2,0.0,979.3,0.0,0.0,3.6,0.0,0.0,-1.0,0.20129852008866006,0.0,0.0,0.03489949670250114,0.0,0.0,0.0,0.0,8.737212148837115,-0.8660254037844386,4.8,0.0,,True,1.2246467991473532e-16,0.0,0.0,0.0,0.0,0.0,0.9795299412524945,0.0,0.0,0.0,2026-10-01 12:00:00,0.0,4.7,0.0,0.0,0.0,178,21.587774223034735,-5.0,0.5000000000000001,0.0,0.0,0.0,0.0,0.0,29.3,Chiang Mai,0.0,5.831817883506727,-1.0,0.0,70,9.579761904761906,0.0,0.0,0.0,0.0,0.0,4.722916666666666,2026.0,0.18232155679395462,0.0,0.0,18.3
0.0,0.0,0.0,0.0,0.0,0.0,-0.992546151641322,0.0,32.1,0.3,0.0,978.0,0.0,0.0,3.9,0.0,0.0,-0.9659258262890683,0.20129852008866006,0.0,0.0,0.12186934340514755,0.0,0.0,0.0,0.0,8.768119055830097,-0.8660254037844386,4.2,0.0,,True,-0.2588190451025208,0.0,0.0,0.0,0.0,0.0,0.9795299412524945,0.0,0.0,0.0,2026-10-01 13:00:00,0.0,6.0,0.0,0.0,0.0,173,21.587774223034735,-2.0,0.5000000000000001,0.0,0.0,0.0,0.0,0.0,30.1,Chiang Mai,0.0,5.870662923360719,-4.0,0.0,68,9.519642857142859,0.0,0.0,0.0,0.0,0.0,4.622916666666666,2026.0,0.26236426446749106,0.0,0.0,18.3
0.0,0.0,0.0,0.0,0.0,0.0,-0.9986295347545738,0.0,32.1,0.1,0.0,976.8,0.0,0.0,5.5,0.0,0.0,-0.8660254037844388,0.20129852008866006,0.0,0.0,0.05233595624294381,0.0,0.0,0.0,0.0,8.798506624471091,-0.8660254037844386,5.3,0.0,,True,-0.4999999999999997,0.0,0.0,0.0,0.0,0.0,0.9795299412524945,0.0,0.0,0.0,2026-10-01 14:00:00,0.0,6.3,0.0,0.0,0.0,177,21.587774223034735,2.0,0.5000000000000001,0.0,0.0,0.0,0.0,0.0,30.1,Chiang Mai,0.0,5.907498398339935,0.0,0.0,70,9.459523809523809,0.0,0.0,0.0,0.0,0.0,4.535416666666666,2026.0,0.09531017980432487,0.0,0.0,18.3
0.0,0.0,0.0,0.0,0.0,0.0,-0.984807753012208,0.0,32.1,0.1,0.0,975.4,0.0,0.0,4.8,0.0,0.0,-0.7071067811865479,0.20129852008866006,0.0,0.0,0.17364817766693028,0.0,0.0,0.0,0.0,8.828329589716912,-0.8660254037844386,5.7,0.0,,True,-0.7071067811865471,0.0,0.0,0.0,0.0,0.0,0.9795299412524945,0.0,0.0,0.0,2026-10-01 15:00:00,0.0,6.0,0.0,0.0,0.0,170,21.587774223034735,0.0,0.5000000000000001,0.0,0.0,0.0,0.0,0.0,30.2,Chiang Mai,0.0,5.941608227856608,-17.0,0.0,70,9.398809523809524,0.0,0.0,0.0,0.0,0.0,4.425,2026.0,0.09531017980432487,0.0,0.0,18.3
0.0,0.0,0.0,0.0,0.0,0.0,-0.9335804264972017,0.0,32.1,0.0,0.0,974.4,0.0,0.0,5.4,0.0,0.0,-0.5000000000000004,0.20129852008866006,0.0,0.0,0.3583679495453002,0.0,0.0,0.0,0.0,8.857350227987176,-0.8660254037844386,6.2,0.0,,True,-0.8660254037844384,0.0,0.0,0.0,0.0,0.0,0.9795299412524945,0.0,0.0,0.0,2026-10-01 16:00:00,0.0,6.2,0.0,0.0,0.0,159,21.587774223034735,2.0,0.5000000000000001,0.0,0.0,0.0,0.0,0.0,29.8,Chiang Mai,0.0,5.971822943694273,-14.0,0.0,72,9.335714285714285,0.0,0.0,0.0,0.0,0.0,4.3062499999999995,2026.0,0.0,0.0,0.0,18.3
0.0,0.0,0.0,0.0,0.0,0.0,-0.8746197071393957,0.0,32.1,0.0,0.0,974.2,0.0,0.0,7.2,0.0,0.0,-0.25881904510252063,0.20129852008866006,0.0,0.0,0.48480962024633717,0.0,0.0,0.0,0.0,8.885418495944498,-0.8660254037844386,7.4,0.0,,True,-0.9659258262890683,0.0,0.0,0.0,0.0,0.0,0.9795299412524945,0.0,0.0,0.0,2026-10-01 17:00:00,0.0,4.1,0.0,0.0,0.0,151,21.587774223034735,1.0,0.5000000000000001,0.0,0.0,0.0,0.0,0.0,29.5,Chiang Mai,0.0,5.9964656112070625,-12.0,0.0,73,9.270238095238096,0.0,0.0,0.0,0.0,0.0,4.177083333333333,2026.0,0.0,0.0,0.0,18.3
0.0,0.0,0.0,0.0,0.0,0.0,-0.25881904510252085,0.0,32.1,0.0,0.0,974.7,0.0,0.0,7.0,0.0,0.0,-1.8369701987210297e-16,0.20129852008866006,0.0,0.0,0.9659258262890683,0.0,0.0,0.0,0.0,8.911191954464888,-0.8660254037844386,8.8,0.0,,True,-1.0,0.0,0.0,0.0,0.0,0.0,0.9795299412524945,0.0,0.0,0.0,2026-10-01 18:00:00,0.0,2.8,0.0,0.0,0.0,105,21.587774223034735,10.0,0.5000000000000001,0.0,0.0,0.0,0.0,0.0,28.3,Chiang Mai,0.0,6.006740643620483,-6.0,0.0,83,9.198214285714286,0.0,0.0,0.0,0.0,0.0,4.022916666666666,2026.0,0.0,0.0,0.0,18.3
0.0,0.0,0.0,0.0,0.0,0.0,0.7986355100472928,0.0,32.1,0.0,0.0,976.1,0.0,0.0,7.6,0.0,0.0,0.2588190451025203,0.20129852008866006,0.0,0.0,0.6018150231520483,0.0,0.0,0.0,0.0,8.93133621875777,-0.8660254037844386,13.1,0.0,,True,-0.9659258262890684,0.0,0.0,0.0,0.0,0.0,0.9795299412524945,0.0,0.0,0.0,2026-10-01 19:00:00,0.0,0.9,0.0,0.0,0.0,37,21.587774223034735,0.0,0.5000000000000001,0.0,0.0,0.0,0.0,0.0,27.6,Chiang Mai,0.0,5.992416721133655,-10.0,0.0,83,9.114880952380954,0.0,0.0,0.0,0.0,0.0,3.8395833333333336,2026.0,0.0,0.0,0.0,18.3
0.0,0.0,0.0,0.0,0.0,0.0,-1.8369701987210297e-16,0.0,32.1,0.1,0.0,977.3,0.0,0.0,6.0,0.0,0.0,0.5000000000000001,0.20129852008866006,0.0,0.0,-1.0,0.0,0.0,0.0,0.0,8.880868680187724,-0.8660254037844386,14.5,0.0,,True,-0.8660254037844386,0.0,0.0,0.0,0.0,0.0,0.9795299412524945,0.0,0.0,0.0,2026-10-01 20:00:00,0.0,0.2,0.0,0.0,0.0,270,21.587774223034735,2.0,0.5000000000000001,0.0,0.0,0.0,0.0,0.0,27.0,Chiang Mai,0.0,5.8613256938075775,-8.0,0.0,85,8.970238095238095,0.0,0.0,0.0,0.0,0.0,3.5666666666666664,2026.0,0.09531017980432487,0.0,0.0,18.3
0.0,0.0,0.0,0.0,0.0,0.0,0.9743700647852351,0.0,32.1,0.4,0.0,978.9,0.0,0.0,4.6,0.0,0.0,0.7071067811865474,0.20129852008866006,0.0,0.0,-0.22495105434386534,0.0,0.0,0.0,0.0,8.835869529856101,-0.8660254037844386,15.3,0.0,,True,-0.7071067811865477,0.0,0.0,0.0,0.0,0.0,0.9795299412524945,0.0,0.0,0.0,2026-10-01 21:00:00,0.0,4.1,0.0,0.0,0.0,347,21.587774223034735,5.0,0.5000000000000001,0.0,0.0,0.0,0.0,0.0,26.4,Chiang Mai,0.0,5.660259475182112,-4.0,0.0,90,8.830357142857144,0.0,0.0,0.0,0.0,0.0,3.264583333333333,2026.0,0.33647223662121295,0.0,0.0,18.3
0.0,0.0,0.0,0.0,0.0,0.0,0.9986295347545738,0.0,32.1,0.1,0.0,979.3,0.0,0.0,2.6,0.0,0.0,0.8660254037844384,0.20129852008866006,0.0,0.0,0.052335956242943835,0.0,0.0,0.0,0.0,8.765818528558732,-0.8660254037844386,16.4,0.0,,True,-0.5000000000000004,0.0,0.0,0.0,0.0,0.0,0.9795299412524945,0.0,0.0,0.0,2026-10-01 22:00:00,0.0,6.0,0.0,0.0,0.0,3,21.587774223034735,5.0,0.5000000000000001,0.0,0.0,0.0,0.0,0.0,25.5,Chiang Mai,0.0,5.3982620016898855,0.0,0.0,95,8.67797619047619,0.0,0.0,0.0,0.0,0.0,2.9458333333333333,2026.0,0.09531017980432487,0.0,0.0,18.3
0.0,0.0,0.0,0.0,0.0,0.0,0.8191520442889916,0.0,32.1,0.0,0.0,978.8,0.0,0.0,2.1,0.0,0.0,0.9659258262890681,0.20129852008866006,0.0,0.0,-0.5735764363510465,0.0,0.0,0.0,0.0,8.655650622478515,-0.8660254037844386,16.8,0.0,,True,-0.25881904510252157,0.0,0.0,0.0,0.0,0.0,0.9795299412524945,0.0,0.0,0.0,2026-10-01 23:00:00,0.0,2.8,0.0,0.0,0.0,325,21.587774223034735,-2.0,0.5000000000000001,0.0,0.0,0.0,0.0,0.0,25.4,Chiang Mai,0.0,5.043228064003804,-1.0,0.0,93,8.508333333333335,0.0,0.0,0.0,0.0,0.0,2.6041666666666665,2026.0,0.0,0.0,0.0,18.3
0.0,0.0,0.0,0.0,0.0,0.0,0.8090169943749473,0.0,32.1,0.0,0.0,978.1,0.0,0.0,2.1,0.0,0.0,1.0,0.39435585511331855,0.0,0.0,-0.5877852522924734,0.0,0.0,0.0,0.0,8.533577138311355,-0.8660254037844386,18.3,0.0,,True,0.0,0.0,0.0,0.0,0.0,0.0,0.9189578116202306,0.0,0.0,0.0,2026-10-02 00:00:00,0.0,2.4,0.0,0.0,0.0,324,21.587774223034735,2.0,0.5000000000000001,0.0,0.0,0.0,0.0,0.0,24.9,Chiang Mai,0.0,4.610267451268117,0.0,0.0,95,8.335714285714285,0.0,0.0,0.0,0.0,0.0,2.2541666666666664,2026.0,0.0,0.0,0.0,18.3
0.0,0.0,0.0,0.0,0.0,0.0,0.6293203910498375,0.0,32.1,0.0,0.0,977.6,0.0,0.0,1.9,0.0,0.0,0.9659258262890683,0.39435585511331855,0.0,0.0,-0.7771459614569708,0.0,0.0,0.0,0.0,8.43289334225698,-0.8660254037844386,17.5,0.0,,True,0.25881904510252074,0.0,0.0,0.0,0.0,0.0,0.9189578116202306,0.0,0.0,0.0,2026-10-02 01:00:00,0.0,2.6,0.0,0.0,0.0,309,21.587774223034735,-1.0,0.5000000000000001,0.0,0.0,0.0,0.0,0.0,24.7,Chiang Mai,0.0,3.981349205113206,-2.0,0.0,94,8.17440476190476,0.0,0.0,0.0,0.0,0.0,1.8729166666666668,2026.0,0.0,0.0,0.0,17.5
0.0,0.0,0.0,0.0,0.0,0.0,0.559192903470747,0.0,32.1,0.0,0.0,977.0,0.0,0.0,1.5,0.0,0.0,0.8660254037844387,0.39435585511331855,0.0,0.0,-0.8290375725550416,0.0,0.0,0.0,0.0,8.344978916395137,-0.8660254037844386,13.1,0.0,,True,0.49999999999999994,0.0,0.0,0.0,0.0,0.0,0.9189578116202306,0.0,0.0,0.0,2026-10-02 02:00:00,0.0,1.9,0.0,0.0,0.0,304,21.587774223034735,1.0,0.5000000000000001,0.0,0.0,0.0,0.0,0.0,24.2,Chiang Mai,0.0,3.271647987720494,-2.0,0.0,95,8.020833333333334,0.0,0.0,0.0,0.0,0.0,1.5083333333333335,2026.0,0.0,0.0,0.0,13.1
0.0,0.0,0.0,0.0,0.0,0.0,0.9702957262759965,0.0,32.1,0.0,0.0,976.8,0.0,0.0,1.2,0.0,0.0,0.7071067811865476,0.39435585511331855,0.0,0.0,-0.24192189559966787,0.0,0.0,0.0,0.0,8.259644863833069,-0.8660254037844386,9.8,0.0,,True,0.7071067811865475,0.0,0.0,0.0,0.0,0.0,0.9189578116202306,0.0,0.0,0.0,2026-10-02 03:00:00,0.0,0.7,0.0,0.0,0.0,346,21.587774223034735,1.0,0.5000000000000001,0.0,0.0,0.0,0.0,0.0,23.8,Chiang Mai,0.0,2.8066505529525565,-1.0,0.0,96,7.870238095238095,0.0,0.0,0.0,0.0,0.0,1.2354166666666666,2026.0,0.0,0.0,0.0,9.8
0.0,0.0,0.0,0.0,0.0,0.0,0.9271838545667873,0.0,32.1,0.0,0.0,976.8,0.0,0.0,1.4,0.0,0.0,0.5000000000000001,0.39435585511331855,0.0,0.0,-0.37460659341591235,0.0,0.0,0.0,0.0,8.180650057298461,-0.8660254037844386,8.5,0.0,,True,0.8660254037844386,0.0,0.0,0.0,0.0,0.0,0.9189578116202306,0.0,0.0,0.0,2026-10-02 04:00:00,0.0,1.0,0.0,0.0,0.0,338,21.587774223034735,1.0,0.5000000000000001,0.0,0.0,0.0,0.0,0.0,23.6,Chiang Mai,0.0,2.517783106392076,0.0,0.0,97,7.72440476190476,0.0,0.0,0.0,0.0,0.0,1.03125,2026.0,0.0,0.0,0.0,8.5
0.0,0.0,0.0,0.0,0.0,0.0,0.30901699437494723,0.0,32.1,0.0,0.0,977.1,0.0,0.0,1.7,0.0,0.0,0.25881904510252074,0.39435585511331855,0.0,0.0,-0.9510565162951536,0.0,0.0,0.0,0.0,8.113788422855361,-0.8660254037844386,7.8,0.0,,True,0.9659258262890683,0.0,0.0,0.0,0.0,0.0,0.9189578116202306,0.0,0.0,0.0,2026-10-02 05:00:00,0.0,0.6,0.0,0.0,0.0,288,21.587774223034735,-2.0,0.5000000000000001,0.0,0.0,0.0,0.0,0.0,23.7,Chiang Mai,0.0,2.2733014110661953,-1.0,0.0,95,7.586309523809524,0.0,0.0,0.0,0.0,0.0,0.8541666666666666,2026.0,0.0,0.0,0.0,7.8
0.0,0.0,0.0,0.0,0.0,0.0,-0.13917310096006583,0.0,32.1,0.0,0.0,977.7,0.0,0.0,2.1,0.0,0.0,6.123233995736766e-17,0.39435585511331855,0.0,0.0,-0.9902680687415703,0.0,0.0,0.0,0.0,8.069789985908349,-0.8660254037844386,7.5,0.0,,True,1.0,0.0,0.0,0.0,0.0,0.0,0.9189578116202306,0.0,0.0,0.0,2026-10-02 06:00:00,0.0,1.3,0.0,0.0,0.0,262,21.587774223034735,-1.0,0.5000000000000001,0.0,0.0,0.0,0.0,0.0,23.7,Chiang Mai,0.0,2.037546863810063,-3.0,0.0,94,7.4625,0.0,0.0,0.0,0.0,0.0,0.6916666666666665,2026.0,0.0,0.0,0.0,7.5
0.0,0.0,0.0,0.0,0.0,0.0,-0.5877852522924732,0.0,32.1,0.0,0.0,978.7,0.0,0.0,3.7,0.0,0.0,-0.25881904510252063,0.39435585511331855,0.0,0.0,-0.8090169943749473,0.0,0.0,0.0,0.0,8.036878729564036,-0.8660254037844386,7.1,0.0,,True,0.9659258262890683,0.0,0.0,0.0,0.0,0.0,0.9189578116202306,0.0,0.0,0.0,2026-10-02 07:00:00,0.0,2.4,0.0,0.0,0.0,234,21.587774223034735,-1.0,0.5000000000000001,0.0,0.0,0.0,0.0,0.0,24.4,Chiang Mai,0.0,1.7808576565957077,-3.0,0.0,93,7.347023809523809,0.0,0.0,0.0,0.0,0.0,0.5354166666666667,2026.0,0.0,0.0,0.0,7.1
0.0,0.0,0.0,0.0,0.0,0.0,-0.9271838545667873,0.0,32.1,0.0,0.0,980.0,0.0,0.0,5.8,0.0,0.0,-0.4999999999999998,0.39435585511331855,0.0,0.0,0.37460659341591224,0.0,0.0,0.0,0.0,8.019505257131577,-0.8660254037844386,6.5,0.0,,True,0.8660254037844387,0.0,0.0,0.0,0.0,0.0,0.9189578116202306,0.0,0.0,0.0,2026-10-02 08:00:00,0.0,2.9,0.0,0.0,0.0,158,21.587774223034735,-1.0,0.5000000000000001,0.0,0.0,0.0,0.0,0.0,25.5,Chiang Mai,0.0,1.5025845788729055,4.0,0.0,92,7.244047619047619,0.0,0.0,0.0,0.0,0.0,0.3875,2026.0,0.0,0.0,0.0,6.5
0.0,0.0,0.0,0.0,0.0,0.0,-0.4539904997395467,0.0,32.1,0.0,0.0,980.7,0.0,0.0,5.8,0.0,0.0,-0.7071067811865475,0.39435585511331855,0.0,0.0,0.8910065241883679,0.0,0.0,0.0,0.0,8.013151193464386,-0.8660254037844386,6.3,0.0,,True,0.7071067811865476,0.0,0.0,0.0,0.0,0.0,0.9189578116202306,0.0,0.0,0.0,2026-10-02 09:00:00,0.0,2.0,0.0,0.0,0.0,117,21.587774223034735,-11.0,0.5000000000000001,0.0,0.0,0.0,0.0,0.0,27.3,Chiang Mai,0.0,1.2100257544320652,-1.0,0.0,81,7.151785714285714,0.0,0.0,0.0,0.0,0.0,0.2520833333333333,2026.0,0.0,0.0,0.0,6.3
0.0,0.0,0.0,0.0,0.0,0.0,-0.42261826174069933,0.0,32.1,0.0,0.0,980.9,0.0,0.0,6.1,0.0,0.0,-0.8660254037844387,0.39435585511331855,0.0,0.0,0.90630778703665,0.0,0.0,0.0,0.0,8.026369676878165,-0.8660254037844386,5.8,0.0,,True,0.49999999999999994,0.0,0.0,0.0,0.0,0.0,0.9189578116202306,0.0,0.0,0.0,2026-10-02 10:00:00,0.0,2.6,0.0,0.0,0.0,115,21.587774223034735,-4.0,0.5000000000000001,0.0,0.0,0.0,0.0,0.0,28.6,Chiang Mai,0.0,0.8283915975484596,-2.0,0.0,77,7.086309523809524,0.0,0.0,0.0,0.0,0.0,0.12083333333333333,2026.0,0.0,0.0,0.0,5.8
0.0,0.0,0.0,0.0,0.0,0.0,-0.7660444431189779,0.0,32.1,0.1,0.0,980.5,0.0,0.0,6.4,0.0,0.0,-0.9659258262890682,0.39435585511331855,0.0,0.0,0.6427876096865395,0.0,0.0,0.0,0.0,8.043285586575356,-0.8660254037844386,0.0,0.0,,True,0.258819045102521,0.0,0.0,0.0,0.0,0.0,0.9189578116202306,0.0,0.0,0.0,2026-10-02 11:00:00,0.0,4.5,0.0,0.0,0.0,140,21.587774223034735,-2.0,0.5000000000000001,0.0,0.0,0.0,0.0,0.0,29.5,Chiang Mai,0.0,0.0,0.0,0.0,75,7.0321428571428575,0.0,0.0,0.0,0.0,0.0,0.0,2026.0,0.09531017980432487,0.0,0.0,0.0
0.0,0.0,0.0,0.0,0.0,0.0,-0.8090169943749473,0.0,32.1,0.1,0.0,979.3,0.0,0.0,4.8,0.0,0.0,-1.0,0.39435585511331855,0.0,0.0,0.5877852522924732,0.0,0.0,0.0,0.0,8.060997592443142,-0.8660254037844386,0.0,0.0,,True,1.2246467991473532e-16,0.0,0.0,0.0,0.0,0.0,0.9189578116202306,0.0,0.0,0.0,2026-10-02 12:00:00,0.0,5.5,0.0,0.0,0.0,144,21.587774223034735,-2.0,0.5000000000000001,0.0,0.0,0.0,0.0,0.0,30.1,Chiang Mai,0.0,0.0,3.0,0.0,73,6.983928571428571,0.0,0.0,0.0,0.0,0.0,0.0,2026.0,0.09531017980432487,0.0,0.0,0.0
0.0,0.0,0.0,0.0,0.0,0.0,-0.848048096156426,0.0,32.1,0.1,0.0,977.8,0.0,0.0,4.2,0.0,0.0,-0.9659258262890683,0.39435585511331855,0.0,0.0,0.5299192642332049,0.0,0.0,0.0,0.0,8.07866686258593,-0.8660254037844386,0.0,0.0,,True,-0.2588190451025208,0.0,0.0,0.0,0.0,0.0,0.9189578116202306,0.0,0.0,0.0,2026-10-02 13:00:00,0.0,7.2,0.0,0.0,0.0,148,21.587774223034735,-1.0,0.5000000000000001,0.0,0.0,0.0,0.0,0.0,30.3,Chiang Mai,0.0,0.0,4.0,0.0,72,6.938095238095237,0.0,0.0,0.0,0.0,0.0,0.0,2026.0,0.09531017980432487,0.0,0.0,0.0
0.0,0.0,0.0,0.0,0.0,0.0,-0.8480480961564261,0.0,32.1,0.3,0.0,976.7,0.0,0.0,5.3,0.0,0.0,-0.8660254037844388,0.39435585511331855,0.0,0.0,-0.5299192642332048,0.0,0.0,0.0,0.0,8.095904537518475,-0.8660254037844386,0.0,0.0,,True,-0.4999999999999997,0.0,0.0,0.0,0.0,0.0,0.9189578116202306,0.0,0.0,0.0,2026-10-02 14:00:00,0.0,7.0,0.0,0.0,0.0,212,21.587774223034735,8.0,0.5000000000000001,0.0,0.0,0.0,0.0,0.0,28.3,Chiang Mai,0.0,0.0,10.0,0.0,80,6.891071428571429,0.0,0.0,0.0,0.0,0.0,0.0,2026.0,0.26236426446749106,0.0,0.0,0.0
0.0,0.0,0.0,0.0,0.0,0.0,-1.8369701987210297e-16,0.0,32.1,0.2,0.0,975.2,0.0,0.0,5.7,0.0,0.0,-0.7071067811865479,0.39435585511331855,0.0,0.0,-1.0,0.0,0.0,0.0,0.0,8.11210984740122,-0.8660254037844386,0.0,0.0,,True,-0.7071067811865471,0.0,0.0,0.0,0.0,0.0,0.9189578116202306,0.0,0.0,0.0,2026-10-02 15:00:00,0.0,5.6,0.0,0.0,0.0,270,21.587774223034735,-2.0,0.5000000000000001,0.0,0.0,0.0,0.0,0.0,28.1,Chiang Mai,0.0,0.0,8.0,0.0,78,6.839880952380952,0.0,0.0,0.0,0.0,0.0,0.0,2026.0,0.18232155679395462,0.0,0.0,0.0
0.0,0.0,0.0,0.0,0.0,0.0,-0.4539904997395467,0.0,32.1,0.1,0.0,975.2,0.0,0.0,6.2,0.0,0.0,-0.5000000000000004,0.39435585511331855,0.0,0.0,0.8910065241883679,0.0,0.0,0.0,0.0,8.127680418673906,-0.8660254037844386,0.0,0.0,,True,-0.8660254037844384,0.0,0.0,0.0,0.0,0.0,0.9189578116202306,0.0,0.0,0.0,2026-10-02 16:00:00,0.0,0.4,0.0,0.0,0.0,117,21.587774223034735,-3.0,0.5000000000000001,0.0,0.0,0.0,0.0,0.0,29.2,Chiang Mai,0.0,0.0,3.0,0.0,75,6.7875,0.0,0.0,0.0,0.0,0.0,0.0,2026.0,0.09531017980432487,0.0,0.0,0.0
0.0,0.0,0.0,0.0,0.0,0.0,-0.7431448254773942,0.0,32.1,0.0,0.0,975.9,0.0,0.0,7.4,0.0,0.0,-0.25881904510252063,0.39435585511331855,0.0,0.0,-0.6691306063588582,0.0,0.0,0.0,0.0,8.141227820144891,-0.8660254037844386,0.0,0.0,,True,-0.9659258262890683,0.0,0.0,0.0,0.0,0.0,0.9189578116202306,0.0,0.0,0.0,2026-10-02 17:00:00,0.0,2.2,0.0,0.0,0.0,222,21.587774223034735,1.0,0.5000000000000001,0.0,0.0,0.0,0.0,0.0,28.8,Chiang Mai,0.0,0.0,3.0,0.0,76,6.729761904761904,0.0,0.0,0.0,0.0,0.0,0.0,2026.0,0.0,0.0,0.0,0.0
0.0,0.0,0.0,0.0,0.0,0.0,-0.5150380749100545,0.0,32.1,0.0,0.0,976.4,0.0,0.0,8.8,0.0,0.0,-1.8369701987210297e-16,0.39435585511331855,0.0,0.0,-0.8571673007021121,0.0,0.0,0.0,0.0,8.153400976984795,-0.8660254037844386,0.0,0.0,,True,-1.0,0.0,0.0,0.0,0.0,0.0,0.9189578116202306,0.0,0.0,0.0,2026-10-02 18:00:00,0.0,7.7,0.0,0.0,0.0,239,21.587774223034735,6.0,0.5000000000000001,0.0,0.0,0.0,0.0,0.0,27.6,Chiang Mai,0.0,0.0,-1.0,0.0,82,6.669642857142857,0.0,0.0,0.0,0.0,0.0,0.0,2026.0,0.0,0.0,0.0,0.0
0.0,0.0,0.0,0.0,0.0,0.0,-0.529919264233205,0.0,32.1,0.0,0.0,976.9,0.0,0.0,13.1,0.0,0.0,0.2588190451025203,0.39435585511331855,0.0,0.0,-0.848048096156426,0.0,0.0,0.0,0.0,8.156890233210447,-0.8660254037844386,0.0,0.0,,True,-0.9659258262890684,0.0,0.0,0.0,0.0,0.0,0.9189578116202306,0.0,0.0,0.0,2026-10-02 19:00:00,0.0,4.4,0.0,0.0,0.0,238,21.587774223034735,2.0,0.5000000000000001,0.0,0.0,0.0,0.0,0.0,26.7,Chiang Mai,0.0,0.0,1.0,0.0,84,6.595238095238095,0.0,0.0,0.0,0.0,0.0,0.0,2026.0,0.0,0.0,0.0,0.0
0.0,0.0,0.0,0.0,0.0,0.0,-0.9876883405951378,0.0,32.1,0.0,0.0,978.0,0.0,0.0,14.5,0.0,0.0,0.5000000000000001,0.39435585511331855,0.0,0.0,-0.15643446504023073,0.0,0.0,0.0,0.0,8.123688080897388,-0.8660254037844386,0.0,0.0,,True,-0.8660254037844386,0.0,0.0,0.0,0.0,0.0,0.9189578116202306,0.0,0.0,0.0,2026-10-02 20:00:00,0.0,1.1,0.0,0.0,0.0,189,21.587774223034735,4.0,0.5000000000000001,0.0,0.0,0.0,0.0,0.0,26.2,Chiang Mai,0.0,0.0,3.0,0.0,88,6.487500000000001,0.0,0.0,0.0,0.0,0.0,0.0,2026.0,0.0,0.0,0.0,0.0
0.0,0.0,0.0,0.0,0.0,0.0,-0.9876883405951377,0.0,32.1,0.0,0.0,979.0,0.0,0.0,15.3,0.0,0.0,0.7071067811865474,0.39435585511331855,0.0,0.0,0.15643446504023098,0.0,0.0,0.0,0.0,8.060741779496121,-0.8660254037844386,0.0,0.0,,True,-0.7071067811865477,0.0,0.0,0.0,0.0,0.0,0.9189578116202306,0.0,0.0,0.0,2026-10-02 21:00:00,0.0,3.3,0.0,0.0,0.0,171,21.587774223034735,2.0,0.5000000000000001,0.0,0.0,0.0,0.0,0.0,25.7,Chiang Mai,0.0,0.0,0.0,0.0,90,6.362499999999999,0.0,0.0,0.0,0.0,0.0,0.0,2026.0,0.0,0.0,0.0,0.0
0.0,0.0,0.0,0.0,0.0,0.0,-0.981627183447664,0.0,32.1,0.0,0.0,979.1,0.0,0.0,16.4,0.0,0.0,0.8660254037844384,0.39435585511331855,0.0,0.0,-0.19080899537654472,0.0,0.0,0.0,0.0,8.00285229410551,-0.8660254037844386,0.0,0.0,,True,-0.5000000000000004,0.0,0.0,0.0,0.0,0.0,0.9189578116202306,0.0,0.0,0.0,2026-10-02 22:00:00,0.0,2.8,0.0,0.0,0.0,191,21.587774223034735,2.0,0.5000000000000001,0.0,0.0,0.0,0.0,0.0,25.3,Chiang Mai,0.0,0.0,-3.0,0.0,92,6.241666666666666,0.0,0.0,0.0,0.0,0.0,0.0,2026.0,0.0,0.0,0.0,0.0
0.0,0.0,0.0,0.0,0.0,0.0,-1.0,0.0,32.1,0.0,0.0,978.9,0.0,0.0,16.8,0.0,0.0,0.9659258262890681,0.39435585511331855,0.0,0.0,1.2246467991473532e-16,0.0,0.0,0.0,0.0,7.92939772524669,-0.8660254037844386,0.0,0.0,,True,-0.25881904510252157,0.0,0.0,0.0,0.0,0.0,0.9189578116202306,0.0,0.0,0.0,2026-10-02 23:00:00,0.0,0.9,0.0,0.0,0.0,180,21.587774223034735,1.0,0.5000000000000001,0.0,0.0,0.0,0.0,0.0,25.1,Chiang Mai,0.0,0.0,0.0,0.0,93,6.113690476190476,0.0,0.0,0.0,0.0,0.0,0.0,2026.0,0.0,0.0,0.0,0.0
0.0,0.0,0.0,0.0,0.0,0.0,0.8290375725550418,0.0,32.1,0.0,0.0,978.4,0.0,0.0,18.3,0.0,0.0,1.0,0.5712682150947923,0.0,0.0,-0.5591929034707466,0.0,0.0,0.0,0.0,7.850803629590126,-0.8660254037844386,0.0,0.0,,True,0.0,0.0,0.0,0.0,0.0,0.0,0.8207634412072763,0.0,0.0,0.0,2026-10-03 00:00:00,0.0,0.6,0.0,0.0,0.0,326,21.587774223034735,1.0,0.5000000000000001,0.0,0.0,0.0,0.0,0.0,24.9,Chiang Mai,0.0,0.0,-1.0,0.0,94,5.984523809523809,0.0,0.0,0.0,0.0,0.0,0.0,2026.0,0.0,0.0,0.0,0.0
0.0,0.0,0.0,0.0,0.0,0.0,1.0,0.0,32.1,0.0,0.0,977.7,0.0,0.0,17.5,0.0,0.0,0.9659258262890683,0.5712682150947923,0.0,0.0,-2.4492935982947064e-16,0.0,0.0,0.0,0.0,7.764348664885503,-0.8660254037844386,0.0,0.0,,True,0.25881904510252074,0.0,0.0,0.0,0.0,0.0,0.8207634412072763,0.0,0.0,0.0,2026-10-03 01:00:00,0.0,1.3,0.0,0.0,0.0,360,21.587774223034735,2.0,0.5000000000000001,0.0,0.0,0.0,0.0,0.0,24.4,Chiang Mai,0.0,0.0,2.0,0.0,96,5.85297619047619,0.0,0.0,0.0,0.0,0.0,0.0,2026.0,0.0,0.0,0.0,0.0
0.0,0.0,0.0,0.0,0.0,0.0,0.45399049973954664,0.0,32.1,0.0,0.0,977.2,0.0,0.0,13.1,0.0,0.0,0.8660254037844387,0.5712682150947923,0.0,0.0,-0.891006524188368,0.0,0.0,0.0,0.0,7.670818691395235,-0.8660254037844386,0.0,0.0,,True,0.49999999999999994,0.0,0.0,0.0,0.0,0.0,0.8207634412072763,0.0,0.0,0.0,2026-10-03 02:00:00,0.0,0.4,0.0,0.0,0.0,297,21.587774223034735,0.0,0.5000000000000001,0.0,0.0,0.0,0.0,0.0,24.2,Chiang Mai,0.0,0.0,1.0,0.0,96,5.719642857142857,0.0,0.0,0.0,0.0,0.0,0.0,2026.0,0.0,0.0,0.0,0.0
0.0,0.0,0.0,0.0,0.0,0.0,-1.8369701987210297e-16,0.0,32.1,0.0,0.0,977.1,0.0,0.0,9.8,0.0,0.0,0.7071067811865476,0.5712682150947923,0.0,0.0,-1.0,0.0,0.0,0.0,0.0,7.627914274315349,-0.8660254037844386,0.0,0.0,,True,0.7071067811865475,0.0,0.0,0.0,0.0,0.0,0.8207634412072763,0.0,0.0,0.0,2026-10-03 03:00:00,0.0,0.2,0.0,0.0,0.0,270,21.587774223034735,1.0,0.5000000000000001,0.0,0.0,0.0,0.0,0.0,24.0,Chiang Mai,0.0,0.0,1.0,0.0,97,5.614880952380953,0.0,0.0,0.0,0.0,0.0,0.0,2026.0,0.0,0.0,0.0,0.0
0.0,0.0,0.0,0.0,0.0,0.0,-0.30901699437494756,0.0,32.1,0.0,0.0,977.2,0.0,0.0,8.5,0.0,0.0,0.5000000000000001,0.5712682150947923,0.0,0.0,-0.9510565162951535,0.0,0.0,0.0,0.0,7.6224247537764604,-0.8660254037844386,0.0,0.0,,True,0.8660254037844386,0.0,0.0,0.0,0.0,0.0,0.8207634412072763,0.0,0.0,0.0,2026-10-03 04:00:00,0.0,1.1,0.0,0.0,0.0,252,21.587774223034735,0.0,0.5000000000000001,0.0,0.0,0.0,0.0,0.0,23.9,Chiang Mai,0.0,0.0,0.0,0.0,97,5.541666666666667,0.0,0.0,0.0,0.0,0.0,0.0,2026.0,0.0,0.0,0.0,0.0
0.0,0.0,0.0,0.0,0.0,0.0,0.45399049973954664,0.0,32.1,0.0,0.0,977.4,0.0,0.0,7.8,0.0,0.0,0.25881904510252074,0.5712682150947923,0.0,0.0,-0.891006524188368,0.0,0.0,0.0,0.0,7.629276220898146,-0.8660254037844386,0.0,0.0,,True,0.9659258262890683,0.0,0.0,0.0,0.0,0.0,0.8207634412072763,0.0,0.0,0.0,2026-10-03 05:00:00,0.0,0.4,0.0,0.0,0.0,297,21.587774223034735,-1.0,0.5000000000000001,0.0,0.0,0.0,0.0,0.0,23.9,Chiang Mai,0.0,0.0,1.0,0.0,96,5.4875,0.0,0.0,0.0,0.0,0.0,0.0,2026.0,0.0,0.0,0.0,0.0
0.0,0.0,0.0,0.0,0.0,0.0,0.7071067811865474,0.0,32.1,0.0,0.0,978.1,0.0,0.0,7.5,0.0,0.0,6.123233995736766e-17,0.5712682150947923,0.0,0.0,-0.7071067811865477,0.0,0.0,0.0,0.0,7.6393060286023005,-0.8660254037844386,0.0,0.0,,True,1.0,0.0,0.0,0.0,0.0,0.0,0.8207634412072763,0.0,0.0,0.0,2026-10-03 06:00:00,0.0,0.3,0.0,0.0,0.0,315,21.587774223034735,0.0,0.5000000000000001,0.0,0.0,0.0,0.0,0.0,23.7,Chiang Mai,0.0,0.0,2.0,0.0,96,5.442857142857143,0.0,0.0,0.0,0.0,0.0,0.0,2026.0,0.0,0.0,0.0,0.0
0.0,0.0,0.0,0.0,0.0,0.0,0.8571673007021123,0.0,32.1,0.0,0.0,979.1,0.0,0.0,7.1,0.0,0.0,-0.25881904510252063,0.5712682150947923,0.0,0.0,0.5150380749100542,0.0,0.0,0.0,0.0,7.647939801396342,-0.8660254037844386,0.0,0.0,,True,0.9659258262890683,0.0,0.0,0.0,0.0,0.0,0.8207634412072763,0.0,0.0,0.0,2026-10-03 07:00:00,0.0,1.0,0.0,0.0,0.0,31,21.587774223034735,-2.0,0.5000000000000001,0.0,0.0,0.0,0.0,0.0,24.3,Chiang Mai,0.0,0.0,1.0,0.0,94,5.394642857142857,0.0,0.0,0.0,0.0,0.0,0.0,2026.0,0.0,0.0,0.0,0.0
0.0,0.0,0.0,0.0,0.0,0.0,0.12186934340514749,0.0,32.1,0.0,0.0,979.9,0.0,0.0,6.5,0.0,0.0,-0.4999999999999998,0.5712682150947923,0.0,0.0,0.992546151641322,0.0,0.0,0.0,0.0,7.659179254761959,-0.8660254037844386,0.0,0.0,,True,0.8660254037844387,0.0,0.0,0.0,0.0,0.0,0.8207634412072763,0.0,0.0,0.0,2026-10-03 08:00:00,0.0,1.5,0.0,0.0,0.0,83,21.587774223034735,-2.0,0.5000000000000001,0.0,0.0,0.0,0.0,0.0,25.1,Chiang Mai,0.0,0.0,0.0,0.0,92,5.363690476190476,0.0,0.0,0.0,0.0,0.0,0.0,2026.0,0.0,0.0,0.0,0.0
0.0,0.0,0.0,0.0,0.0,0.0,-0.10452846326765355,0.0,32.1,0.3,0.0,980.3,0.0,0.0,6.3,0.0,0.0,-0.7071067811865475,0.5712682150947923,0.0,0.0,0.9945218953682733,0.0,0.0,0.0,0.0,7.669918343260915,-0.8660254037844386,0.0,0.0,,True,0.7071067811865476,0.0,0.0,0.0,0.0,0.0,0.8207634412072763,0.0,0.0,0.0,2026-10-03 09:00:00,0.0,1.6,0.0,0.0,0.0,96,21.587774223034735,-4.0,0.5000000000000001,0.0,0.0,0.0,0.0,0.0,26.5,Chiang Mai,0.0,0.0,7.0,0.0,88,5.326190476190476,0.0,0.0,0.0,0.0,0.0,0.0,2026.0,0.26236426446749106,0.0,0.0,0.0
0.0,0.0,0.0,0.0,0.0,0.0,-0.7071067811865475,0.0,32.1,0.0,0.0,980.3,0.0,0.0,5.8,0.0,0.0,-0.8660254037844387,0.5712682150947923,0.0,0.0,0.7071067811865476,0.0,0.0,0.0,0.0,7.680819438373614,-0.8660254037844386,0.0,0.0,,True,0.49999999999999994,0.0,0.0,0.0,0.0,0.0,0.8207634412072763,0.0,0.0,0.0,2026-10-03 10:00:00,0.0,2.0,0.0,0.0,0.0,135,21.587774223034735,-6.0,0.5000000000000001,0.0,0.0,0.0,0.0,0.0,28.1,Chiang Mai,0.0,0.0,5.0,0.0,82,5.296428571428572,0.0,0.0,0.0,0.0,0.0,0.0,2026.0,0.0,0.0,0.0,0.0
0.0,0.0,0.0,0.0,0.0,0.0,-0.9271838545667873,0.0,32.1,0.1,0.0,979.6,0.0,0.0,0.0,0.0,0.0,-0.9659258262890682,0.5712682150947923,0.0,0.0,0.37460659341591224,0.0,0.0,0.0,0.0,7.690114040382082,-0.8660254037844386,0.0,0.0,,True,0.258819045102521,0.0,0.0,0.0,0.0,0.0,0.8207634412072763,0.0,0.0,0.0,2026-10-03 11:00:00,0.0,3.3,0.0,0.0,0.0,158,21.587774223034735,-5.0,0.5000000000000001,0.0,0.0,0.0,0.0,0.0,29.4,Chiang Mai,0.0,0.0,2.0,0.0,77,5.276785714285714,0.0,0.0,0.0,0.0,0.0,0.0,2026.0,0.09531017980432487,0.0,0.0,0.0
0.0,0.0,0.0,0.0,0.0,0.0,-0.8290375725550416,0.0,32.1,0.1,0.0,978.3,0.0,0.0,0.0,0.0,0.0,-1.0,0.5712682150947923,0.0,0.0,0.5591929034707469,0.0,0.0,0.0,0.0,7.698493512810155,-0.8660254037844386,0.0,0.0,,True,1.2246467991473532e-16,0.0,0.0,0.0,0.0,0.0,0.8207634412072763,0.0,0.0,0.0,2026-10-03 12:00:00,0.0,5.8,0.0,0.0,0.0,146,21.587774223034735,-3.0,0.5000000000000001,0.0,0.0,0.0,0.0,0.0,29.9,Chiang Mai,0.0,0.0,1.0,0.0,74,5.260119047619048,0.0,0.0,0.0,0.0,0.0,0.0,2026.0,0.09531017980432487,0.0,0.0,0.0
0.0,0.0,0.0,0.0,0.0,0.0,-0.7880107536067219,0.0,32.1,2.1,0.0,977.0,0.0,0.0,0.0,0.0,0.0,-0.9659258262890683,0.5712682150947923,0.0,0.0,0.6156614753256584,0.0,0.0,0.0,0.0,7.707189724874782,-0.8660254037844386,0.0,0.0,,True,-0.2588190451025208,0.0,0.0,0.0,0.0,0.0,0.8207634412072763,0.0,0.0,0.0,2026-10-03 13:00:00,0.0,9.0,0.0,0.0,0.0,142,21.587774223034735,8.0,0.5000000000000001,0.0,0.0,0.0,0.0,0.0,28.0,Chiang Mai,0.0,0.0,10.0,0.0,82,5.2422619047619055,0.0,0.0,0.0,0.0,0.0,0.0,2026.0,1.1314021114911006,0.0,0.0,0.0
0.0,0.0,0.0,0.0,0.0,0.0,-0.8290375725550416,0.0,32.1,0.7,0.0,975.2,0.0,0.0,0.0,0.0,0.0,-0.8660254037844388,0.5712682150947923,0.0,0.0,0.5591929034707469,0.0,0.0,0.0,0.0,7.716314676593264,-0.8660254037844386,0.0,0.0,,True,-0.4999999999999997,0.0,0.0,0.0,0.0,0.0,0.8207634412072763,0.0,0.0,0.0,2026-10-03 14:00:00,0.0,0.6,0.0,0.0,0.0,146,21.587774223034735,2.0,0.5000000000000001,0.0,0.0,0.0,0.0,0.0,27.9,Chiang Mai,0.0,0.0,4.0,0.0,84,5.222619047619047,0.0,0.0,0.0,0.0,0.0,0.0,2026.0,0.5306282510621704,0.0,0.0,0.0
0.0,0.0,0.0,0.0,0.0,0.0,-0.9659258262890682,0.0,32.1,0.4,0.0,974.4,0.0,0.0,0.0,0.0,0.0,-0.7071067811865479,0.5712682150947923,0.0,0.0,0.258819045102521,0.0,0.0,0.0,0.0,7.725903376241832,-0.8660254037844386,0.0,0.0,,True,-0.7071067811865471,0.0,0.0,0.0,0.0,0.0,0.8207634412072763,0.0,0.0,0.0,2026-10-03 15:00:00,0.0,6.3,0.0,0.0,0.0,165,21.587774223034735,-3.0,0.5000000000000001,0.0,0.0,0.0,0.0,0.0,28.8,Chiang Mai,0.0,0.0,3.0,0.0,81,5.2005952380952385,0.0,0.0,0.0,0.0,0.0,0.0,2026.0,0.33647223662121295,0.0,0.0,0.0
0.0,0.0,0.0,0.0,0.0,0.0,-0.6946583704589973,0.0,32.1,0.2,0.0,974.4,0.0,0.0,0.0,0.0,0.0,-0.5000000000000004,0.5712682150947923,0.0,0.0,-0.7193398003386512,0.0,0.0,0.0,0.0,7.735527389870267,-0.8660254037844386,0.0,0.0,,True,-0.8660254037844384,0.0,0.0,0.0,0.0,0.0,0.8207634412072763,0.0,0.0,0.0,2026-10-03 16:00:00,0.0,7.8,0.0,0.0,0.0,226,21.587774223034735,1.0,0.5000000000000001,0.0,0.0,0.0,0.0,0.0,27.9,Chiang Mai,0.0,0.0,7.0,0.0,82,5.177976190476191,0.0,0.0,0.0,0.0,0.0,0.0,2026.0,0.18232155679395462,0.0,0.0,0.0
0.0,0.0,0.0,0.0,0.0,0.0,-0.766044443118978,0.0,32.1,0.1,0.0,974.7,0.0,0.0,0.0,0.0,0.0,-0.25881904510252063,0.5712682150947923,0.0,0.0,-0.6427876096865393,0.0,0.0,0.0,0.0,7.745428187579877,-0.8660254037844386,0.0,0.0,,True,-0.9659258262890683,0.0,0.0,0.0,0.0,0.0,0.8207634412072763,0.0,0.0,0.0,2026-10-03 17:00:00,0.0,6.1,0.0,0.0,0.0,220,21.587774223034735,2.0,0.5000000000000001,0.0,0.0,0.0,0.0,0.0,27.7,Chiang Mai,0.0,0.0,8.0,0.0,84,5.152976190476191,0.0,0.0,0.0,0.0,0.0,0.0,2026.0,0.09531017980432487,0.0,0.0,0.0
0.0,0.0,0.0,0.0,0.0,0.0,-0.9510565162951536,0.0,32.1,0.0,0.0,975.0,0.0,0.0,0.0,0.0,0.0,-1.8369701987210297e-16,0.5712682150947923,0.0,0.0,-0.3090169943749473,0.0,0.0,0.0,0.0,7.755558476822605,-0.8660254037844386,0.0,0.0,,True,-1.0,0.0,0.0,0.0,0.0,0.0,0.8207634412072763,0.0,0.0,0.0,2026-10-03 18:00:00,0.0,4.2,0.0,0.0,0.0,198,21.587774223034735,2.0,0.5000000000000001,0.0,0.0,0.0,0.0,0.0,27.1,Chiang Mai,0.0,0.0,4.0,0.0,86,5.123214285714286,0.0,0.0,0.0,0.0,0.0,0.0,2026.0,0.0,0.0,0.0,0.0
0.0,0.0,0.0,0.0,0.0,0.0,1.0,0.0,32.1,1.2,0.0,976.1,0.0,0.0,0.0,0.0,0.0,0.2588190451025203,0.5712682150947923,0.0,0.0,-2.4492935982947064e-16,0.0,0.0,0.0,0.0,7.756650646490447,-0.8660254037844386,0.0,0.0,,True,-0.9659258262890684,0.0,0.0,0.0,0.0,0.0,0.8207634412072763,0.0,0.0,0.0,2026-10-03 19:00:00,0.0,0.4,0.0,0.0,0.0,360,21.587774223034735,7.0,0.5000000000000001,0.0,0.0,0.0,0.0,0.0,26.0,Chiang Mai,0.0,0.0,9.0,0.0,93,5.064285714285714,0.0,0.0,0.0,0.0,0.0,0.0,2026.0,0.7884573603642702,0.0,0.0,0.0
0.0,0.0,0.0,0.0,0.0,0.0,0.7986355100472928,0.0,32.1,0.0,0.0,976.9,0.0,0.0,0.0,0.0,0.0,0.5000000000000001,0.5712682150947923,0.0,0.0,0.6018150231520483,0.0,0.0,0.0,0.0,7.678431131054946,-0.8660254037844386,0.0,0.0,,True,-0.8660254037844386,0.0,0.0,0.0,0.0,0.0,0.8207634412072763,0.0,0.0,0.0,2026-10-03 20:00:00,0.0,0.9,0.0,0.0,0.0,37,21.587774223034735,1.0,0.5000000000000001,0.0,0.0,0.0,0.0,0.0,25.7,Chiang Mai,0.0,0.0,6.0,0.0,94,4.944642857142857,0.0,0.0,0.0,0.0,0.0,0.0,2026.0,0.0,0.0,0.0,0.0
0.0,0.0,0.0,0.0,0.0,0.0,0.8290375725550416,0.0,32.1,0.0,0.0,977.8,0.0,0.0,0.0,0.0,0.0,0.7071067811865474,0.5712682150947923,0.0,0.0,0.5591929034707469,0.0,0.0,0.0,0.0,7.535435915079638,-0.8660254037844386,0.0,0.0,,True,-0.7071067811865477,0.0,0.0,0.0,0.0,0.0,0.8207634412072763,0.0,0.0,0.0,2026-10-03 21:00:00,0.0,0.6,0.0,0.0,0.0,34,21.587774223034735,0.0,0.5000000000000001,0.0,0.0,0.0,0.0,0.0,25.6,Chiang Mai,0.0,0.0,4.0,0.0,94,4.798214285714286,0.0,0.0,0.0,0.0,0.0,0.0,2026.0,0.0,0.0,0.0,0.0
0.0,0.0,0.0,0.0,0.0,0.0,0.8910065241883679,0.0,32.1,0.0,0.0,978.2,0.0,0.0,0.0,0.0,0.0,0.8660254037844384,0.5712682150947923,0.0,0.0,0.45399049973954675,0.0,0.0,0.0,0.0,7.336576567147895,-0.8660254037844386,0.0,0.0,,True,-0.5000000000000004,0.0,0.0,0.0,0.0,0.0,0.8207634412072763,0.0,0.0,0.0,2026-10-03 22:00:00,0.0,0.4,0.0,0.0,0.0,27,21.587774223034735,0.0,0.5000000000000001,0.0,0.0,0.0,0.0,0.0,25.4,Chiang Mai,0.0,0.0,2.0,0.0,94,4.63452380952381,0.0,0.0,0.0,0.0,0.0,0.0,2026.0,0.0,0.0,0.0,0.0
0.0,0.0,0.0,0.0,0.0,0.0,1.0,0.0,32.1,0.0,0.0,977.7,0.0,0.0,0.0,0.0,0.0,0.9659258262890681,0.5712682150947923,0.0,0.0,-2.4492935982947064e-16,0.0,0.0,0.0,0.0,7.068869486440286,-0.8660254037844386,0.0,0.0,,True,-0.25881904510252157,0.0,0.0,0.0,0.0,0.0,0.8207634412072763,0.0,0.0,0.0,2026-10-03 23:00:00,0.0,0.7,0.0,0.0,0.0,360,21.587774223034735,1.0,0.5000000000000001,0.0,0.0,0.0,0.0,0.0,25.1,Chiang Mai,0.0,0.0,2.0,0.0,95,4.453571428571429,0.0,0.0,0.0,0.0,0.0,0.0,2026.0,0.0,0.0,0.0,0.0
0.0,0.0,0.0,0.0,0.0,0.0,0.9902680687415703,0.0,31.9,0.0,0.0,977.0,0.0,0.0,0.0,0.0,0.0,1.0,0.7247927872291199,0.0,0.0,-0.13917310096006588,0.0,0.0,0.0,0.0,6.745436618823975,-0.8660254037844386,0.0,0.0,,True,0.0,0.0,0.0,0.0,0.0,0.0,0.6889669190756866,0.0,0.0,0.0,2026-10-04 00:00:00,0.0,1.3,0.0,0.0,0.0,352,21.587774223034735,2.0,0.5000000000000001,0.0,0.0,0.0,0.0,0.0,24.6,Chiang Mai,0.0,0.0,3.0,0.0,97,4.2625,0.0,0.0,0.0,0.0,0.0,0.0,2026.0,0.0,0.0,0.0,0.0
0.0,0.0,0.0,0.0,0.0,0.0,0.9743700647852351,0.0,30.5,0.0,0.0,976.3,0.0,0.0,0.0,0.0,0.0,0.9659258262890683,0.7247927872291199,0.0,0.0,-0.22495105434386534,0.0,0.0,0.0,0.0,6.405184863888752,-0.8660254037844386,0.0,0.0,,True,0.25881904510252074,0.0,0.0,0.0,0.0,0.0,0.6889669190756866,0.0,0.0,0.0,2026-10-04 01:00:00,0.0,1.7,0.0,0.0,0.0,347,21.587774223034735,1.0,0.5000000000000001,0.0,0.0,0.0,0.0,0.0,24.4,Chiang Mai,0.0,0.0,2.0,0.0,98,4.072619047619048,0.0,0.0,0.0,0.0,0.0,0.0,2026.0,0.0,0.0,0.0,0.0
0.0,0.0,0.0,0.0,0.0,0.0,0.8910065241883678,0.0,28.9,0.1,0.0,976.0,0.0,0.0,0.0,0.0,0.0,0.8660254037844387,0.7247927872291199,0.0,0.0,-0.45399049973954697,0.0,0.0,0.0,0.0,6.077415553047345,-0.8660254037844386,0.0,0.0,,True,0.49999999999999994,0.0,0.0,0.0,0.0,0.0,0.6889669190756866,0.0,0.0,0.0,2026-10-04 02:00:00,0.0,1.6,0.0,0.0,0.0,333,21.587774223034735,0.0,0.5000000000000001,0.0,0.0,0.0,0.0,0.0,24.4,Chiang Mai,0.0,0.0,2.0,0.0,98,3.8910714285714283,0.0,0.0,0.0,0.0,0.0,0.0,2026.0,0.09531017980432487,0.0,0.0,0.0
0.0,0.0,0.0,0.0,0.0,0.0,0.656059028990507,0.0,28.1,0.1,0.0,975.8,0.0,0.0,0.0,0.0,0.0,0.7071067811865476,0.7247927872291199,0.0,0.0,-0.7547095802227722,0.0,0.0,0.0,0.0,5.768241792668266,-0.8660254037844386,0.0,0.0,,True,0.7071067811865475,0.0,0.0,0.0,0.0,0.0,0.6889669190756866,0.0,0.0,0.0,2026-10-04 03:00:00,0.0,1.7,0.0,0.0,0.0,311,21.587774223034735,-1.0,0.5000000000000001,0.0,0.0,0.0,0.0,0.0,24.5,Chiang Mai,0.0,0.0,0.0,0.0,97,3.7190476190476187,0.0,0.0,0.0,0.0,0.0,0.0,2026.0,0.09531017980432487,0.0,0.0,0.0
0.0,0.0,0.0,0.0,0.0,0.0,0.2756373558169994,0.0,28.1,0.1,0.0,975.8,0.0,0.0,0.0,0.0,0.0,0.5000000000000001,0.7247927872291199,0.0,0.0,-0.9612616959383188,0.0,0.0,0.0,0.0,5.473744245297287,-0.8660254037844386,0.0,0.0,,True,0.8660254037844386,0.0,0.0,0.0,0.0,0.0,0.6889669190756866,0.0,0.0,0.0,2026-10-04 04:00:00,0.0,1.3,0.0,0.0,0.0,286,21.587774223034735,0.0,0.5000000000000001,0.0,0.0,0.0,0.0,0.0,24.6,Chiang Mai,0.0,0.0,0.0,0.0,97,3.5553571428571424,0.0,0.0,0.0,0.0,0.0,0.0,2026.0,0.09531017980432487,0.0,0.0,0.0
0.0,0.0,0.0,0.0,0.0,0.0,-0.8910065241883679,0.0,28.1,0.3,0.0,976.2,0.0,0.0,0.0,0.0,0.0,0.25881904510252074,0.7247927872291199,0.0,0.0,-0.4539904997395467,0.0,0.0,0.0,0.0,5.176438771315141,-0.8660254037844386,0.0,0.0,,True,0.9659258262890683,0.0,0.0,0.0,0.0,0.0,0.6889669190756866,0.0,0.0,0.0,2026-10-04 05:00:00,0.0,0.8,0.0,0.0,0.0,207,21.587774223034735,0.0,0.5000000000000001,0.0,0.0,0.0,0.0,0.0,24.4,Chiang Mai,0.0,0.0,1.0,0.0,97,3.3958333333333335,0.0,0.0,0.0,0.0,0.0,0.0,2026.0,0.26236426446749106,0.0,0.0,0.0
0.0,0.0,0.0,0.0,0.0,0.0,-0.848048096156426,0.0,27.8,0.3,0.0,976.7,0.0,0.0,0.0,0.0,0.0,6.123233995736766e-17,0.7247927872291199,0.0,0.0,0.5299192642332049,0.0,0.0,0.0,0.0,4.816997964267278,-0.8660254037844386,0.0,0.0,,True,1.0,0.0,0.0,0.0,0.0,0.0,0.6889669190756866,0.0,0.0,0.0,2026-10-04 06:00:00,0.0,2.3,0.0,0.0,0.0,148,21.587774223034735,0.0,0.5000000000000001,0.0,0.0,0.0,0.0,0.0,24.1,Chiang Mai,0.0,0.0,1.0,0.0,97,3.2285714285714286,0.0,0.0,0.0,0.0,0.0,0.0,2026.0,0.26236426446749106,0.0,0.0,0.0
0.0,0.0,0.0,0.0,0.0,0.0,-0.7986355100472929,0.0,21.9,0.3,0.0,977.3,0.0,0.0,0.0,0.0,0.0,-0.25881904510252063,0.7247927872291199,0.0,0.0,0.6018150231520482,0.0,0.0,0.0,0.0,4.432194978141535,-0.8660254037844386,0.0,0.0,,True,0.9659258262890683,0.0,0.0,0.0,0.0,0.0,0.6889669190756866,0.0,0.0,0.0,2026-10-04 07:00:00,0.0,3.6,0.0,0.0,0.0,143,21.587774223034735,-1.0,0.5000000000000001,0.0,0.0,0.0,0.0,0.0,24.2,Chiang Mai,0.0,0.0,2.0,0.0,96,3.0630952380952383,0.0,0.0,0.0,0.0,0.0,0.0,2026.0,0.26236426446749106,0.0,0.0,0.0
0.0,0.0,0.0,0.0,0.0,0.0,-0.8571673007021122,0.0,18.3,0.2,0.0,978.0,0.0,0.0,0.0,0.0,0.0,-0.4999999999999998,0.7247927872291199,0.0,0.0,0.5150380749100544,0.0,0.0,0.0,0.0,4.191793243717128,-0.8660254037844386,0.0,0.0,,True,0.8660254037844387,0.0,0.0,0.0,0.0,0.0,0.6889669190756866,0.0,0.0,0.0,2026-10-04 08:00:00,0.0,3.8,0.0,0.0,0.0,149,21.587774223034735,-3.0,0.5000000000000001,0.0,0.0,0.0,0.0,0.0,25.0,Chiang Mai,0.0,0.0,1.0,0.0,93,2.9327380952380953,0.0,0.0,0.0,0.0,0.0,0.0,2026.0,0.18232155679395462,0.0,0.0,0.0
0.0,0.0,0.0,0.0,0.0,0.0,-0.9396926207859083,0.0,18.3,0.2,0.0,978.6,0.0,0.0,0.0,0.0,0.0,-0.7071067811865475,0.7247927872291199,0.0,0.0,0.3420201433256689,0.0,0.0,0.0,0.0,4.092380258028798,-0.8660254037844386,0.0,0.0,,True,0.7071067811865476,0.0,0.0,0.0,0.0,0.0,0.6889669190756866,0.0,0.0,0.0,2026-10-04 09:00:00,0.0,3.6,0.0,0.0,0.0,160,21.587774223034735,-4.0,0.5000000000000001,0.0,0.0,0.0,0.0,0.0,26.1,Chiang Mai,0.0,0.0,1.0,0.0,89,2.8434523809523813,0.0,0.0,0.0,0.0,0.0,0.0,2026.0,0.18232155679395462,0.0,0.0,0.0
0.0,0.0,0.0,0.0,0.0,0.0,-0.9396926207859083,0.0,18.3,0.2,0.0,978.8,0.0,0.0,0.0,0.0,0.0,-0.8660254037844387,0.7247927872291199,0.0,0.0,0.3420201433256689,0.0,0.0,0.0,0.0,4.073798347859764,-0.8660254037844386,0.0,0.0,,True,0.49999999999999994,0.0,0.0,0.0,0.0,0.0,0.6889669190756866,0.0,0.0,0.0,2026-10-04 10:00:00,0.0,3.6,0.0,0.0,0.0,160,21.587774223034735,-5.0,0.5000000000000001,0.0,0.0,0.0,0.0,0.0,27.2,Chiang Mai,0.0,0.0,2.0,0.0,84,2.792261904761905,0.0,0.0,0.0,0.0,0.0,0.0,2026.0,0.18232155679395462,0.0,0.0,0.0
0.0,0.0,0.0,0.0,0.0,0.0,-0.8090169943749473,0.0,18.3,0.1,0.0,978.2,0.0,0.0,0.0,0.0,0.0,-0.9659258262890682,0.7247927872291199,0.0,0.0,0.5877852522924732,0.0,0.0,0.0,0.0,4.07133858853502,-0.8660254037844386,0.0,0.0,,True,0.258819045102521,0.0,0.0,0.0,0.0,0.0,0.6889669190756866,0.0,0.0,0.0,2026-10-04 11:00:00,0.0,4.2,0.0,0.0,0.0,144,21.587774223034735,-4.0,0.5000000000000001,0.0,0.0,0.0,0.0,0.0,28.2,Chiang Mai,0.0,0.0,3.0,0.0,80,2.755952380952381,0.0,0.0,0.0,0.0,0.0,0.0,2026.0,0.09531017980432487,0.0,0.0,0.0
0.0,0.0,0.0,0.0,0.0,0.0,-0.587785252292473,0.0,18.3,0.1,0.0,977.0,0.0,0.0,0.0,0.0,0.0,-1.0,0.7247927872291199,0.0,0.0,0.8090169943749475,0.0,0.0,0.0,0.0,4.073100464301151,-0.8660254037844386,0.0,0.0,,True,1.2246467991473532e-16,0.0,0.0,0.0,0.0,0.0,0.6889669190756866,0.0,0.0,0.0,2026-10-04 12:00:00,0.0,5.5,0.0,0.0,0.0,126,21.587774223034735,-3.0,0.5000000000000001,0.0,0.0,0.0,0.0,0.0,29.0,Chiang Mai,0.0,0.0,3.0,0.0,77,2.7261904761904763,0.0,0.0,0.0,0.0,0.0,0.0,2026.0,0.09531017980432487,0.0,0.0,0.0
0.0,0.0,0.0,0.0,0.0,0.0,-0.4539904997395467,0.0,18.3,0.1,0.0,975.9,0.0,0.0,0.0,0.0,0.0,-0.9659258262890683,0.7247927872291199,0.0,0.0,0.8910065241883679,0.0,0.0,0.0,0.0,4.075587500948931,-0.8660254037844386,0.0,0.0,,True,-0.2588190451025208,0.0,0.0,0.0,0.0,0.0,0.6889669190756866,0.0,0.0,0.0,2026-10-04 13:00:00,0.0,6.0,0.0,0.0,0.0,117,21.587774223034735,-2.0,0.5000000000000001,0.0,0.0,0.0,0.0,0.0,29.6,Chiang Mai,0.0,0.0,-7.0,0.0,75,2.6982142857142857,0.0,0.0,0.0,0.0,0.0,0.0,2026.0,0.09531017980432487,0.0,0.0,0.0
0.0,0.0,0.0,0.0,0.0,0.0,-0.35836794954530027,0.0,18.3,0.2,0.0,974.9,0.0,0.0,0.0,0.0,0.0,-0.8660254037844388,0.7247927872291199,0.0,0.0,0.9335804264972017,0.0,0.0,0.0,0.0,4.07939418493724,-0.8660254037844386,0.0,0.0,,True,-0.4999999999999997,0.0,0.0,0.0,0.0,0.0,0.6889669190756866,0.0,0.0,0.0,2026-10-04 14:00:00,0.0,4.6,0.0,0.0,0.0,111,21.587774223034735,0.0,0.5000000000000001,0.0,0.0,0.0,0.0,0.0,29.8,Chiang Mai,0.0,0.0,-9.0,0.0,75,2.6738095238095236,0.0,0.0,0.0,0.0,0.0,0.0,2026.0,0.18232155679395462,0.0,0.0,0.0
0.0,0.0,0.0,0.0,0.0,0.0,-0.08715574274765824,0.0,18.3,0.2,0.0,973.8,0.0,0.0,0.0,0.0,0.0,-0.7071067811865479,0.7247927872291199,0.0,0.0,0.9961946980917455,0.0,0.0,0.0,0.0,4.0837799544033215,-0.8660254037844386,0.0,0.0,,True,-0.7071067811865471,0.0,0.0,0.0,0.0,0.0,0.6889669190756866,0.0,0.0,0.0,2026-10-04 15:00:00,0.0,2.2,0.0,0.0,0.0,95,21.587774223034735,2.0,0.5000000000000001,0.0,0.0,0.0,0.0,0.0,29.8,Chiang Mai,0.0,0.0,-4.0,0.0,77,2.6517857142857144,0.0,0.0,0.0,0.0,0.0,0.0,2026.0,0.18232155679395462,0.0,0.0,0.0
0.0,0.0,0.0,0.0,0.0,0.0,0.8910065241883679,0.0,18.3,0.2,0.0,973.3,0.0,0.0,0.0,0.0,0.0,-0.5000000000000004,0.7247927872291199,0.0,0.0,0.45399049973954675,0.0,0.0,0.0,0.0,4.0875089281282735,-0.8660254037844386,0.0,0.0,,True,-0.8660254037844384,0.0,0.0,0.0,0.0,0.0,0.6889669190756866,0.0,0.0,0.0,2026-10-04 16:00:00,0.0,0.8,0.0,0.0,0.0,27,21.587774223034735,2.0,0.5000000000000001,0.0,0.0,0.0,0.0,0.0,29.4,Chiang Mai,0.0,0.0,-3.0,0.0,79,2.6279761904761907,0.0,0.0,0.0,0.0,0.0,0.0,2026.0,0.18232155679395462,0.0,0.0,0.0
0.0,0.0,0.0,0.0,0.0,0.0,0.45399049973954664,0.0,18.3,1.0,0.0,973.6,0.0,0.0,0.0,0.0,0.0,-0.25881904510252063,0.7247927872291199,0.0,0.0,-0.891006524188368,0.0,0.0,0.0,0.0,4.090660465872492,-0.8660254037844386,0.0,0.0,,True,-0.9659258262890683,0.0,0.0,0.0,0.0,0.0,0.6889669190756866,0.0,0.0,0.0,2026-10-04 17:00:00,0.0,1.2,0.0,0.0,0.0,297,21.587774223034735,5.0,0.5000000000000001,0.0,0.0,0.0,0.0,0.0,28.2,Chiang Mai,0.0,0.0,0.0,0.0,84,2.6029761904761903,0.0,0.0,0.0,0.0,0.0,0.0,2026.0,0.6931471805599453,0.0,0.0,0.0
0.0,0.0,0.0,0.0,0.0,0.0,-1.8369701987210297e-16,0.0,18.3,1.0,0.0,974.3,0.0,0.0,0.0,0.0,0.0,-1.8369701987210297e-16,0.7247927872291199,0.0,0.0,-1.0,0.0,0.0,0.0,0.0,4.091978171982022,-0.8660254037844386,0.0,0.0,,True,-1.0,0.0,0.0,0.0,0.0,0.0,0.6889669190756866,0.0,0.0,0.0,2026-10-04 18:00:00,0.0,2.2,0.0,0.0,0.0,270,21.587774223034735,6.0,0.5000000000000001,0.0,0.0,0.0,0.0,0.0,26.7,Chiang Mai,0.0,0.0,4.0,0.0,90,2.574404761904762,0.0,0.0,0.0,0.0,0.0,0.0,2026.0,0.6931471805599453,0.0,0.0,0.0
0.0,0.0,0.0,0.0,0.0,0.0,-0.13917310096006583,0.0,18.3,1.0,0.0,975.2,0.0,0.0,0.0,0.0,0.0,0.2588190451025203,0.7247927872291199,0.0,0.0,-0.9902680687415703,0.0,0.0,0.0,0.0,4.080997483706422,-0.8660254037844386,0.0,0.0,,True,-0.9659258262890684,0.0,0.0,0.0,0.0,0.0,0.6889669190756866,0.0,0.0,0.0,2026-10-04 19:00:00,0.0,2.7,0.0,0.0,0.0,262,21.587774223034735,5.0,0.5000000000000001,0.0,0.0,0.0,0.0,0.0,25.5,Chiang Mai,0.0,0.0,2.0,0.0,95,2.5315476190476187,0.0,0.0,0.0,0.0,0.0,0.0,2026.0,0.6931471805599453,0.0,0.0,0.0
0.0,0.0,0.0,0.0,0.0,0.0,0.08715574274765789,0.0,18.3,0.0,0.0,976.2,0.0,0.0,0.0,0.0,0.0,0.5000000000000001,0.7247927872291199,0.0,0.0,-0.9961946980917455,0.0,0.0,0.0,0.0,4.037475340938296,-0.8660254037844386,0.0,0.0,,True,-0.8660254037844386,0.0,0.0,0.0,0.0,0.0,0.6889669190756866,0.0,0.0,0.0,2026-10-04 20:00:00,0.0,2.0,0.0,0.0,0.0,275,21.587774223034735,1.0,0.5000000000000001,0.0,0.0,0.0,0.0,0.0,25.0,Chiang Mai,0.0,0.0,2.0,0.0,96,2.4684523809523813,0.0,0.0,0.0,0.0,0.0,0.0,2026.0,0.0,0.0,0.0,0.0
0.0,0.0,0.0,0.0,0.0,0.0,0.8571673007021121,0.0,18.3,0.0,0.0,977.2,0.0,0.0,0.0,0.0,0.0,0.7071067811865474,0.7247927872291199,0.0,0.0,-0.5150380749100545,0.0,0.0,0.0,0.0,4.003932971158276,-0.8660254037844386,0.0,0.0,,True,-0.7071067811865477,0.0,0.0,0.0,0.0,0.0,0.6889669190756866,0.0,0.0,0.0,2026-10-04 21:00:00,0.0,1.0,0.0,0.0,0.0,329,21.587774223034735,-1.0,0.5000000000000001,0.0,0.0,0.0,0.0,0.0,25.0,Chiang Mai,0.0,0.0,1.0,0.0,95,2.411309523809524,0.0,0.0,0.0,0.0,0.0,0.0,2026.0,0.0,0.0,0.0,0.0
0.0,0.0,0.0,0.0,0.0,0.0,0.981627183447664,0.0,18.3,0.0,0.0,977.9,0.0,0.0,0.0,0.0,0.0,0.8660254037844384,0.7247927872291199,0.0,0.0,0.1908089953765448,0.0,0.0,0.0,0.0,3.988729160705238,-0.8660254037844386,0.0,0.0,,True,-0.5000000000000004,0.0,0.0,0.0,0.0,0.0,0.6889669190756866,0.0,0.0,0.0,2026-10-04 22:00:00,0.0,1.8,0.0,0.0,0.0,11,21.587774223034735,0.0,0.5000000000000001,0.0,0.0,0.0,0.0,0.0,24.9,Chiang Mai,0.0,0.0,1.0,0.0,95,2.3666666666666667,0.0,0.0,0.0,0.0,0.0,0.0,2026.0,0.0,0.0,0.0,0.0
0.0,0.0,0.0,0.0,0.0,0.0,1.0,0.0,18.3,0.0,0.0,977.7,0.0,0.0,0.0,0.0,0.0,0.9659258262890681,0.7247927872291199,0.0,0.0,-2.4492935982947064e-16,0.0,0.0,0.0,0.0,3.9773465224917635,-0.8660254037844386,0.0,0.0,,True,-0.25881904510252157,0.0,0.0,0.0,0.0,0.0,0.6889669190756866,0.0,0.0,0.0,2026-10-04 23:00:00,0.0,2.5,0.0,0.0,0.0,360,21.587774223034735,0.0,0.5000000000000001,0.0,0.0,0.0,0.0,0.0,24.6,Chiang Mai,0.0,0.0,0.0,0.0,95,2.325595238095238,0.0,0.0,0.0,0.0,0.0,0.0,2026.0,0.0,0.0,0.0,0.0
0.0,0.0,0.0,0.0,0.0,0.0,0.9510565162951535,0.0,18.3,0.0,0.0,977.0,0.0,0.0,0.0,0.0,0.0,1.0,0.8486442574947509,0.0,0.0,-0.3090169943749476,0.0,0.0,0.0,0.0,3.970561848725923,-0.8660254037844386,0.0,0.0,,True,0.0,0.0,0.0,0.0,0.0,0.0,0.5289640103269624,0.0,0.0,0.0,2026-10-05 00:00:00,0.0,3.6,0.0,0.0,0.0,342,21.587774223034735,1.0,0.5000000000000001,0.0,0.0,0.0,0.0,0.0,24.3,Chiang Mai,0.0,0.0,-1.0,0.0,96,2.2892857142857146,0.0,0.0,0.0,0.0,0.0,0.0,2026.0,0.0,0.0,0.0,0.0
0.0,0.0,0.0,0.0,0.0,0.0,0.90630778703665,0.0,18.3,0.0,0.0,976.3,0.0,0.0,0.0,0.0,0.0,0.9659258262890683,0.8486442574947509,0.0,0.0,-0.4226182617406992,0.0,0.0,0.0,0.0,3.9675693804329057,-0.8660254037844386,0.0,0.0,,True,0.25881904510252074,0.0,0.0,0.0,0.0,0.0,0.5289640103269624,0.0,0.0,0.0,2026-10-05 01:00:00,0.0,4.2,0.0,0.0,0.0,335,21.587774223034735,0.0,0.5000000000000001,0.0,0.0,0.0,0.0,0.0,24.0,Chiang Mai,0.0,0.0,-2.0,0.0,96,2.2577380952380954,0.0,0.0,0.0,0.0,0.0,0.0,2026.0,0.0,0.0,0.0,0.0
0.0,0.0,0.0,0.0,0.0,0.0,0.8746197071393959,0.0,18.3,0.0,0.0,975.9,0.0,0.0,0.0,0.0,0.0,0.8660254037844387,0.8486442574947509,0.0,0.0,-0.4848096202463369,0.0,0.0,0.0,0.0,3.9671832235972966,-0.8660254037844386,0.0,0.0,,True,0.49999999999999994,0.0,0.0,0.0,0.0,0.0,0.5289640103269624,0.0,0.0,0.0,2026-10-05 02:00:00,0.0,4.1,0.0,0.0,0.0,331,21.587774223034735,0.0,0.5000000000000001,0.0,0.0,0.0,0.0,0.0,23.7,Chiang Mai,0.0,0.0,-2.0,0.0,96,2.230357142857143,0.0,0.0,0.0,0.0,0.0,0.0,2026.0,0.0,0.0,0.0,0.0
0.0,0.0,0.0,0.0,0.0,0.0,0.8191520442889916,0.0,18.3,0.0,0.0,975.6,0.0,0.0,0.0,0.0,0.0,0.7071067811865476,0.8486442574947509,0.0,0.0,-0.5735764363510465,0.0,0.0,0.0,0.0,3.9684940750772073,-0.8660254037844386,0.0,0.0,,True,0.7071067811865475,0.0,0.0,0.0,0.0,0.0,0.5289640103269624,0.0,0.0,0.0,2026-10-05 03:00:00,0.0,3.5,0.0,0.0,0.0,325,21.587774223034735,0.0,0.5000000000000001,0.0,0.0,0.0,0.0,0.0,23.5,Chiang Mai,0.0,0.0,-1.0,0.0,96,2.206547619047619,0.0,0.0,0.0,0.0,0.0,0.0,2026.0,0.0,0.0,0.0,0.0
0.0,0.0,0.0,0.0,0.0,0.0,0.8090169943749473,0.0,18.3,0.0,0.0,975.6,0.0,0.0,0.0,0.0,0.0,0.5000000000000001,0.8486442574947509,0.0,0.0,-0.5877852522924734,0.0,0.0,0.0,0.0,3.9711992839486747,-0.8660254037844386,0.0,0.0,,True,0.8660254037844386,0.0,0.0,0.0,0.0,0.0,0.5289640103269624,0.0,0.0,0.0,2026-10-05 04:00:00,0.0,3.1,0.0,0.0,0.0,324,21.587774223034735,0.0,0.5000000000000001,0.0,0.0,0.0,0.0,0.0,23.3,Chiang Mai,0.0,0.0,-1.0,0.0,96,2.1869047619047617,0.0,0.0,0.0,0.0,0.0,0.0,2026.0,0.0,0.0,0.0,0.0
0.0,0.0,0.0,0.0,0.0,0.0,0.8290375725550418,0.0,18.3,0.5,0.0,975.9,0.0,0.0,0.0,0.0,0.0,0.25881904510252074,0.8486442574947509,0.0,0.0,-0.5591929034707466,0.0,0.0,0.0,0.0,3.973967692078922,-0.8660254037844386,0.0,0.0,,True,0.9659258262890683,0.0,0.0,0.0,0.0,0.0,0.5289640103269624,0.0,0.0,0.0,2026-10-05 05:00:00,0.0,3.2,0.0,0.0,0.0,326,21.587774223034735,1.0,0.5000000000000001,0.0,0.0,0.0,0.0,0.0,23.1,Chiang Mai,0.0,0.0,0.0,0.0,97,2.1678571428571427,0.0,0.0,0.0,0.0,0.0,0.0,2026.0,0.4054651081081644,0.0,0.0,0.0
0.0,0.0,0.0,0.0,0.0,0.0,0.8746197071393959,0.0,18.3,0.5,0.0,976.7,0.0,0.0,0.0,0.0,0.0,6.123233995736766e-17,0.8486442574947509,0.0,0.0,-0.4848096202463369,0.0,0.0,0.0,0.0,3.9769275051165294,-0.8660254037844386,0.0,0.0,,True,1.0,0.0,0.0,0.0,0.0,0.0,0.5289640103269624,0.0,0.0,0.0,2026-10-05 06:00:00,0.0,3.3,0.0,0.0,0.0,331,21.587774223034735,0.0,0.5000000000000001,0.0,0.0,0.0,0.0,0.0,22.9,Chiang Mai,0.0,0.0,0.0,0.0,97,2.15,0.0,0.0,0.0,0.0,0.0,0.0,2026.0,0.4054651081081644,0.0,0.0,0.0
0.0,0.0,0.0,0.0,0.0,0.0,0.9271838545667873,0.0,18.3,0.5,0.0,977.4,0.0,0.0,0.0,0.0,0.0,-0.25881904510252063,0.8486442574947509,0.0,0.0,-0.37460659341591235,0.0,0.0,0.0,0.0,3.9795152908505553,-0.8660254037844386,0.0,0.0,,True,0.9659258262890683,0.0,0.0,0.0,0.0,0.0,0.5289640103269624,0.0,0.0,0.0,2026-10-05 07:00:00,0.0,3.3,0.0,0.0,0.0,338,21.587774223034735,-1.0,0.5000000000000001,0.0,0.0,0.0,0.0,0.0,23.1,Chiang Mai,0.0,0.0,0.0,0.0,96,2.130952380952381,0.0,0.0,0.0,0.0,0.0,0.0,2026.0,0.4054651081081644,0.0,0.0,0.0
0.0,0.0,0.0,0.0,0.0,0.0,0.9659258262890683,0.0,18.3,0.4,0.0,978.3,0.0,0.0,0.0,0.0,0.0,-0.4999999999999998,0.8486442574947509,0.0,0.0,-0.2588190451025207,0.0,0.0,0.0,0.0,3.96493613282925,-0.8660254037844386,0.0,0.0,,True,0.8660254037844387,0.0,0.0,0.0,0.0,0.0,0.5289640103269624,0.0,0.0,0.0,2026-10-05 08:00:00,0.0,2.8,0.0,0.0,0.0,345,21.587774223034735,-4.0,0.5000000000000001,0.0,0.0,0.0,0.0,0.0,24.0,Chiang Mai,0.0,0.0,-1.0,0.0,92,2.0892857142857144,0.0,0.0,0.0,0.0,0.0,0.0,2026.0,0.33647223662121295,0.0,0.0,0.0
0.0,0.0,0.0,0.0,0.0,0.0,1.0,0.0,18.3,0.4,0.0,979.2,0.0,0.0,0.0,0.0,0.0,-0.7071067811865475,0.8486442574947509,0.0,0.0,-2.4492935982947064e-16,0.0,0.0,0.0,0.0,3.9425260367502357,-0.8660254037844386,0.0,0.0,,True,0.7071067811865476,0.0,0.0,0.0,0.0,0.0,0.5289640103269624,0.0,0.0,0.0,2026-10-05 09:00:00,0.0,2.3,0.0,0.0,0.0,360,21.587774223034735,-5.0,0.5000000000000001,0.0,0.0,0.0,0.0,0.0,25.2,Chiang Mai,0.0,0.0,-2.0,0.0,87,2.042261904761905,0.0,0.0,0.0,0.0,0.0,0.0,2026.0,0.33647223662121295,0.0,0.0,0.0
0.0,0.0,0.0,0.0,0.0,0.0,0.8660254037844387,0.0,18.3,0.4,0.0,979.5,0.0,0.0,0.0,0.0,0.0,-0.8660254037844387,0.8486442574947509,0.0,0.0,0.49999999999999994,0.0,0.0,0.0,0.0,3.932439248593365,-0.8660254037844386,0.0,0.0,,True,0.49999999999999994,0.0,0.0,0.0,0.0,0.0,0.5289640103269624,0.0,0.0,0.0,2026-10-05 10:00:00,0.0,2.5,0.0,0.0,0.0,30,21.587774223034735,-4.0,0.5000000000000001,0.0,0.0,0.0,0.0,0.0,26.3,Chiang Mai,0.0,0.0,-1.0,0.0,83,2.0053571428571426,0.0,0.0,0.0,0.0,0.0,0.0,2026.0,0.33647223662121295,0.0,0.0,0.0
0.0,0.0,0.0,0.0,0.0,0.0,0.6427876096865394,0.0,18.3,0.2,0.0,978.8,0.0,0.0,0.0,0.0,0.0,-0.9659258262890682,0.8486442574947509,0.0,0.0,0.766044443118978,0.0,0.0,0.0,0.0,3.9249983751459,-0.8660254037844386,0.0,0.0,,True,0.258819045102521,0.0,0.0,0.0,0.0,0.0,0.5289640103269624,0.0,0.0,0.0,2026-10-05 11:00:00,0.0,4.7,0.0,0.0,0.0,50,21.587774223034735,-2.0,0.5000000000000001,0.0,0.0,0.0,0.0,0.0,26.8,Chiang Mai,0.0,0.0,1.0,0.0,81,1.9714285714285713,0.0,0.0,0.0,0.0,0.0,0.0,2026.0,0.18232155679395462,0.0,0.0,0.0
0.0,0.0,0.0,0.0,0.0,0.0,0.5591929034707468,0.0,18.3,0.2,0.0,977.5,0.0,0.0,0.0,0.0,0.0,-1.0,0.8486442574947509,0.0,0.0,0.8290375725550417,0.0,0.0,0.0,0.0,3.9230053914085325,-0.8660254037844386,0.0,0.0,,True,1.2246467991473532e-16,0.0,0.0,0.0,0.0,0.0,0.5289640103269624,0.0,0.0,0.0,2026-10-05 12:00:00,0.0,7.6,0.0,0.0,0.0,56,21.587774223034735,-2.0,0.5000000000000001,0.0,0.0,0.0,0.0,0.0,27.2,Chiang Mai,0.0,0.0,2.0,0.0,79,1.9446428571428567,0.0,0.0,0.0,0.0,0.0,0.0,2026.0,0.18232155679395462,0.0,0.0,0.0
0.0,0.0,0.0,0.0,0.0,0.0,0.5299192642332049,0.0,18.3,0.2,0.0,976.4,0.0,0.0,0.0,0.0,0.0,-0.9659258262890683,0.8486442574947509,0.0,0.0,0.848048096156426,0.0,0.0,0.0,0.0,3.9237368791674574,-0.8660254037844386,0.0,0.0,,True,-0.2588190451025208,0.0,0.0,0.0,0.0,0.0,0.5289640103269624,0.0,0.0,0.0,2026-10-05 13:00:00,0.0,8.9,0.0,0.0,0.0,58,21.587774223034735,-1.0,0.5000000000000001,0.0,0.0,0.0,0.0,0.0,27.4,Chiang Mai,0.0,0.0,3.0,0.0,78,1.9232142857142858,0.0,0.0,0.0,0.0,0.0,0.0,2026.0,0.18232155679395462,0.0,0.0,0.0
0.0,0.0,0.0,0.0,0.0,0.0,0.46947156278589086,0.0,18.3,0.5,0.0,975.4,0.0,0.0,0.0,0.0,0.0,-0.8660254037844388,0.8486442574947509,0.0,0.0,0.8829475928589269,0.0,0.0,0.0,0.0,3.923509726179938,-0.8660254037844386,0.0,0.0,,True,-0.4999999999999997,0.0,0.0,0.0,0.0,0.0,0.5289640103269624,0.0,0.0,0.0,2026-10-05 14:00:00,0.0,7.2,0.0,0.0,0.0,62,21.587774223034735,0.0,0.5000000000000001,0.0,0.0,0.0,0.0,0.0,27.6,Chiang Mai,0.0,0.0,3.0,0.0,78,1.9,0.0,0.0,0.0,0.0,0.0,0.0,2026.0,0.4054651081081644,0.0,0.0,0.0
0.0,0.0,0.0,0.0,0.0,0.0,0.3907311284892737,0.0,18.3,0.5,0.0,974.6,0.0,0.0,0.0,0.0,0.0,-0.7071067811865479,0.8486442574947509,0.0,0.0,0.9205048534524404,0.0,0.0,0.0,0.0,3.9162739979020866,-0.8660254037844386,0.0,0.0,,True,-0.7071067811865471,0.0,0.0,0.0,0.0,0.0,0.5289640103269624,0.0,0.0,0.0,2026-10-05 15:00:00,0.0,3.7,0.0,0.0,0.0,67,21.587774223034735,0.0,0.5000000000000001,0.0,0.0,0.0,0.0,0.0,27.8,Chiang Mai,0.0,0.0,1.0,0.0,78,1.8672619047619048,0.0,0.0,0.0,0.0,0.0,0.0,2026.0,0.4054651081081644,0.0,0.0,0.0
0.0,0.0,0.0,0.0,0.0,0.0,6.123233995736766e-17,0.0,18.3,0.5,0.0,974.3,0.0,0.0,0.0,0.0,0.0,-0.5000000000000004,0.8486442574947509,0.0,0.0,1.0,0.0,0.0,0.0,0.0,3.9122811150584043,-0.8660254037844386,0.0,0.0,,True,-0.8660254037844384,0.0,0.0,0.0,0.0,0.0,0.5289640103269624,0.0,0.0,0.0,2026-10-05 16:00:00,0.0,1.1,0.0,0.0,0.0,90,21.587774223034735,2.0,0.5000000000000001,0.0,0.0,0.0,0.0,0.0,27.6,Chiang Mai,0.0,0.0,1.0,0.0,80,1.838690476190476,0.0,0.0,0.0,0.0,0.0,0.0,2026.0,0.4054651081081644,0.0,0.0,0.0
0.0,0.0,0.0,0.0,0.0,0.0,-0.7071067811865477,0.0,18.3,1.0,0.0,975.0,0.0,0.0,0.0,0.0,0.0,-0.25881904510252063,0.8486442574947509,0.0,0.0,-0.7071067811865475,0.0,0.0,0.0,0.0,3.905065999700663,-0.8660254037844386,0.0,0.0,,True,-0.9659258262890683,0.0,0.0,0.0,0.0,0.0,0.5289640103269624,0.0,0.0,0.0,2026-10-05 17:00:00,0.0,0.8,0.0,0.0,0.0,225,21.587774223034735,4.0,0.5000000000000001,0.0,0.0,0.0,0.0,0.0,26.7,Chiang Mai,0.0,0.0,0.0,0.0,84,1.806547619047619,0.0,0.0,0.0,0.0,0.0,0.0,2026.0,0.6931471805599453,0.0,0.0,0.0
0.0,0.0,0.0,0.0,0.0,0.0,-0.30901699437494756,0.0,18.3,1.0,0.0,976.2,0.0,0.0,0.0,0.0,0.0,-1.8369701987210297e-16,0.8486442574947509,0.0,0.0,-0.9510565162951535,0.0,0.0,0.0,0.0,3.8850970692542997,-0.8660254037844386,0.0,0.0,,True,-1.0,0.0,0.0,0.0,0.0,0.0,0.5289640103269624,0.0,0.0,0.0,2026-10-05 18:00:00,0.0,1.7,0.0,0.0,0.0,252,21.587774223034735,6.0,0.5000000000000001,0.0,0.0,0.0,0.0,0.0,25.4,Chiang Mai,0.0,0.0,0.0,0.0,90,1.7636904761904764,0.0,0.0,0.0,0.0,0.0,0.0,2026.0,0.6931471805599453,0.0,0.0,0.0
0.0,0.0,0.0,0.0,0.0,0.0,-0.24192189559966779,0.0,18.3,1.0,0.0,977.4,0.0,0.0,0.0,0.0,0.0,0.2588190451025203,0.8486442574947509,0.0,0.0,-0.9702957262759965,0.0,0.0,0.0,0.0,3.866206236881289,-0.8660254037844386,0.0,0.0,,True,-0.9659258262890684,0.0,0.0,0.0,0.0,0.0,0.5289640103269624,0.0,0.0,0.0,2026-10-05 19:00:00,0.0,2.2,0.0,0.0,0.0,256,21.587774223034735,5.0,0.5000000000000001,0.0,0.0,0.0,0.0,0.0,24.3,Chiang Mai,0.0,0.0,0.0,0.0,95,1.7220238095238096,0.0,0.0,0.0,0.0,0.0,0.0,2026.0,0.6931471805599453,0.0,0.0,0.0
0.0,0.0,0.0,0.0,0.0,0.0,-0.4539904997395469,0.0,18.3,0.5,0.0,978.5,0.0,0.0,0.0,0.0,0.0,0.5000000000000001,0.8486442574947509,0.0,0.0,-0.8910065241883678,0.0,0.0,0.0,0.0,3.8415487516396944,-0.8660254037844386,0.0,0.0,,True,-0.8660254037844386,0.0,0.0,0.0,0.0,0.0,0.5289640103269624,0.0,0.0,0.0,2026-10-05 20:00:00,0.0,1.6,0.0,0.0,0.0,243,21.587774223034735,1.0,0.5000000000000001,0.0,0.0,0.0,0.0,0.0,23.7,Chiang Mai,0.0,0.0,0.0,0.0,96,1.6767857142857145,0.0,0.0,0.0,0.0,0.0,0.0,2026.0,0.4054651081081644,0.0,0.0,0.0
0.0,0.0,0.0,0.0,0.0,0.0,-0.981627183447664,0.0,18.3,0.5,0.0,979.5,0.0,0.0,0.0,0.0,0.0,0.7071067811865474,0.8486442574947509,0.0,0.0,-0.19080899537654472,0.0,0.0,0.0,0.0,3.8290607196671567,-0.8660254037844386,0.0,0.0,,True,-0.7071067811865477,0.0,0.0,0.0,0.0,0.0,0.5289640103269624,0.0,0.0,0.0,2026-10-05 21:00:00,0.0,0.9,0.0,0.0,0.0,191,21.587774223034735,-1.0,0.5000000000000001,0.0,0.0,0.0,0.0,0.0,23.4,Chiang Mai,0.0,0.0,0.0,0.0,95,1.6410714285714285,0.0,0.0,0.0,0.0,0.0,0.0,2026.0,0.4054651081081644,0.0,0.0,0.0
0.0,0.0,0.0,0.0,0.0,0.0,-0.8090169943749473,0.0,18.3,0.5,0.0,980.1,0.0,0.0,0.0,0.0,0.0,0.8660254037844384,0.8486442574947509,0.0,0.0,0.5877852522924732,0.0,0.0,0.0,0.0,3.824247912292194,-0.8660254037844386,0.0,0.0,,True,-0.5000000000000004,0.0,0.0,0.0,0.0,0.0,0.5289640103269624,0.0,0.0,0.0,2026-10-05 22:00:00,0.0,1.5,0.0,0.0,0.0,144,21.587774223034735,-1.0,0.5000000000000001,0.0,0.0,0.0,0.0,0.0,23.1,Chiang Mai,0.0,0.0,-1.0,0.0,94,1.6136904761904762,0.0,0.0,0.0,0.0,0.0,0.0,2026.0,0.4054651081081644,0.0,0.0,0.0
0.0,0.0,0.0,0.0,0.0,0.0,-0.7880107536067219,0.0,18.3,1.6,0.0,980.0,0.0,0.0,0.0,0.0,0.0,0.9659258262890681,0.8486442574947509,0.0,0.0,0.6156614753256584,0.0,0.0,0.0,0.0,3.8254858579427173,-0.8660254037844386,0.0,0.0,,True,-0.25881904510252157,0.0,0.0,0.0,0.0,0.0,0.5289640103269624,0.0,0.0,0.0,2026-10-05 23:00:00,0.0,2.1,0.0,0.0,0.0,142,21.587774223034735,1.0,0.5000000000000001,0.0,0.0,0.0,0.0,0.0,22.8,Chiang Mai,0.0,0.0,0.0,0.0,95,1.5982142857142858,0.0,0.0,0.0,0.0,0.0,0.0,2026.0,0.9555114450274365,0.0,0.0,0.0
0.0,0.0,0.0,0.0,0.0,0.0,-0.8290375725550416,0.0,18.3,1.6,0.0,979.5,0.0,0.0,0.0,0.0,0.0,1.0,0.9377521321470804,0.0,0.0,0.5591929034707469,0.0,0.0,0.0,0.0,3.827256348412344,-0.8660254037844386,0.0,0.0,,True,0.0,0.0,0.0,0.0,0.0,0.0,0.3473052528448203,0.0,0.0,0.0,2026-10-06 00:00:00,0.0,2.6,0.0,0.0,0.0,146,21.587774223034735,1.0,0.5000000000000001,0.0,0.0,0.0,0.0,0.0,22.5,Chiang Mai,0.0,0.0,0.0,0.0,96,1.5857142857142859,0.0,0.0,0.0,0.0,0.0,0.0,2026.0,0.9555114450274365,0.0,0.0,0.0
0.0,0.0,0.0,0.0,0.0,0.0,-0.8660254037844387,0.0,18.3,1.6,0.0,979.1,0.0,0.0,0.0,0.0,0.0,0.9659258262890683,0.9377521321470804,0.0,0.0,0.49999999999999994,0.0,0.0,0.0,0.0,3.8289852132915647,-0.8660254037844386,0.0,0.0,,True,0.25881904510252074,0.0,0.0,0.0,0.0,0.0,0.3473052528448203,0.0,0.0,0.0,2026-10-06 01:00:00,0.0,2.9,0.0,0.0,0.0,150,21.587774223034735,1.0,0.5000000000000001,0.0,0.0,0.0,0.0,0.0,22.4,Chiang Mai,0.0,0.0,1.0,0.0,97,1.5732142857142855,0.0,0.0,0.0,0.0,0.0,0.0,2026.0,0.9555114450274365,0.0,0.0,0.0
0.0,0.0,0.0,0.0,0.0,0.0,0.9135454576426009,0.0,18.3,0.1,0.0,978.9,0.0,0.0,0.0,0.0,0.0,0.8660254037844387,0.9377521321470804,0.0,0.0,0.4067366430758002,0.0,0.0,0.0,0.0,3.83080884042549,-0.8660254037844386,0.0,0.0,,True,0.49999999999999994,0.0,0.0,0.0,0.0,0.0,0.3473052528448203,0.0,0.0,0.0,2026-10-06 02:00:00,0.0,3.1,0.0,0.0,0.0,24,21.587774223034735,1.0,0.5000000000000001,0.0,0.0,0.0,0.0,0.0,22.4,Chiang Mai,0.0,0.0,2.0,0.0,98,1.5619047619047617,0.0,0.0,0.0,0.0,0.0,0.0,2026.0,0.09531017980432487,0.0,0.0,0.0
0.0,0.0,0.0,0.0,0.0,0.0,0.9205048534524404,0.0,18.3,0.1,0.0,979.0,0.0,0.0,0.0,0.0,0.0,0.7071067811865476,0.9377521321470804,0.0,0.0,0.39073112848927377,0.0,0.0,0.0,0.0,3.8326903021003482,-0.8660254037844386,0.0,0.0,,True,0.7071067811865475,0.0,0.0,0.0,0.0,0.0,0.3473052528448203,0.0,0.0,0.0,2026-10-06 03:00:00,0.0,2.7,0.0,0.0,0.0,23,21.587774223034735,-1.0,0.5000000000000001,0.0,0.0,0.0,0.0,0.0,22.3,Chiang Mai,0.0,0.0,1.0,0.0,97,1.5529761904761903,0.0,0.0,0.0,0.0,0.0,0.0,2026.0,0.09531017980432487,0.0,0.0,0.0
0.0,0.0,0.0,0.0,0.0,0.0,0.9659258262890683,0.0,18.3,0.1,0.0,979.1,0.0,0.0,0.0,0.0,0.0,0.5000000000000001,0.9377521321470804,0.0,0.0,0.25881904510252074,0.0,0.0,0.0,0.0,3.834459267873911,-0.8660254037844386,0.0,0.0,,True,0.8660254037844386,0.0,0.0,0.0,0.0,0.0,0.3473052528448203,0.0,0.0,0.0,2026-10-06 04:00:00,0.0,2.1,0.0,0.0,0.0,15,21.587774223034735,-1.0,0.5000000000000001,0.0,0.0,0.0,0.0,0.0,22.3,Chiang Mai,0.0,0.0,0.0,0.0,96,1.5458333333333332,0.0,0.0,0.0,0.0,0.0,0.0,2026.0,0.09531017980432487,0.0,0.0,0.0
0.0,0.0,0.0,0.0,0.0,0.0,0.992546151641322,0.0,18.3,0.1,0.0,979.2,0.0,0.0,0.0,0.0,0.0,0.25881904510252074,0.9377521321470804,0.0,0.0,0.12186934340514748,0.0,0.0,0.0,0.0,3.8362880046683023,-0.8660254037844386,0.0,0.0,,True,0.9659258262890683,0.0,0.0,0.0,0.0,0.0,0.3473052528448203,0.0,0.0,0.0,2026-10-06 05:00:00,0.0,1.5,0.0,0.0,0.0,7,21.587774223034735,-2.0,0.5000000000000001,0.0,0.0,0.0,0.0,0.0,22.4,Chiang Mai,0.0,0.0,-3.0,0.0,94,1.5374999999999996,0.0,0.0,0.0,0.0,0.0,0.0,2026.0,0.09531017980432487,0.0,0.0,0.0
0.0,0.0,0.0,0.0,0.0,0.0,1.0,0.0,18.3,0.1,0.0,979.3,0.0,0.0,0.0,0.0,0.0,6.123233995736766e-17,0.9377521321470804,0.0,0.0,-2.4492935982947064e-16,0.0,0.0,0.0,0.0,3.8380876683725424,-0.8660254037844386,0.0,0.0,,True,1.0,0.0,0.0,0.0,0.0,0.0,0.3473052528448203,0.0,0.0,0.0,2026-10-06 06:00:00,0.0,0.9,0.0,0.0,0.0,360,21.587774223034735,-1.0,0.5000000000000001,0.0,0.0,0.0,0.0,0.0,22.6,Chiang Mai,0.0,0.0,-4.0,0.0,93,1.5273809523809523,0.0,0.0,0.0,0.0,0.0,0.0,2026.0,0.09531017980432487,0.0,0.0,0.0
0.0,0.0,0.0,0.0,0.0,0.0,0.9510565162951535,0.0,18.3,0.1,0.0,979.2,0.0,0.0,0.0,0.0,0.0,-0.25881904510252063,0.9377521321470804,0.0,0.0,0.3090169943749474,0.0,0.0,0.0,0.0,3.8396217553195138,-0.8660254037844386,0.0,0.0,,True,0.9659258262890683,0.0,0.0,0.0,0.0,0.0,0.3473052528448203,0.0,0.0,0.0,2026-10-06 07:00:00,0.0,0.6,0.0,0.0,0.0,18,21.587774223034735,-2.0,0.5000000000000001,0.0,0.0,0.0,0.0,0.0,22.8,Chiang Mai,0.0,0.0,-5.0,0.0,91,1.514880952380952,0.0,0.0,0.0,0.0,0.0,0.0,2026.0,0.09531017980432487,0.0,0.0,0.0
0.0,0.0,0.0,0.0,0.0,0.0,0.15643446504023092,0.0,18.3,0.5,0.0,979.1,0.0,0.0,0.0,0.0,0.0,-0.4999999999999998,0.9377521321470804,0.0,0.0,0.9876883405951378,0.0,0.0,0.0,0.0,3.8376358581282615,-0.8660254037844386,0.0,0.0,,True,0.8660254037844387,0.0,0.0,0.0,0.0,0.0,0.3473052528448203,0.0,0.0,0.0,2026-10-06 08:00:00,0.0,1.1,0.0,0.0,0.0,81,21.587774223034735,-2.0,0.5000000000000001,0.0,0.0,0.0,0.0,0.0,23.3,Chiang Mai,0.0,0.0,-3.0,0.0,89,1.4928571428571427,0.0,0.0,0.0,0.0,0.0,0.0,2026.0,0.4054651081081644,0.0,0.0,0.0
0.0,0.0,0.0,0.0,0.0,0.0,-0.06975647374412533,0.0,18.3,0.5,0.0,978.9,0.0,0.0,0.0,0.0,0.0,-0.7071067811865475,0.9377521321470804,0.0,0.0,0.9975640502598242,0.0,0.0,0.0,0.0,3.8248002852727123,-0.8660254037844386,0.0,0.0,,True,0.7071067811865476,0.0,0.0,0.0,0.0,0.0,0.3473052528448203,0.0,0.0,0.0,2026-10-06 09:00:00,0.0,2.7,0.0,0.0,0.0,94,21.587774223034735,-2.0,0.5000000000000001,0.0,0.0,0.0,0.0,0.0,24.0,Chiang Mai,0.0,0.0,0.0,0.0,87,1.4583333333333333,0.0,0.0,0.0,0.0,0.0,0.0,2026.0,0.4054651081081644,0.0,0.0,0.0
0.0,0.0,0.0,0.0,0.0,0.0,-0.12186934340514737,0.0,18.3,0.5,0.0,978.7,0.0,0.0,0.0,0.0,0.0,-0.8660254037844387,0.9377521321470804,0.0,0.0,0.9925461516413221,0.0,0.0,0.0,0.0,3.8116088044295067,-0.8660254037844386,0.0,0.0,,True,0.49999999999999994,0.0,0.0,0.0,0.0,0.0,0.3473052528448203,0.0,0.0,0.0,2026-10-06 10:00:00,0.0,4.4,0.0,0.0,0.0,97,21.587774223034735,-2.0,0.5000000000000001,0.0,0.0,0.0,0.0,0.0,24.8,Chiang Mai,0.0,0.0,2.0,0.0,85,1.4238095238095236,0.0,0.0,0.0,0.0,0.0,0.0,2026.0,0.4054651081081644,0.0,0.0,0.0
0.0,0.0,0.0,0.0,0.0,0.0,-0.13917310096006535,0.0,18.3,0.5,0.0,978.5,0.0,0.0,0.0,0.0,0.0,-0.9659258262890682,0.9377521321470804,0.0,0.0,0.9902680687415704,0.0,0.0,0.0,0.0,3.7959123926741434,-0.8660254037844386,0.0,0.0,,True,0.258819045102521,0.0,0.0,0.0,0.0,0.0,0.3473052528448203,0.0,0.0,0.0,2026-10-06 11:00:00,0.0,6.2,0.0,0.0,0.0,98,21.587774223034735,-2.0,0.5000000000000001,0.0,0.0,0.0,0.0,0.0,25.6,Chiang Mai,0.0,0.0,2.0,0.0,83,1.3875,0.0,0.0,0.0,0.0,0.0,0.0,2026.0,0.4054651081081644,0.0,0.0,0.0
0.0,0.0,0.0,0.0,0.0,0.0,-0.1736481776669303,0.0,18.3,0.5,0.0,978.2,0.0,0.0,0.0,0.0,0.0,-1.0,0.9377521321470804,0.0,0.0,0.984807753012208,0.0,0.0,0.0,0.0,3.7774865198431047,-0.8660254037844386,0.0,0.0,,True,1.2246467991473532e-16,0.0,0.0,0.0,0.0,0.0,0.3473052528448203,0.0,0.0,0.0,2026-10-06 12:00:00,0.0,7.3,0.0,0.0,0.0,100,21.587774223034735,-1.0,0.5000000000000001,0.0,0.0,0.0,0.0,0.0,26.2,Chiang Mai,0.0,0.0,3.0,0.0,82,1.3494047619047618,0.0,0.0,0.0,0.0,0.0,0.0,2026.0,0.4054651081081644,0.0,0.0,0.0
0.0,0.0,0.0,0.0,0.0,0.0,-0.1908089953765448,0.0,18.3,0.5,0.0,978.1,0.0,0.0,0.0,0.0,0.0,-0.9659258262890683,0.9377521321470804,0.0,0.0,0.981627183447664,0.0,0.0,0.0,0.0,3.769423572306556,-0.8660254037844386,0.0,0.0,,True,-0.2588190451025208,0.0,0.0,0.0,0.0,0.0,0.3473052528448203,0.0,0.0,0.0,2026-10-06 13:00:00,0.0,7.9,0.0,0.0,0.0,101,21.587774223034735,0.0,0.5000000000000001,0.0,0.0,0.0,0.0,0.0,26.5,Chiang Mai,0.0,0.0,4.0,0.0,82,1.3208333333333333,0.0,0.0,0.0,0.0,0.0,0.0,2026.0,0.4054651081081644,0.0,0.0,0.0
0.0,0.0,0.0,0.0,0.0,0.0,-0.22495105434386503,0.0,18.3,0.8,0.0,978.1,0.0,0.0,0.0,0.0,0.0,-0.8660254037844388,0.9377521321470804,0.0,0.0,0.9743700647852352,0.0,0.0,0.0,0.0,3.764169328567324,-0.8660254037844386,0.0,0.0,,True,-0.4999999999999997,0.0,0.0,0.0,0.0,0.0,0.3473052528448203,0.0,0.0,0.0,2026-10-06 14:00:00,0.0,7.4,0.0,0.0,0.0,103,21.587774223034735,0.0,0.5000000000000001,0.0,0.0,0.0,0.0,0.0,26.4,Chiang Mai,0.0,0.0,4.0,0.0,82,1.2958333333333332,0.0,0.0,0.0,0.0,0.0,0.0,2026.0,0.5877866649021191,0.0,0.0,0.0
0.0,0.0,0.0,0.0,0.0,0.0,-0.29237170472273666,0.0,18.3,0.8,0.0,978.0,0.0,0.0,0.0,0.0,0.0,-0.7071067811865479,0.9377521321470804,0.0,0.0,0.9563047559630355,0.0,0.0,0.0,0.0,3.7526702511152563,-0.8660254037844386,0.0,0.0,,True,-0.7071067811865471,0.0,0.0,0.0,0.0,0.0,0.3473052528448203,0.0,0.0,0.0,2026-10-06 15:00:00,0.0,6.2,0.0,0.0,0.0,107,21.587774223034735,2.0,0.5000000000000001,0.0,0.0,0.0,0.0,0.0,26.2,Chiang Mai,0.0,0.0,6.0,0.0,84,1.2642857142857142,0.0,0.0,0.0,0.0,0.0,0.0,2026.0,0.5877866649021191,0.0,0.0,0.0
0.0,0.0,0.0,0.0,0.0,0.0,-0.39073112848927377,0.0,18.3,0.8,0.0,978.1,0.0,0.0,0.0,0.0,0.0,-0.5000000000000004,0.9377521321470804,0.0,0.0,0.9205048534524403,0.0,0.0,0.0,0.0,3.7381520601535105,-0.8660254037844386,0.0,0.0,,True,-0.8660254037844384,0.0,0.0,0.0,0.0,0.0,0.3473052528448203,0.0,0.0,0.0,2026-10-06 16:00:00,0.0,4.5,0.0,0.0,0.0,113,21.587774223034735,2.0,0.5000000000000001,0.0,0.0,0.0,0.0,0.0,25.7,Chiang Mai,0.0,0.0,6.0,0.0,86,1.2303571428571427,0.0,0.0,0.0,0.0,0.0,0.0,2026.0,0.5877866649021191,0.0,0.0,0.0
0.0,0.0,0.0,0.0,0.0,0.0,-0.6156614753256583,0.0,18.3,0.8,0.0,978.1,0.0,0.0,0.0,0.0,0.0,-0.25881904510252063,0.9377521321470804,0.0,0.0,0.788010753606722,0.0,0.0,0.0,0.0,3.7194652054292825,-0.8660254037844386,0.0,0.0,,True,-0.9659258262890683,0.0,0.0,0.0,0.0,0.0,0.3473052528448203,0.0,0.0,0.0,2026-10-06 17:00:00,0.0,3.0,0.0,0.0,0.0,128,21.587774223034735,2.0,0.5000000000000001,0.0,0.0,0.0,0.0,0.0,25.2,Chiang Mai,0.0,0.0,4.0,0.0,88,1.193452380952381,0.0,0.0,0.0,0.0,0.0,0.0,2026.0,0.5877866649021191,0.0,0.0,0.0
0.0,0.0,0.0,0.0,0.0,0.0,-0.9271838545667873,0.0,18.3,0.8,0.0,978.2,0.0,0.0,0.0,0.0,0.0,-1.8369701987210297e-16,0.9377521321470804,0.0,0.0,0.37460659341591224,0.0,0.0,0.0,0.0,3.689399180402993,-0.8660254037844386,0.0,0.0,,True,-1.0,0.0,0.0,0.0,0.0,0.0,0.3473052528448203,0.0,0.0,0.0,2026-10-06 18:00:00,0.0,1.9,0.0,0.0,0.0,158,21.587774223034735,2.0,0.5000000000000001,0.0,0.0,0.0,0.0,0.0,24.7,Chiang Mai,0.0,0.0,0.0,0.0,90,1.1494047619047618,0.0,0.0,0.0,0.0,0.0,0.0,2026.0,0.5877866649021191,0.0,0.0,0.0
0.0,0.0,0.0,0.0,0.0,0.0,-0.9743700647852352,0.0,18.3,0.8,0.0,978.3,0.0,0.0,0.0,0.0,0.0,0.2588190451025203,0.9377521321470804,0.0,0.0,-0.22495105434386498,0.0,0.0,0.0,0.0,3.6425793058536295,-0.8660254037844386,0.0,0.0,,True,-0.9659258262890684,0.0,0.0,0.0,0.0,0.0,0.3473052528448203,0.0,0.0,0.0,2026-10-06 19:00:00,0.0,1.7,0.0,0.0,0.0,193,21.587774223034735,1.0,0.5000000000000001,0.0,0.0,0.0,0.0,0.0,24.4,Chiang Mai,0.0,0.0,-4.0,0.0,91,1.0970238095238096,0.0,0.0,0.0,0.0,0.0,0.0,2026.0,0.5877866649021191,0.0,0.0,0.0
0.0,0.0,0.0,0.0,0.0,0.0,-0.8480480961564261,0.0,18.3,0.1,0.0,978.5,0.0,0.0,0.0,0.0,0.0,0.5000000000000001,0.9377521321470804,0.0,0.0,-0.5299192642332048,0.0,0.0,0.0,0.0,3.5230525248668267,-0.8660254037844386,0.0,0.0,,True,-0.8660254037844386,0.0,0.0,0.0,0.0,0.0,0.3473052528448203,0.0,0.0,0.0,2026-10-06 20:00:00,0.0,1.7,0.0,0.0,0.0,212,21.587774223034735,2.0,0.5000000000000001,0.0,0.0,0.0,0.0,0.0,24.1,Chiang Mai,0.0,0.0,-3.0,0.0,93,1.019047619047619,0.0,0.0,0.0,0.0,0.0,0.0,2026.0,0.09531017980432487,0.0,0.0,0.0
0.0,0.0,0.0,0.0,0.0,0.0,-0.7071067811865477,0.0,18.3,0.1,0.0,978.7,0.0,0.0,0.0,0.0,0.0,0.7071067811865474,0.9377521321470804,0.0,0.0,-0.7071067811865475,0.0,0.0,0.0,0.0,3.3658384829505197,-0.8660254037844386,0.0,0.0,,True,-0.7071067811865477,0.0,0.0,0.0,0.0,0.0,0.3473052528448203,0.0,0.0,0.0,2026-10-06 21:00:00,0.0,1.5,0.0,0.0,0.0,225,21.587774223034735,1.0,0.5000000000000001,0.0,0.0,0.0,0.0,0.0,23.8,Chiang Mai,0.0,0.0,-1.0,0.0,94,0.9327380952380951,0.0,0.0,0.0,0.0,0.0,0.0,2026.0,0.09531017980432487,0.0,0.0,0.0
0.0,0.0,0.0,0.0,0.0,0.0,-0.4539904997395469,0.0,18.3,0.1,0.0,979.0,0.0,0.0,0.0,0.0,0.0,0.8660254037844384,0.9377521321470804,0.0,0.0,-0.8910065241883678,0.0,0.0,0.0,0.0,3.177589245434094,-0.8660254037844386,0.0,0.0,,True,-0.5000000000000004,0.0,0.0,0.0,0.0,0.0,0.3473052528448203,0.0,0.0,0.0,2026-10-06 22:00:00,0.0,1.2,0.0,0.0,0.0,243,21.587774223034735,1.0,0.5000000000000001,0.0,0.0,0.0,0.0,0.0,23.6,Chiang Mai,0.0,0.0,1.0,0.0,95,0.8416666666666667,0.0,0.0,0.0,0.0,0.0,0.0,2026.0,0.09531017980432487,0.0,0.0,0.0
0.0,0.0,0.0,0.0,0.0,0.0,-0.1908089953765446,0.0,18.3,0.1,0.0,979.3,0.0,0.0,0.0,0.0,0.0,0.9659258262890681,0.9377521321470804,0.0,0.0,-0.981627183447664,0.0,0.0,0.0,0.0,2.941244116035487,-0.8660254037844386,0.0,0.0,,True,-0.25881904510252157,0.0,0.0,0.0,0.0,0.0,0.3473052528448203,0.0,0.0,0.0,2026-10-06 23:00:00,0.0,0.9,0.0,0.0,0.0,259,21.587774223034735,1.0,0.5000000000000001,0.0,0.0,0.0,0.0,0.0,23.4,Chiang Mai,0.0,0.0,1.0,0.0,96,0.7440476190476191,0.0,0.0,0.0,0.0,0.0,0.0,2026.0,0.09531017980432487,0.0,0.0,0.0
,,9.3,,,,,,,0.0,,966.6,,,,,,,,,,,,,2.6125,,,,,,9.3,False,,,,,,,,,,,2026-09-22 23:00:00,,3.9,,,,283,,,,,,,0.75,,25.2,Chiang Rai,,,,2.6125,83,,,,,,,,,,,,
,,10.0,,,,,,,0.0,,966.2,,,,,,,,,,,,,2.6125,,,,,,10.0,False,,,,,,,,,,,2026-09-23 00:00:00,,4.1,,,,308,,,,,,,0.75,,24.4,Chiang Rai,,,,2.6125,87,,,,,,,,,,,,
,,10.7,,,,,,,0.0,,966.0,,,,,,,,,,,,,2.6125,,,,,,10.7,False,,,,,,,,,,,2026-09-23 01:00:00,,2.8,,,,320,,,,,,,0.75,,23.7,Chiang Rai,,,,2.6125,91,,,,,,,,,,,,
,,10.9,,,,,,,0.0,,965.6,,,,,,,,,,,,,2.6125,,,,,,10.9,False,,,,,,,,,,,2026-09-23 02:00:00,,3.0,,,,327,,,,,,,0.75,,23.1,Chiang Rai,,,,2.6125,93,,,,,,,,,,,,
,,10.9,,,,,,,0.0,,965.3,,,,,,,,,,,,,2.6125,,,,,,10.9,False,,,,,,,,,,,2026-09-23 03:00:00,,2.9,,,,317,,,,,,,0.75,,22.8,Chiang Rai,,,,2.6125,93,,,,,,,,,,,,
,,10.7,,,,,,,0.0,,965.1,,,,,,,,,,,,,2.6125,,,,,,10.7,False,,,,,,,,,,,2026-09-23 04:00:00,,2.6,,,,321,,,,,,,0.75,,22.4,Chiang Rai,,,,2.6125,94,,,,,,,,,,,,
,,10.6,,,,,,,0.0,,965.1,,,,,,,,,,,,,2.6125,,,,,,10.6,False,,,,,,,,,,,2026-09-23 05:00:00,,2.4,,,,324,,,,,,,0.75,,22.2,Chiang Rai,,,,2.6125,93,,,,,,,,,,,,
,,10.7,,,,,,,0.0,,965.1,,,,,,,,,,,,,2.6125,,,,,,10.7,False,,,,,,,,,,,2026-09-23 06:00:00,,2.8,,,,320,,,,,,,0.75,,22.0,Chiang Rai,,,,2.6125,93,,,,,,,,,,,,
,,2.4,,,,,,,0.0,,966.3,,,,,,,,,,,,,2.6125,,,,,,2.4,False,,,,,,,,,,,2026-09-23 07:00:00,,3.6,,,,300,,,,,,,0.75,,23.3,Chiang Rai,,,,2.6125,92,,,,,,,,,,,,
,,2.4,,,,,,,0.0,,967.4,,,,,,,,,,,,,2.6125,,,,,,2.4,False,,,,,,,,,,,2026-09-23 08:00:00,,1.9,,,,292,,,,,,,0.75,,25.9,Chiang Rai,,,,2.6125,81,,,,,,,,,,,,
,,1.7,,,,,,,0.0,,968.1,,,,,,,,,,,,,2.6125,,,,,,1.7,False,,,,,,,,,,,2026-09-23 09:00:00,,1.1,,,,72,,,,,,,0.75,,27.7,Chiang Rai,,,,2.6125,74,,,,,,,,,,,,
,,1.6,,,,,,,0.0,,968.3,,,,,,,,,,,,,2.6125,,,,,,1.6,False,,,,,,,,,,,2026-09-23 10:00:00,,4.7,,,,62,,,,,,,0.75,,28.6,Chiang Rai,,,,2.6125,70,,,,,,,,,,,,
,,2.1,,,,,,,0.3,,967.9,,,,,,,,,,,,,2.6125,,,,,,2.1,False,,,,,,,,,,,2026-09-23 11:00:00,,5.6,,,,50,,,,,,,0.75,,29.2,Chiang Rai,,,,2.6125,68,,,,,,,,,,,,
,,3.3,,,,,,,0.1,,967.5,,,,,,,,,,,,,2.6125,,,,,,3.3,False,,,,,,,,,,,2026-09-23 12:00:00,,6.2,,,,54,,,,,,,0.75,,30.0,Chiang Rai,,,,2.6125,62,,,,,,,,,,,,
,,4.4,,,,,,,0.1,,966.8,,,,,,,,,,,,,2.6125,,,,,,4.4,False,,,,,,,,,,,2026-09-23 13:00:00,,6.5,,,,56,,,,,,,0.75,,30.3,Chiang Rai,,,,2.6125,59,,,,,,,,,,,,
,,5.4,,,,,,,0.1,,965.6,,,,,,,,,,,,,2.6125,,,,,,5.4,False,,,,,,,,,,,2026-09-23 14:00:00,,5.8,,,,56,,,,,,,0.75,,30.5,Chiang Rai,,,,2.6125,60,,,,,,,,,,,,
,,6.0,,,,,,,0.0,,964.2,,,,,,,,,,,,,2.6125,,,,,,6.0,False,,,,,,,,,,,2026-09-23 15:00:00,,5.2,,,,61,,,,,,,0.75,,30.4,Chiang Rai,,,,2.6125,60,,,,,,,,,,,,
,,6.4,,,,,,,0.0,,964.1,,,,,,,,,,,,,2.6125,,,,,,6.4,False,,,,,,,,,,,2026-09-23 16:00:00,,4.1,,,,61,,,,,,,0.75,,30.2,Chiang Rai,,,,2.6125,60,,,,,,,,,,,,
,,7.1,,,,,,,0.1,,963.6,,,,,,,,,,,,,2.6125,,,,,,7.1,False,,,,,,,,,,,2026-09-23 17:00:00,,4.6,,,,36,,,,,,,0.75,,29.6,Chiang Rai,,,,2.6125,63,,,,,,,,,,,,
,,8.4,,,,,,,0.0,,963.6,,,,,,,,,,,,,2.6125,,,,,,8.4,False,,,,,,,,,,,2026-09-23 18:00:00,,1.9,,,,311,,,,,,,0.75,,28.5,Chiang Rai,,,,2.6125,73,,,,,,,,,,,,
,,5.1,,,,,,,0.0,,963.9,,,,,,,,,,,,,2.6125,,,,,,5.1,False,,,,,,,,,,,2026-09-23 19:00:00,,3.6,,,,267,,,,,,,0.75,,27.1,Chiang Rai,,,,2.6125,81,,,,,,,,,,,,
,,6.1,,,,,,,0.0,,964.8,,,,,,,,,,,,,2.6125,,,,,,6.1,False,,,,,,,,,,,2026-09-23 20:00:00,,4.8,,,,281,,,,,,,0.75,,26.2,Chiang Rai,,,,2.6125,84,,,,,,,,,,,,
,,7.2,,,,,,,0.0,,965.5,,,,,,,,,,,,,2.6125,,,,,,7.2,False,,,,,,,,,,,2026-09-23 21:00:00,,4.2,,,,290,,,,,,,0.75,,25.4,Chiang Rai,,,,2.6125,85,,,,,,,,,,,,
,,8.4,,,,,,,0.0,,966.0,,,,,,,,,,,,,2.6125,,,,,,8.4,False,,,,,,,,,,,2026-09-23 22:00:00,,4.3,,,,303,,,,,,,0.75,,24.6,Chiang Rai,,,,2.6125,88,,,,,,,,,,,,
,,9.5,,,,,,,0.0,,966.3,,,,,,,,,,,,,2.6125,,,,,,9.5,False,,,,,,,,,,,2026-09-23 23:00:00,,5.2,,,,301,,,,,,,0.75,,23.8,Chiang Rai,,,,2.6125,92,,,,,,,,,,,,
,,10.4,,,,,,,0.0,,965.9,,,,,,,,,,,,,4.67,,,,,,10.4,False,,,,,,,,,,,2026-09-24 00:00:00,,4.6,,,,301,,,,,,,1.0,,23.1,Chiang Rai,,,,4.67,94,,,,,,,,,,,,
,,11.0,,,,,,,0.0,,965.8,,,,,,,,,,,,,4.67,,,,,,11.0,False,,,,,,,,,,,2026-09-24 01:00:00,,4.0,,,,302,,,,,,,1.0,,22.8,Chiang Rai,,,,4.67,95,,,,,,,,,,,,
,,11.0,,,,,,,0.0,,965.5,,,,,,,,,,,,,4.67,,,,,,11.0,False,,,,,,,,,,,2026-09-24 02:00:00,,3.7,,,,309,,,,,,,1.0,,22.3,Chiang Rai,,,,4.67,96,,,,,,,,,,,,
,,10.2,,,,,,,0.0,,965.4,,,,,,,,,,,,,4.67,,,,,,10.2,False,,,,,,,,,,,2026-09-24 03:00:00,,3.6,,,,319,,,,,,,1.0,,21.9,Chiang Rai,,,,4.67,96,,,,,,,,,,,,
,,9.9,,,,,,,0.0,,965.3,,,,,,,,,,,,,4.67,,,,,,9.9,False,,,,,,,,,,,2026-09-24 04:00:00,,3.6,,,,311,,,,,,,1.0,,21.6,Chiang Rai,,,,4.67,96,,,,,,,,,,,,
,,10.2,,,,,,,0.0,,965.2,,,,,,,,,,,,,4.67,,,,,,10.2,False,,,,,,,,,,,2026-09-24 05:00:00,,3.1,,,,320,,,,,,,1.0,,21.3,Chiang Rai,,,,4.67,96,,,,,,,,,,,,
,,10.2,,,,,,,0.0,,965.7,,,,,,,,,,,,,4.67,,,,,,10.2,False,,,,,,,,,,,2026-09-24 06:00:00,,2.4,,,,324,,,,,,,1.0,,21.1,Chiang Rai,,,,4.67,96,,,,,,,,,,,,
,,5.2,,,,,,,0.0,,966.8,,,,,,,,,,,,,4.67,,,,,,5.2,False,,,,,,,,,,,2026-09-24 07:00:00,,2.7,,,,290,,,,,,,1.0,,22.5,Chiang Rai,,,,4.67,97,,,,,,,,,,,,
,,5.2,,,,,,,0.0,,967.7,,,,,,,,,,,,,4.67,,,,,,5.2,False,,,,,,,,,,,2026-09-24 08:00:00,,1.7,,,,288,,,,,,,1.0,,25.3,Chiang Rai,,,,4.67,82,,,,,,,,,,,,
,,5.0,,,,,,,0.0,,968.1,,,,,,,,,,,,,4.67,,,,,,5.0,False,,,,,,,,,,,2026-09-24 09:00:00,,2.7,,,,356,,,,,,,1.0,,27.4,Chiang Rai,,,,4.67,71,,,,,,,,,,,,
,,5.9,,,,,,,0.0,,968.0,,,,,,,,,,,,,4.67,,,,,,5.9,False,,,,,,,,,,,2026-09-24 10:00:00,,7.5,,,,21,,,,,,,1.0,,28.9,Chiang Rai,,,,4.67,65,,,,,,,,,,,,
,,5.4,,,,,,,0.0,,967.4,,,,,,,,,,,,,4.67,,,,,,5.4,False,,,,,,,,,,,2026-09-24 11:00:00,,9.3,,,,36,,,,,,,1.0,,29.8,Chiang Rai,,,,4.67,61,,,,,,,,,,,,
,,4.9,,,,,,,0.1,,966.5,,,,,,,,,,,,,4.67,,,,,,4.9,False,,,,,,,,,,,2026-09-24 12:00:00,,8.9,,,,48,,,,,,,1.0,,30.3,Chiang Rai,,,,4.67,59,,,,,,,,,,,,
,,4.7,,,,,,,0.1,,966.1,,,,,,,,,,,,,4.67,,,,,,4.7,False,,,,,,,,,,,2026-09-24 13:00:00,,7.6,,,,43,,,,,,,1.0,,30.6,Chiang Rai,,,,4.67,59,,,,,,,,,,,,
,,4.4,,,,,,,0.0,,964.4,,,,,,,,,,,,,4.67,,,,,,4.4,False,,,,,,,,,,,2026-09-24 14:00:00,,7.5,,,,33,,,,,,,1.0,,30.8,Chiang Rai,,,,4.67,59,,,,,,,,,,,,
,,4.2,,,,,,,0.0,,963.5,,,,,,,,,,,,,4.67,,,,,,4.2,False,,,,,,,,,,,2026-09-24 15:00:00,,6.7,,,,44,,,,,,,1.0,,30.8,Chiang Rai,,,,4.67,59,,,,,,,,,,,,
,,4.1,,,,,,,0.6,,962.9,,,,,,,,,,,,,4.67,,,,,,4.1,False,,,,,,,,,,,2026-09-24 16:00:00,,7.7,,,,72,,,,,,,1.0,,30.1,Chiang Rai,,,,4.67,63,,,,,,,,,,,,
,,4.1,,,,,,,0.1,,963.4,,,,,,,,,,,,,4.67,,,,,,4.1,False,,,,,,,,,,,2026-09-24 17:00:00,,8.1,,,,103,,,,,,,1.0,,29.2,Chiang Rai,,,,4.67,70,,,,,,,,,,,,
,,5.4,,,,,,,0.1,,963.7,,,,,,,,,,,,,4.67,,,,,,5.4,False,,,,,,,,,,,2026-09-24 18:00:00,,5.3,,,,147,,,,,,,1.0,,27.6,Chiang Rai,,,,4.67,80,,,,,,,,,,,,
,,7.0,,,,,,,0.0,,964.4,,,,,,,,,,,,,4.67,,,,,,7.0,False,,,,,,,,,,,2026-09-24 19:00:00,,6.1,,,,161,,,,,,,1.0,,26.7,Chiang Rai,,,,4.67,81,,,,,,,,,,,,
,,7.3,,,,,,,0.0,,965.0,,,,,,,,,,,,,4.67,,,,,,7.3,False,,,,,,,,,,,2026-09-24 20:00:00,,3.6,,,,200,,,,,,,1.0,,25.3,Chiang Rai,,,,4.67,90,,,,,,,,,,,,
,,7.2,,,,,,,0.0,,965.9,,,,,,,,,,,,,4.67,,,,,,7.2,False,,,,,,,,,,,2026-09-24 21:00:00,,3.4,,,,223,,,,,,,1.0,,24.8,Chiang Rai,,,,4.67,92,,,,,,,,,,,,
,,7.5,,,,,,,0.0,,966.6,,,,,,,,,,,,,4.67,,,,,,7.5,False,,,,,,,,,,,2026-09-24 22:00:00,,1.7,,,,238,,,,,,,1.0,,24.8,Chiang Rai,,,,4.67,92,,,,,,,,,,,,
,,8.2,,,,,,,0.0,,966.5,,,,,,,,,,,,,4.67,,,,,,8.2,False,,,,,,,,,,,2026-09-24 23:00:00,,1.1,,,,270,,,,,,,1.0,,25.0,Chiang Rai,,,,4.67,91,,,,,,,,,,,,
,,9.0,,,,,,,0.0,,966.4,,,,,,,,,,,,,2.94,,,,,,9.0,False,,,,,,,,,,,2026-09-25 00:00:00,,0.5,,,,270,,,,,,,1.0,,24.5,Chiang Rai,,,,2.94,92,,,,,,,,,,,,
,,9.8,,,,,,,0.0,,966.2,,,,,,,,,,,,,2.94,,,,,,9.8,False,,,,,,,,,,,2026-09-25 01:00:00,,0.3,,,,315,,,,,,,1.0,,24.1,Chiang Rai,,,,2.94,94,,,,,,,,,,,,
,,10.2,,,,,,,0.0,,965.9,,,,,,,,,,,,,2.94,,,,,,10.2,False,,,,,,,,,,,2026-09-25 02:00:00,,1.0,,,,338,,,,,,,1.0,,23.6,Chiang Rai,,,,2.94,96,,,,,,,,,,,,
,,10.6,,,,,,,0.0,,965.4,,,,,,,,,,,,,2.94,,,,,,10.6,False,,,,,,,,,,,2026-09-25 03:00:00,,2.0,,,,350,,,,,,,1.0,,23.1,Chiang Rai,,,,2.94,98,,,,,,,,,,,,
,,11.9,,,,,,,0.0,,965.1,,,,,,,,,,,,,2.94,,,,,,11.9,False,,,,,,,,,,,2026-09-25 04:00:00,,2.2,,,,346,,,,,,,1.0,,22.8,Chiang Rai,,,,2.94,98,,,,,,,,,,,,
,,12.5,,,,,,,0.0,,965.1,,,,,,,,,,,,,2.94,,,,,,12.5,False,,,,,,,,,,,2026-09-25 05:00:00,,2.0,,,,360,,,,,,,1.0,,22.4,Chiang Rai,,,,2.94,98,,,,,,,,,,,,
,,12.7,,,,,,,0.0,,965.5,,,,,,,,,,,,,2.94,,,,,,12.7,False,,,,,,,,,,,2026-09-25 06:00:00,,2.1,,,,345,,,,,,,1.0,,22.2,Chiang Rai,,,,2.94,98,,,,,,,,,,,,
,,3.2,,,,,,,0.0,,966.4,,,,,,,,,,,,,2.94,,,,,,3.2,False,,,,,,,,,,,2026-09-25 07:00:00,,4.3,,,,315,,,,,,,1.0,,23.8,Chiang Rai,,,,2.94,96,,,,,,,,,,,,
,,3.5,,,,,,,0.0,,967.3,,,,,,,,,,,,,2.94,,,,,,3.5,False,,,,,,,,,,,2026-09-25 08:00:00,,1.9,,,,343,,,,,,,1.0,,26.0,Chiang Rai,,,,2.94,86,,,,,,,,,,,,
,,1.9,,,,,,,0.0,,967.5,,,,,,,,,,,,,2.94,,,,,,1.9,False,,,,,,,,,,,2026-09-25 09:00:00,,2.7,,,,20,,,,,,,1.0,,27.8,Chiang Rai,,,,2.94,78,,,,,,,,,,,,
,,1.8,,,,,,,0.0,,967.6,,,,,,,,,,,,,2.94,,,,,,1.8,False,,,,,,,,,,,2026-09-25 10:00:00,,5.9,,,,31,,,,,,,1.0,,29.2,Chiang Rai,,,,2.94,70,,,,,,,,,,,,
,,1.8,,,,,,,0.1,,967.3,,,,,,,,,,,,,2.94,,,,,,1.8,False,,,,,,,,,,,2026-09-25 11:00:00,,8.0,,,,42,,,,,,,1.0,,29.9,Chiang Rai,,,,2.94,66,,,,,,,,,,,,
,,2.1,,,,,,,0.2,,966.3,,,,,,,,,,,,,2.94,,,,,,2.1,False,,,,,,,,,,,2026-09-25 12:00:00,,7.4,,,,45,,,,,,,1.0,,30.2,Chiang Rai,,,,2.94,65,,,,,,,,,,,,
,,2.3,,,,,,,0.1,,965.6,,,,,,,,,,,,,2.94,,,,,,2.3,False,,,,,,,,,,,2026-09-25 13:00:00,,7.2,,,,51,,,,,,,1.0,,31.3,Chiang Rai,,,,2.94,59,,,,,,,,,,,,
,,2.7,,,,,,,0.1,,963.5,,,,,,,,,,,,,2.94,,,,,,2.7,False,,,,,,,,,,,2026-09-25 14:00:00,,6.6,,,,55,,,,,,,1.0,,31.4,Chiang Rai,,,,2.94,60,,,,,,,,,,,,
,,3.0,,,,,,,0.0,,962.6,,,,,,,,,,,,,2.94,,,,,,3.0,False,,,,,,,,,,,2026-09-25 15:00:00,,7.0,,,,55,,,,,,,1.0,,31.2,Chiang Rai,,,,2.94,62,,,,,,,,,,,,
,,3.3,,,,,,,0.1,,962.3,,,,,,,,,,,,,2.94,,,,,,3.3,False,,,,,,,,,,,2026-09-25 16:00:00,,6.3,,,,90,,,,,,,1.0,,30.2,Chiang Rai,,,,2.94,64,,,,,,,,,,,,
,,3.7,,,,,,,0.2,,962.9,,,,,,,,,,,,,2.94,,,,,,3.7,False,,,,,,,,,,,2026-09-25 17:00:00,,3.8,,,,155,,,,,,,1.0,,29.9,Chiang Rai,,,,2.94,68,,,,,,,,,,,,
,,4.2,,,,,,,0.0,,962.9,,,,,,,,,,,,,2.94,,,,,,4.2,False,,,,,,,,,,,2026-09-25 18:00:00,,3.5,,,,249,,,,,,,1.0,,28.3,Chiang Rai,,,,2.94,80,,,,,,,,,,,,
,,3.9,,,,,,,0.1,,963.2,,,,,,,,,,,,,2.94,,,,,,3.9,False,,,,,,,,,,,2026-09-25 19:00:00,,4.1,,,,236,,,,,,,1.0,,27.4,Chiang Rai,,,,2.94,83,,,,,,,,,,,,
,,5.1,,,,,,,0.0,,963.8,,,,,,,,,,,,,2.94,,,,,,5.1,False,,,,,,,,,,,2026-09-25 20:00:00,,4.0,,,,252,,,,,,,1.0,,26.5,Chiang Rai,,,,2.94,86,,,,,,,,,,,,
,,5.4,,,,,,,0.0,,964.2,,,,,,,,,,,,,2.94,,,,,,5.4,False,,,,,,,,,,,2026-09-25 21:00:00,,3.4,,,,270,,,,,,,1.0,,26.1,Chiang Rai,,,,2.94,87,,,,,,,,,,,,
,,6.2,,,,,,,0.0,,964.7,,,,,,,,,,,,,2.94,,,,,,6.2,False,,,,,,,,,,,2026-09-25 22:00:00,,3.0,,,,284,,,,,,,1.0,,25.7,Chiang Rai,,,,2.94,87,,,,,,,,,,,,
,,6.9,,,,,,,0.0,,964.8,,,,,,,,,,,,,2.94,,,,,,6.9,False,,,,,,,,,,,2026-09-25 23:00:00,,2.8,,,,285,,,,,,,1.0,,25.2,Chiang Rai,,,,2.94,89,,,,,,,,,,,,
,,6.8,,,,,,,0.0,,964.7,,,,,,,,,,,,,0.0,,,,,,6.8,False,,,,,,,,,,,2026-09-26 00:00:00,,2.0,,,,297,,,,,,,0.0,,24.8,Chiang Rai,,,,0.0,91,,,,,,,,,,,,
,,5.9,,,,,,,0.0,,964.6,,,,,,,,,,,,,0.0,,,,,,5.9,False,,,,,,,,,,,2026-09-26 01:00:00,,1.0,,,,292,,,,,,,0.0,,24.5,Chiang Rai,,,,0.0,93,,,,,,,,,,,,
,,4.9,,,,,,,0.0,,964.0,,,,,,,,,,,,,0.0,,,,,,4.9,False,,,,,,,,,,,2026-09-26 02:00:00,,1.9,,,,304,,,,,,,0.0,,24.0,Chiang Rai,,,,0.0,94,,,,,,,,,,,,
,,4.0,,,,,,,0.0,,964.0,,,,,,,,,,,,,0.0,,,,,,4.0,False,,,,,,,,,,,2026-09-26 03:00:00,,2.0,,,,315,,,,,,,0.0,,23.7,Chiang Rai,,,,0.0,95,,,,,,,,,,,,
,,3.8,,,,,,,0.0,,963.6,,,,,,,,,,,,,0.0,,,,,,3.8,False,,,,,,,,,,,2026-09-26 04:00:00,,2.8,,,,325,,,,,,,0.0,,23.2,Chiang Rai,,,,0.0,96,,,,,,,,,,,,
,,3.9,,,,,,,0.0,,963.9,,,,,,,,,,,,,0.0,,,,,,3.9,False,,,,,,,,,,,2026-09-26 05:00:00,,0.7,,,,346,,,,,,,0.0,,23.0,Chiang Rai,,,,0.0,96,,,,,,,,,,,,
,,3.9,,,,,,,0.0,,964.3,,,,,,,,,,,,,0.0,,,,,,3.9,False,,,,,,,,,,,2026-09-26 06:00:00,,1.0,,,,329,,,,,,,0.0,,22.8,Chiang Rai,,,,0.0,97,,,,,,,,,,,,
,,0.1,,,,,,,0.0,,965.4,,,,,,,,,,,,,0.0,,,,,,0.1,False,,,,,,,,,,,2026-09-26 07:00:00,,0.9,,,,53,,,,,,,0.0,,23.9,Chiang Rai,,,,0.0,97,,,,,,,,,,,,
,,0.9,,,,,,,0.0,,966.2,,,,,,,,,,,,,0.0,,,,,,0.9,False,,,,,,,,,,,2026-09-26 08:00:00,,0.6,,,,72,,,,,,,0.0,,25.0,Chiang Rai,,,,0.0,93,,,,,,,,,,,,
,,1.1,,,,,,,0.0,,966.6,,,,,,,,,,,,,0.0,,,,,,1.1,False,,,,,,,,,,,2026-09-26 09:00:00,,1.9,,,,73,,,,,,,0.0,,26.7,Chiang Rai,,,,0.0,84,,,,,,,,,,,,
,,1.2,,,,,,,0.0,,966.4,,,,,,,,,,,,,0.0,,,,,,1.2,False,,,,,,,,,,,2026-09-26 10:00:00,,2.8,,,,117,,,,,,,0.0,,28.3,Chiang Rai,,,,0.0,74,,,,,,,,,,,,
,,1.4,,,,,,,0.1,,966.1,,,,,,,,,,,,,0.0,,,,,,1.4,False,,,,,,,,,,,2026-09-26 11:00:00,,3.2,,,,142,,,,,,,0.0,,29.5,Chiang Rai,,,,0.0,67,,,,,,,,,,,,
,,1.5,,,,,,,0.0,,965.2,,,,,,,,,,,,,0.0,,,,,,1.5,False,,,,,,,,,,,2026-09-26 12:00:00,,3.1,,,,130,,,,,,,0.0,,30.2,Chiang Rai,,,,0.0,65,,,,,,,,,,,,
,,1.7,,,,,,,0.0,,964.5,,,,,,,,,,,,,0.0,,,,,,1.7,False,,,,,,,,,,,2026-09-26 13:00:00,,4.0,,,,144,,,,,,,0.0,,30.5,Chiang Rai,,,,0.0,61,,,,,,,,,,,,
,,1.9,,,,,,,0.1,,962.8,,,,,,,,,,,,,0.0,,,,,,1.9,False,,,,,,,,,,,2026-09-26 14:00:00,,4.8,,,,138,,,,,,,0.0,,30.6,Chiang Rai,,,,0.0,61,,,,,,,,,,,,
,,2.2,,,,,,,0.1,,961.6,,,,,,,,,,,,,0.0,,,,,,2.2,False,,,,,,,,,,,2026-09-26 15:00:00,,4.3,,,,152,,,,,,,0.0,,30.5,Chiang Rai,,,,0.0,62,,,,,,,,,,,,
,,2.5,,,,,,,0.0,,961.1,,,,,,,,,,,,,0.0,,,,,,2.5,False,,,,,,,,,,,2026-09-26 16:00:00,,3.0,,,,155,,,,,,,0.0,,30.3,Chiang Rai,,,,0.0,62,,,,,,,,,,,,
,,2.9,,,,,,,0.0,,961.0,,,,,,,,,,,,,0.0,,,,,,2.9,False,,,,,,,,,,,2026-09-26 17:00:00,,2.4,,,,163,,,,,,,0.0,,30.1,Chiang Rai,,,,0.0,63,,,,,,,,,,,,
,,4.0,,,,,,,0.0,,961.5,,,,,,,,,,,,,0.0,,,,,,4.0,False,,,,,,,,,,,2026-09-26 18:00:00,,1.3,,,,214,,,,,,,0.0,,28.9,Chiang Rai,,,,0.0,76,,,,,,,,,,,,
,,8.3,,,,,,,0.0,,961.8,,,,,,,,,,,,,0.0,,,,,,8.3,False,,,,,,,,,,,2026-09-26 19:00:00,,2.5,,,,172,,,,,,,0.0,,28.8,Chiang Rai,,,,0.0,73,,,,,,,,,,,,
,,8.2,,,,,,,0.0,,962.5,,,,,,,,,,,,,0.0,,,,,,8.2,False,,,,,,,,,,,2026-09-26 20:00:00,,3.9,,,,214,,,,,,,0.0,,27.5,Chiang Rai,,,,0.0,79,,,,,,,,,,,,
,,7.7,,,,,,,0.0,,963.3,,,,,,,,,,,,,0.0,,,,,,7.7,False,,,,,,,,,,,2026-09-26 21:00:00,,4.2,,,,245,,,,,,,0.0,,26.8,Chiang Rai,,,,0.0,82,,,,,,,,,,,,
,,7.6,,,,,,,0.0,,963.8,,,,,,,,,,,,,0.0,,,,,,7.6,False,,,,,,,,,,,2026-09-26 22:00:00,,4.2,,,,227,,,,,,,0.0,,26.3,Chiang Rai,,,,0.0,83,,,,,,,,,,,,
,,7.9,,,,,,,0.0,,964.0,,,,,,,,,,,,,0.0,,,,,,7.9,False,,,,,,,,,,,2026-09-26 23:00:00,,3.2,,,,199,,,,,,,0.0,,26.5,Chiang Rai,,,,0.0,80,,,,,,,,,,,,
,,7.9,,,,,,,0.0,,963.9,,,,,,,,,,,,,2.84,,,,,,7.9,False,,,,,,,,,,,2026-09-27 00:00:00,,3.7,,,,145,,,,,,,1.0,,25.7,Chiang Rai,,,,2.84,83,,,,,,,,,,,,
,,8.0,,,,,,,0.0,,963.6,,,,,,,,,,,,,2.84,,,,,,8.0,False,,,,,,,,,,,2026-09-27 01:00:00,,3.9,,,,164,,,,,,,1.0,,25.6,Chiang Rai,,,,2.84,83,,,,,,,,,,,,
,,7.9,,,,,,,0.0,,963.1,,,,,,,,,,,,,2.84,,,,,,7.9,False,,,,,,,,,,,2026-09-27 02:00:00,,5.3,,,,188,,,,,,,1.0,,25.1,Chiang Rai,,,,2.84,81,,,,,,,,,,,,
,,7.7,,,,,,,0.0,,962.7,,,,,,,,,,,,,2.84,,,,,,7.7,False,,,,,,,,,,,2026-09-27 03:00:00,,4.8,,,,211,,,,,,,1.0,,24.6,Chiang Rai,,,,2.84,82,,,,,,,,,,,,
,,7.7,,,,,,,0.0,,962.4,,,,,,,,,,,,,2.84,,,,,,7.7,False,,,,,,,,,,,2026-09-27 04:00:00,,4.4,,,,218,,,,,,,1.0,,24.2,Chiang Rai,,,,2.84,84,,,,,,,,,,,,
,,7.7,,,,,,,0.0,,962.5,,,,,,,,,,,,,2.84,,,,,,7.7,False,,,,,,,,,,,2026-09-27 05:00:00,,2.7,,,,222,,,,,,,1.0,,24.1,Chiang Rai,,,,2.84,84,,,,,,,,,,,,
,,7.5,,,,,,,0.0,,962.8,,,,,,,,,,,,,2.84,,,,,,7.5,False,,,,,,,,,,,2026-09-27 06:00:00,,1.9,,,,197,,,,,,,1.0,,23.9,Chiang Rai,,,,2.84,85,,,,,,,,,,,,
,,4.8,,,,,,,0.0,,963.8,,,,,,,,,,,,,2.84,,,,,,4.8,False,,,,,,,,,,,2026-09-27 07:00:00,,5.1,,,,234,,,,,,,1.0,,25.0,Chiang Rai,,,,2.84,82,,,,,,,,,,,,
,,3.8,,,,,,,0.0,,964.6,,,,,,,,,,,,,2.84,,,,,,3.8,False,,,,,,,,,,,2026-09-27 08:00:00,,5.6,,,,202,,,,,,,1.0,,26.2,Chiang Rai,,,,2.84,76,,,,,,,,,,,,
,,2.9,,,,,,,0.0,,964.8,,,,,,,,,,,,,2.84,,,,,,2.9,False,,,,,,,,,,,2026-09-27 09:00:00,,6.7,,,,194,,,,,,,1.0,,27.1,Chiang Rai,,,,2.84,74,,,,,,,,,,,,
,,2.5,,,,,,,0.1,,964.8,,,,,,,,,,,,,2.84,,,,,,2.5,False,,,,,,,,,,,2026-09-27 10:00:00,,6.0,,,,163,,,,,,,1.0,,28.1,Chiang Rai,,,,2.84,69,,,,,,,,,,,,
,,2.2,,,,,,,0.1,,964.4,,,,,,,,,,,,,2.84,,,,,,2.2,False,,,,,,,,,,,2026-09-27 11:00:00,,6.6,,,,159,,,,,,,1.0,,29.0,Chiang Rai,,,,2.84,66,,,,,,,,,,,,
,,2.2,,,,,,,0.1,,963.4,,,,,,,,,,,,,2.84,,,,,,2.2,False,,,,,,,,,,,2026-09-27 12:00:00,,7.1,,,,161,,,,,,,1.0,,29.7,Chiang Rai,,,,2.84,63,,,,,,,,,,,,
,,2.3,,,,,,,0.2,,963.3,,,,,,,,,,,,,2.84,,,,,,2.3,False,,,,,,,,,,,2026-09-27 13:00:00,,6.1,,,,168,,,,,,,1.0,,29.9,Chiang Rai,,,,2.84,61,,,,,,,,,,,,
,,2.3,,,,,,,0.0,,961.6,,,,,,,,,,,,,2.84,,,,,,2.3,False,,,,,,,,,,,2026-09-27 14:00:00,,3.2,,,,161,,,,,,,1.0,,30.1,Chiang Rai,,,,2.84,61,,,,,,,,,,,,
,,2.4,,,,,,,0.0,,960.4,,,,,,,,,,,,,2.84,,,,,,2.4,False,,,,,,,,,,,2026-09-27 15:00:00,,2.9,,,,137,,,,,,,1.0,,30.2,Chiang Rai,,,,2.84,61,,,,,,,,,,,,
,,2.5,,,,,,,0.0,,959.8,,,,,,,,,,,,,2.84,,,,,,2.5,False,,,,,,,,,,,2026-09-27 16:00:00,,4.4,,,,150,,,,,,,1.0,,30.1,Chiang Rai,,,,2.84,61,,,,,,,,,,,,
,,2.6,,,,,,,0.0,,960.0,,,,,,,,,,,,,2.84,,,,,,2.6,False,,,,,,,,,,,2026-09-27 17:00:00,,5.9,,,,160,,,,,,,1.0,,29.6,Chiang Rai,,,,2.84,65,,,,,,,,,,,,
,,3.3,,,,,,,0.0,,960.0,,,,,,,,,,,,,2.84,,,,,,3.3,False,,,,,,,,,,,2026-09-27 18:00:00,,4.3,,,,182,,,,,,,1.0,,28.1,Chiang Rai,,,,2.84,74,,,,,,,,,,,,
,,7.5,,,,,,,0.0,,960.8,,,,,,,,,,,,,2.84,,,,,,7.5,False,,,,,,,,,,,2026-09-27 19:00:00,,4.3,,,,222,,,,,,,1.0,,27.7,Chiang Rai,,,,2.84,74,,,,,,,,,,,,
,,7.9,,,,,,,0.0,,961.5,,,,,,,,,,,,,2.84,,,,,,7.9,False,,,,,,,,,,,2026-09-27 20:00:00,,4.5,,,,247,,,,,,,1.0,,27.0,Chiang Rai,,,,2.84,74,,,,,,,,,,,,
,,7.5,,,,,,,0.0,,962.2,,,,,,,,,,,,,2.84,,,,,,7.5,False,,,,,,,,,,,2026-09-27 21:00:00,,4.0,,,,238,,,,,,,1.0,,26.4,Chiang Rai,,,,2.84,78,,,,,,,,,,,,
,,6.9,,,,,,,0.0,,963.1,,,,,,,,,,,,,2.84,,,,,,6.9,False,,,,,,,,,,,2026-09-27 22:00:00,,10.1,,,,178,,,,,,,1.0,,26.4,Chiang Rai,,,,2.84,74,,,,,,,,,,,,
,,6.1,,,,,,,0.0,,963.3,,,,,,,,,,,,,2.84,,,,,,6.1,False,,,,,,,,,,,2026-09-27 23:00:00,,10.0,,,,194,,,,,,,1.0,,25.4,Chiang Rai,,,,2.84,75,,,,,,,,,,,,
,,5.7,,,,,,,0.0,,963.4,,,,,,,,,,,,,2.6125,,,,,,5.7,False,,,,,,,,,,,2026-09-28 00:00:00,,8.3,,,,191,,,,,,,0.75,,25.0,Chiang Rai,,,,2.6125,77,,,,,,,,,,,,
,,5.6,,,,,,,0.0,,963.1,,,,,,,,,,,,,2.6125,,,,,,5.6,False,,,,,,,,,,,2026-09-28 01:00:00,,6.5,,,,194,,,,,,,0.75,,24.9,Chiang Rai,,,,2.6125,79,,,,,,,,,,,,
,,5.6,,,,,,,0.0,,962.7,,,,,,,,,,,,,2.6125,,,,,,5.6,False,,,,,,,,,,,2026-09-28 02:00:00,,4.4,,,,212,,,,,,,0.75,,24.3,Chiang Rai,,,,2.6125,83,,,,,,,,,,,,
,,5.6,,,,,,,0.0,,962.7,,,,,,,,,,,,,2.6125,,,,,,5.6,False,,,,,,,,,,,2026-09-28 03:00:00,,4.3,,,,228,,,,,,,0.75,,24.1,Chiang Rai,,,,2.6125,84,,,,,,,,,,,,
,,5.6,,,,,,,0.0,,962.5,,,,,,,,,,,,,2.6125,,,,,,5.6,False,,,,,,,,,,,2026-09-28 04:00:00,,4.6,,,,228,,,,,,,0.75,,23.9,Chiang Rai,,,,2.6125,85,,,,,,,,,,,,
,,5.8,,,,,,,0.0,,962.6,,,,,,,,,,,,,2.6125,,,,,,5.8,False,,,,,,,,,,,2026-09-28 05:00:00,,3.6,,,,243,,,,,,,0.75,,23.6,Chiang Rai,,,,2.6125,87,,,,,,,,,,,,
,,6.2,,,,,,,0.0,,962.8,,,,,,,,,,,,,2.6125,,,,,,6.2,False,,,,,,,,,,,2026-09-28 06:00:00,,3.7,,,,259,,,,,,,0.75,,23.3,Chiang Rai,,,,2.6125,88,,,,,,,,,,,,
,,6.8,,,,,,,0.0,,964.1,,,,,,,,,,,,,2.6125,,,,,,6.8,False,,,,,,,,,,,2026-09-28 07:00:00,,5.8,,,,277,,,,,,,0.75,,24.4,Chiang Rai,,,,2.6125,85,,,,,,,,,,,,
,,5.4,,,,,,,0.0,,964.8,,,,,,,,,,,,,2.6125,,,,,,5.4,False,,,,,,,,,,,2026-09-28 08:00:00,,2.9,,,,248,,,,,,,0.75,,25.8,Chiang Rai,,,,2.6125,78,,,,,,,,,,,,
,,3.7,,,,,,,0.4,,965.5,,,,,,,,,,,,,2.6125,,,,,,3.7,False,,,,,,,,,,,2026-09-28 09:00:00,,7.6,,,,124,,,,,,,0.75,,26.3,Chiang Rai,,,,2.6125,77,,,,,,,,,,,,
,,2.6,,,,,,,0.8,,965.6,,,,,,,,,,,,,2.6125,,,,,,2.6,False,,,,,,,,,,,2026-09-28 10:00:00,,7.8,,,,119,,,,,,,0.75,,27.2,Chiang Rai,,,,2.6125,77,,,,,,,,,,,,
,,2.2,,,,,,,0.1,,965.3,,,,,,,,,,,,,2.6125,,,,,,2.2,False,,,,,,,,,,,2026-09-28 11:00:00,,8.1,,,,118,,,,,,,0.75,,27.9,Chiang Rai,,,,2.6125,74,,,,,,,,,,,,
,,1.9,,,,,,,0.1,,964.9,,,,,,,,,,,,,2.6125,,,,,,1.9,False,,,,,,,,,,,2026-09-28 12:00:00,,9.9,,,,134,,,,,,,0.75,,28.5,Chiang Rai,,,,2.6125,72,,,,,,,,,,,,
,,1.8,,,,,,,0.1,,964.8,,,,,,,,,,,,,2.6125,,,,,,1.8,False,,,,,,,,,,,2026-09-28 13:00:00,,10.6,,,,133,,,,,,,0.75,,28.9,Chiang Rai,,,,2.6125,67,,,,,,,,,,,,
,,1.7,,,,,,,2.0,,964.0,,,,,,,,,,,,,2.6125,,,,,,1.7,False,,,,,,,,,,,2026-09-28 14:00:00,,14.6,,,,146,,,,,,,0.75,,26.0,Chiang Rai,,,,2.6125,81,,,,,,,,,,,,
,,1.6,,,,,,,0.6,,963.7,,,,,,,,,,,,,2.6125,,,,,,1.6,False,,,,,,,,,,,2026-09-28 15:00:00,,6.9,,,,219,,,,,,,0.75,,25.5,Chiang Rai,,,,2.6125,86,,,,,,,,,,,,
,,1.5,,,,,,,1.2,,963.8,,,,,,,,,,,,,2.6125,,,,,,1.5,False,,,,,,,,,,,2026-09-28 16:00:00,,7.5,,,,195,,,,,,,0.75,,25.1,Chiang Rai,,,,2.6125,89,,,,,,,,,,,,
,,1.6,,,,,,,1.4,,963.8,,,,,,,,,,,,,2.6125,,,,,,1.6,False,,,,,,,,,,,2026-09-28 17:00:00,,4.6,,,,211,,,,,,,0.75,,24.2,Chiang Rai,,,,2.6125,90,,,,,,,,,,,,
,,1.9,,,,,,,1.1,,964.0,,,,,,,,,,,,,2.6125,,,,,,1.9,False,,,,,,,,,,,2026-09-28 18:00:00,,3.1,,,,190,,,,,,,0.75,,24.2,Chiang Rai,,,,2.6125,91,,,,,,,,,,,,
,,9.4,,,,,,,0.4,,964.9,,,,,,,,,,,,,2.6125,,,,,,9.4,False,,,,,,,,,,,2026-09-28 19:00:00,,3.9,,,,167,,,,,,,0.75,,24.0,Chiang Rai,,,,2.6125,90,,,,,,,,,,,,
,,9.2,,,,,,,0.2,,965.8,,,,,,,,,,,,,2.6125,,,,,,9.2,False,,,,,,,,,,,2026-09-28 20:00:00,,2.2,,,,138,,,,,,,0.75,,23.8,Chiang Rai,,,,2.6125,91,,,,,,,,,,,,
,,9.7,,,,,,,0.0,,966.4,,,,,,,,,,,,,2.6125,,,,,,9.7,False,,,,,,,,,,,2026-09-28 21:00:00,,0.4,,,,63,,,,,,,0.75,,24.0,Chiang Rai,,,,2.6125,87,,,,,,,,,,,,
,,10.0,,,,,,,0.1,,967.1,,,,,,,,,,,,,2.6125,,,,,,10.0,False,,,,,,,,,,,2026-09-28 22:00:00,,0.6,,,,56,,,,,,,0.75,,24.0,Chiang Rai,,,,2.6125,87,,,,,,,,,,,,
,,9.9,,,,,,,0.1,,967.6,,,,,,,,,,,,,2.6125,,,,,,9.9,False,,,,,,,,,,,2026-09-28 23:00:00,,0.0,,,,270,,,,,,,0.75,,23.7,Chiang Rai,,,,2.6125,90,,,,,,,,,,,,
,,9.7,,,,,,,0.0,,967.4,,,,,,,,,,,,,2.6125,,,,,,9.7,False,,,,,,,,,,,2026-09-29 00:00:00,,1.4,,,,310,,,,,,,0.75,,23.5,Chiang Rai,,,,2.6125,94,,,,,,,,,,,,
,,9.7,,,,,,,0.0,,967.1,,,,,,,,,,,,,2.6125,,,,,,9.7,False,,,,,,,,,,,2026-09-29 01:00:00,,1.5,,,,339,,,,,,,0.75,,23.7,Chiang Rai,,,,2.6125,93,,,,,,,,,,,,
,,9.5,,,,,,,0.0,,966.7,,,,,,,,,,,,,2.6125,,,,,,9.5,False,,,,,,,,,,,2026-09-29 02:00:00,,0.6,,,,56,,,,,,,0.75,,23.6,Chiang Rai,,,,2.6125,92,,,,,,,,,,,,
,,9.1,,,,,,,0.2,,966.3,,,,,,,,,,,,,2.6125,,,,,,9.1,False,,,,,,,,,,,2026-09-29 03:00:00,,2.6,,,,65,,,,,,,0.75,,23.4,Chiang Rai,,,,2.6125,93,,,,,,,,,,,,
,,7.5,,,,,,,1.0,,965.9,,,,,,,,,,,,,2.6125,,,,,,7.5,False,,,,,,,,,,,2026-09-29 04:00:00,,2.1,,,,149,,,,,,,0.75,,23.2,Chiang Rai,,,,2.6125,91,,,,,,,,,,,,
,,6.3,,,,,,,1.7,,965.9,,,,,,,,,,,,,2.6125,,,,,,6.3,False,,,,,,,,,,,2026-09-29 05:00:00,,3.8,,,,155,,,,,,,0.75,,22.8,Chiang Rai,,,,2.6125,93,,,,,,,,,,,,
,,5.7,,,,,,,0.7,,966.4,,,,,,,,,,,,,2.6125,,,,,,5.7,False,,,,,,,,,,,2026-09-29 06:00:00,,1.4,,,,23,,,,,,,0.75,,22.7,Chiang Rai,,,,2.6125,95,,,,,,,,,,,,
,,5.6,,,,,,,0.7,,967.0,,,,,,,,,,,,,2.6125,,,,,,5.6,False,,,,,,,,,,,2026-09-29 07:00:00,,3.9,,,,133,,,,,,,0.75,,23.2,Chiang Rai,,,,2.6125,93,,,,,,,,,,,,
,,5.2,,,,,,,0.2,,967.9,,,,,,,,,,,,,2.6125,,,,,,5.2,False,,,,,,,,,,,2026-09-29 08:00:00,,4.6,,,,154,,,,,,,0.75,,23.6,Chiang Rai,,,,2.6125,93,,,,,,,,,,,,
,,5.1,,,,,,,0.2,,968.7,,,,,,,,,,,,,2.6125,,,,,,5.1,False,,,,,,,,,,,2026-09-29 09:00:00,,5.2,,,,158,,,,,,,0.75,,24.5,Chiang Rai,,,,2.6125,89,,,,,,,,,,,,
,,5.0,,,,,,,2.7,,968.6,,,,,,,,,,,,,2.6125,,,,,,5.0,False,,,,,,,,,,,2026-09-29 10:00:00,,7.1,,,,171,,,,,,,0.75,,24.0,Chiang Rai,,,,2.6125,89,,,,,,,,,,,,
,,4.7,,,,,,,0.7,,968.7,,,,,,,,,,,,,2.6125,,,,,,4.7,False,,,,,,,,,,,2026-09-29 11:00:00,,8.1,,,,174,,,,,,,0.75,,25.9,Chiang Rai,,,,2.6125,82,,,,,,,,,,,,
,,4.6,,,,,,,0.1,,967.6,,,,,,,,,,,,,2.6125,,,,,,4.6,False,,,,,,,,,,,2026-09-29 12:00:00,,8.5,,,,162,,,,,,,0.75,,26.5,Chiang Rai,,,,2.6125,80,,,,,,,,,,,,
,,4.9,,,,,,,0.1,,967.8,,,,,,,,,,,,,2.6125,,,,,,4.9,False,,,,,,,,,,,2026-09-29 13:00:00,,10.8,,,,190,,,,,,,0.75,,26.3,Chiang Rai,,,,2.6125,74,,,,,,,,,,,,
,,4.8,,,,,,,1.0,,966.3,,,,,,,,,,,,,2.6125,,,,,,4.8,False,,,,,,,,,,,2026-09-29 14:00:00,,9.3,,,,171,,,,,,,0.75,,24.6,Chiang Rai,,,,2.6125,87,,,,,,,,,,,,
,,4.7,,,,,,,0.1,,965.7,,,,,,,,,,,,,2.6125,,,,,,4.7,False,,,,,,,,,,,2026-09-29 15:00:00,,5.1,,,,176,,,,,,,0.75,,25.3,Chiang Rai,,,,2.6125,85,,,,,,,,,,,,
,,4.7,,,,,,,0.1,,965.2,,,,,,,,,,,,,2.6125,,,,,,4.7,False,,,,,,,,,,,2026-09-29 16:00:00,,4.3,,,,213,,,,,,,0.75,,26.0,Chiang Rai,,,,2.6125,81,,,,,,,,,,,,
,,4.6,,,,,,,0.2,,965.3,,,,,,,,,,,,,2.6125,,,,,,4.6,False,,,,,,,,,,,2026-09-29 17:00:00,,4.8,,,,222,,,,,,,0.75,,25.6,Chiang Rai,,,,2.6125,81,,,,,,,,,,,,
,,5.0,,,,,,,0.4,,965.5,,,,,,,,,,,,,2.6125,,,,,,5.0,False,,,,,,,,,,,2026-09-29 18:00:00,,1.0,,,,239,,,,,,,0.75,,25.1,Chiang Rai,,,,2.6125,87,,,,,,,,,,,,
,,8.4,,,,,,,0.1,,965.4,,,,,,,,,,,,,2.6125,,,,,,8.4,False,,,,,,,,,,,2026-09-29 19:00:00,,2.5,,,,240,,,,,,,0.75,,24.8,Chiang Rai,,,,2.6125,89,,,,,,,,,,,,
,,8.6,,,,,,,0.3,,966.0,,,,,,,,,,,,,2.6125,,,,,,8.6,False,,,,,,,,,,,2026-09-29 20:00:00,,3.7,,,,247,,,,,,,0.75,,24.2,Chiang Rai,,,,2.6125,92,,,,,,,,,,,,
,,8.0,,,,,,,0.1,,967.0,,,,,,,,,,,,,2.6125,,,,,,8.0,False,,,,,,,,,,,2026-09-29 21:00:00,,3.6,,,,261,,,,,,,0.75,,24.3,Chiang Rai,,,,2.6125,92,,,,,,,,,,,,
,,7.6,,,,,,,0.0,,967.6,,,,,,,,,,,,,2.6125,,,,,,7.6,False,,,,,,,,,,,2026-09-29 22:00:00,,3.3,,,,225,,,,,,,0.75,,23.9,Chiang Rai,,,,2.6125,92,,,,,,,,,,,,
,,7.6,,,,,,,0.0,,967.7,,,,,,,,,,,,,2.6125,,,,,,7.6,False,,,,,,,,,,,2026-09-29 23:00:00,,2.9,,,,191,,,,,,,0.75,,23.5,Chiang Rai,,,,2.6125,93,,,,,,,,,,,,
,,7.5,,,,,,,0.0,,967.7,,,,,,,,,,,,,2.6125,,,,,,7.5,False,,,,,,,,,,,2026-09-30 00:00:00,,2.2,,,,180,,,,,,,0.75,,23.2,Chiang Rai,,,,2.6125,94,,,,,,,,,,,,
,,7.7,,,,,,,0.0,,967.2,,,,,,,,,,,,,2.6125,,,,,,7.7,False,,,,,,,,,,,2026-09-30 01:00:00,,1.8,,,,143,,,,,,,0.75,,23.4,Chiang Rai,,,,2.6125,96,,,,,,,,,,,,
,,7.9,,,,,,,0.1,,966.9,,,,,,,,,,,,,2.6125,,,,,,7.9,False,,,,,,,,,,,2026-09-30 02:00:00,,0.5,,,,135,,,,,,,0.75,,23.1,Chiang Rai,,,,2.6125,95,,,,,,,,,,,,
,,8.2,,,,,,,0.2,,966.7,,,,,,,,,,,,,2.6125,,,,,,8.2,False,,,,,,,,,,,2026-09-30 03:00:00,,0.2,,,,360,,,,,,,0.75,,23.0,Chiang Rai,,,,2.6125,95,,,,,,,,,,,,
,,8.4,,,,,,,0.1,,966.7,,,,,,,,,,,,,2.6125,,,,,,8.4,False,,,,,,,,,,,2026-09-30 04:00:00,,0.2,,,,270,,,,,,,0.75,,22.8,Chiang Rai,,,,2.6125,96,,,,,,,,,,,,
,,9.0,,,,,,,0.1,,966.8,,,,,,,,,,,,,2.6125,,,,,,9.0,False,,,,,,,,,,,2026-09-30 05:00:00,,0.6,,,,304,,,,,,,0.75,,22.7,Chiang Rai,,,,2.6125,93,,,,,,,,,,,,
,,9.2,,,,,,,0.1,,967.0,,,,,,,,,,,,,2.6125,,,,,,9.2,False,,,,,,,,,,,2026-09-30 06:00:00,,0.9,,,,349,,,,,,,0.75,,22.6,Chiang Rai,,,,2.6125,94,,,,,,,,,,,,
,,9.4,,,,,,,0.0,,967.8,,,,,,,,,,,,,2.6125,,,,,,9.4,False,,,,,,,,,,,2026-09-30 07:00:00,,1.2,,,,333,,,,,,,0.75,,22.9,Chiang Rai,,,,2.6125,94,,,,,,,,,,,,
,,9.1,,,,,,,0.0,,968.6,,,,,,,,,,,,,2.6125,,,,,,9.1,False,,,,,,,,,,,2026-09-30 08:00:00,,1.1,,,,99,,,,,,,0.75,,23.8,Chiang Rai,,,,2.6125,92,,,,,,,,,,,,
,,8.4,,,,,,,0.0,,969.3,,,,,,,,,,,,,2.6125,,,,,,8.4,False,,,,,,,,,,,2026-09-30 09:00:00,,2.6,,,,146,,,,,,,0.75,,25.2,Chiang Rai,,,,2.6125,87,,,,,,,,,,,,
,,8.0,,,,,,,0.1,,969.5,,,,,,,,,,,,,2.6125,,,,,,8.0,False,,,,,,,,,,,2026-09-30 10:00:00,,4.9,,,,170,,,,,,,0.75,,26.4,Chiang Rai,,,,2.6125,82,,,,,,,,,,,,
8.366666666666667,8.5,0.0,126.0,8.85,9.4,-1.0,7.125,12.7,0.1,438.9000000000001,969.2,0.0,0.5596157879354227,2.2,3.0,18.0,-0.9659258262890682,-0.20129852008866114,2.84,36.0,1.2246467991473532e-16,9.4,-0.40000000000000036,2.6125,1.2844000534385505,2.829384440537955,-1.0,2.2,0.4890466917040402,,True,0.258819045102521,9.0,9.1,0.75,0.5596157879354227,0.75,0.9795299412524943,4.7,0.6931471805599453,0.0,2026-09-30 11:00:00,2.6125,5.4,62.699999999999996,8.4,125.4,180,19.978260207190736,-4.0,-1.8369701987210297e-16,0.454606056566195,0.6368324391514266,7.6,0.75,1.7491069149711802,27.1,Chiang Rai,8.0,2.7238880249052495,-4.0,2.6125,78,5.800595238095238,9.1,1.0,0.0,1.2844000534385505,0.5596157879354227,6.495833333333334,2026.0,0.09531017980432487,9.4,2.6125,10.0
7.733333333333333,5.466666666666666,0.0,126.0,7.3500000000000005,9.4,-0.9975640502598242,6.929166666666667,12.7,0.2,438.9000000000001,968.1,0.0,0.5596157879354227,2.2,-4.7,18.0,-1.0,-0.20129852008866114,2.84,36.0,0.06975647374412552,9.4,-8.0,2.6125,1.2844000534385505,2.850267521358418,-1.0,1.9,3.3225241408704114,,True,1.2246467991473532e-16,9.2,8.4,0.75,0.5596157879354227,0.75,0.9795299412524943,4.6,0.6931471805599453,0.0,2026-09-30 12:00:00,2.6125,5.8,62.699999999999996,8.0,125.4,176,19.978260207190736,-4.0,-1.8369701987210297e-16,3.8689648342791756,2.406010991015812,7.5,0.75,2.211613130474878,28.1,Chiang Rai,0.0,2.812842571729412,-6.0,2.6125,74,5.788095238095238,8.4,1.0,0.0,1.2844000534385505,0.5596157879354227,6.449999999999999,2026.0,0.18232155679395462,9.4,2.6125,10.0
7.108333333333334,2.6666666666666665,0.0,126.0,5.816666666666666,9.4,-0.9902680687415704,6.7375,12.7,0.0,438.9000000000001,967.0,0.0,0.5596157879354227,2.3,-4.6,18.0,-0.9659258262890683,-0.20129852008866114,2.84,36.0,0.13917310096006533,9.4,0.0,2.6125,1.2844000534385505,2.8785772750935155,-1.0,1.8,4.137800005907595,,True,-0.2588190451025208,9.4,8.0,0.75,0.5596157879354227,0.75,0.9795299412524943,4.9,0.6931471805599453,0.0,2026-09-30 13:00:00,2.6125,6.4,62.699999999999996,0.0,125.4,172,19.978260207190736,-1.0,-1.8369701987210297e-16,3.7712361663282534,3.221401954981023,7.7,0.75,2.574686469585504,28.3,Chiang Rai,0.0,2.8889328755999544,-1.0,2.6125,73,5.768452380952381,8.0,1.0,0.0,1.2844000534385505,0.5596157879354227,6.410416666666666,2026.0,0.0,9.4,2.6125,10.0
6.466666666666666,0.0,0.0,126.0,4.25,9.1,-0.981627183447664,6.533333333333334,12.7,0.1,438.9000000000001,966.1,0.0,0.5596157879354227,2.3,-4.9,18.0,-0.8660254037844388,-0.20129852008866114,2.84,36.0,-0.19080899537654472,9.4,0.0,2.6125,1.2844000534385505,2.9107456298828462,-1.0,1.7,4.262139525324498,,True,-0.4999999999999997,9.1,0.0,0.75,0.5596157879354227,0.75,0.9795299412524943,4.8,0.6931471805599453,0.0,2026-09-30 14:00:00,2.6125,7.3,62.699999999999996,0.0,125.4,191,19.978260207190736,1.0,-1.8369701987210297e-16,0.0,3.7612793331820256,7.9,0.75,2.8875691429913077,28.5,Chiang Rai,0.0,2.9593594171242907,-13.0,2.6125,74,5.742261904761905,0.0,1.0,0.0,1.2844000534385505,0.5596157879354227,6.372916666666666,2026.0,0.09531017980432487,9.4,2.6125,10.0
5.808333333333333,0.0,0.0,126.0,2.733333333333333,8.4,-0.8910065241883679,6.333333333333333,12.7,1.4,438.9000000000001,965.1,0.0,0.5596157879354227,2.4,-4.8,18.0,-0.7071067811865479,-0.20129852008866114,2.84,36.0,-0.4539904997395467,9.4,0.0,2.6125,1.2844000534385505,2.943973664659488,-1.0,1.6,3.867241336606181,,True,-0.7071067811865471,8.4,0.0,0.75,0.5596157879354227,0.75,0.9795299412524943,4.7,0.6931471805599453,0.0,2026-09-30 15:00:00,2.6125,13.4,62.699999999999996,0.0,125.4,207,19.978260207190736,10.0,-1.8369701987210297e-16,0.0,4.126430728311764,8.2,0.75,3.1545822051246164,26.2,Chiang Rai,0.0,3.024526478089862,-1.0,2.6125,84,5.710119047619047,0.0,1.0,0.0,1.2844000534385505,0.5596157879354227,6.3374999999999995,2026.0,0.8754687373538999,9.4,2.6125,10.0
5.125,0.0,0.0,126.0,1.3333333333333333,8.0,-0.6156614753256581,6.1375,12.7,0.5,438.9000000000001,964.3,0.0,0.5596157879354227,2.5,-4.7,18.0,-0.5000000000000004,-0.20129852008866114,2.84,36.0,-0.7880107536067221,9.4,0.0,2.6125,1.2844000534385505,2.9764551668011605,-1.0,1.5,2.98142396999972,,True,-0.8660254037844384,8.0,0.0,0.75,0.5596157879354227,0.75,0.9795299412524943,4.7,0.6931471805599453,0.0,2026-09-30 16:00:00,2.6125,5.3,62.699999999999996,0.0,125.4,232,19.978260207190736,5.0,-1.8369701987210297e-16,0.0,4.346861894899967,8.4,0.75,3.387207859481513,25.5,Chiang Rai,0.0,3.084771623997832,8.0,2.6125,89,5.6744047619047615,0.0,1.0,0.0,1.2844000534385505,0.5596157879354227,6.304166666666666,2026.0,0.4054651081081644,9.4,2.6125,10.0
4.425,0.0,0.0,126.0,0.0,0.0,-1.8369701987210297e-16,5.941666666666667,12.7,0.0,438.9000000000001,964.1,0.0,0.5596157879354227,2.6,-4.7,18.0,-0.25881904510252063,-0.20129852008866114,2.84,36.0,-1.0,9.4,0.0,2.6125,1.2844000534385505,3.007716773552539,-1.0,1.6,0.0,,True,-0.9659258262890683,0.0,0.0,0.75,0.5596157879354227,0.75,0.9795299412524943,4.6,0.6931471805599453,0.0,2026-09-30 17:00:00,2.6125,2.3,62.699999999999996,0.0,125.4,270,19.978260207190736,-1.0,-1.8369701987210297e-16,0.0,4.438491673230145,9.0,0.75,3.5941986434932733,25.8,Chiang Rai,0.0,3.140378134299895,7.0,2.6125,88,5.636309523809524,0.0,1.0,0.0,1.2844000534385505,0.5596157879354227,6.272916666666666,2026.0,0.0,9.4,2.6125,10.0
3.6750000000000003,0.0,0.0,126.0,0.0,0.0,0.8910065241883678,5.75,12.7,0.0,438.9000000000001,964.6,0.0,0.5596157879354227,3.3,-4.6,18.0,-1.8369701987210297e-16,-0.20129852008866114,2.84,36.0,-0.45399049973954697,9.4,0.0,2.6125,1.2844000534385505,3.0365962771026016,-1.0,1.9,0.0,,True,-1.0,0.0,0.0,0.75,0.5596157879354227,0.75,0.9795299412524943,5.0,0.6931471805599453,0.0,2026-09-30 18:00:00,2.6125,0.4,62.699999999999996,0.0,125.4,333,19.978260207190736,4.0,-1.8369701987210297e-16,0.0,4.361789579213254,9.2,0.75,3.7785579259818154,25.4,Chiang Rai,0.0,3.19776872621972,5.0,2.6125,92,5.594047619047619,0.0,1.0,0.0,1.2844000534385505,0.5596157879354227,6.239583333333333,2026.0,0.0,9.4,2.6125,10.0
2.908333333333333,0.0,0.0,126.0,0.0,0.0,0.8910065241883678,5.541666666666667,12.7,0.0,438.9000000000001,965.2,0.0,0.5596157879354227,7.5,-5.0,18.0,0.2588190451025203,-0.20129852008866114,2.84,36.0,-0.45399049973954697,9.4,0.0,2.6125,1.2844000534385505,3.0590556895908483,-1.0,9.4,0.0,,True,-0.9659258262890684,0.0,0.0,0.75,0.5596157879354227,0.75,0.9795299412524943,8.4,0.6931471805599453,0.0,2026-09-30 19:00:00,2.6125,2.0,62.699999999999996,0.0,125.4,333,19.978260207190736,3.0,-1.8369701987210297e-16,0.0,4.125420853952022,9.4,0.75,3.9481975493747634,24.8,Chiang Rai,0.0,3.2623483361938326,6.0,2.6125,95,5.544047619047619,0.0,1.0,0.0,1.2844000534385505,0.5596157879354227,6.2,2026.0,0.0,9.4,2.6125,10.0
2.125,0.0,0.0,126.0,0.0,0.0,0.2756373558169994,5.191666666666666,12.7,0.0,438.9000000000001,966.4,0.0,0.5596157879354227,7.9,-8.4,18.0,0.5000000000000001,-0.20129852008866114,2.84,36.0,-0.9612616959383188,9.4,0.0,2.6125,1.2844000534385505,3.0884756140336815,-1.0,9.2,0.0,,True,-0.8660254037844386,0.0,0.0,0.75,0.5596157879354227,0.75,0.9795299412524943,8.6,0.6931471805599453,0.0,2026-09-30 20:00:00,2.6125,1.3,62.699999999999996,0.0,125.4,286,19.978260207190736,1.0,-1.8369701987210297e-16,0.0,3.6876200545428577,9.1,0.75,4.050300057471737,24.7,Chiang Rai,0.0,3.3454545240104854,4.0,2.6125,96,5.513690476190476,0.0,1.0,0.0,1.2844000534385505,0.5596157879354227,6.004166666666666,2026.0,0.0,9.1,2.6125,10.0
1.3666666666666665,0.0,0.0,126.0,0.0,0.0,0.06975647374412522,4.833333333333333,12.7,0.0,438.9000000000001,967.5,0.0,0.5596157879354227,7.5,-8.6,18.0,0.7071067811865474,-0.20129852008866114,2.84,36.0,-0.9975640502598243,9.4,0.0,2.6125,1.2844000534385505,3.1170938537314723,-1.0,9.7,0.0,,True,-0.7071067811865477,0.0,0.0,0.75,0.5596157879354227,0.75,0.9795299412524943,8.0,0.6931471805599453,0.0,2026-09-30 21:00:00,2.6125,2.3,62.699999999999996,0.0,125.4,274,19.978260207190736,0.0,-1.8369701987210297e-16,0.0,3.0570501395226666,8.4,0.75,4.112852484049915,24.6,Chiang Rai,0.0,3.4195897049207526,4.0,2.6125,96,5.477380952380953,0.0,1.0,0.0,1.2844000534385505,0.5596157879354227,5.8125,2026.0,0.0,8.4,2.6125,10.0
0.6666666666666666,0.0,0.0,126.0,0.0,0.0,0.17364817766692997,4.5,12.7,0.0,438.9000000000001,967.9,0.0,0.5596157879354227,6.9,-8.0,18.0,0.8660254037844384,-0.20129852008866114,2.84,36.0,-0.9848077530122081,9.4,0.0,2.6125,1.2844000534385505,3.142507872006621,-1.0,10.0,0.0,,True,-0.5000000000000004,0.0,0.0,0.75,0.5596157879354227,0.75,0.9795299412524943,7.6,0.6931471805599453,0.0,2026-09-30 22:00:00,2.6125,2.0,62.699999999999996,0.0,125.4,280,19.978260207190736,0.0,-1.8369701987210297e-16,0.0,2.2110831935702664,8.0,0.75,4.166533331199932,24.5,Chiang Rai,0.0,3.4701248526610042,4.0,2.6125,96,5.434523809523809,0.0,1.0,0.0,1.2844000534385505,0.5596157879354227,5.610416666666666,2026.0,0.0,8.0,2.6125,10.0
0.0,0.0,0.0,126.0,0.0,0.0,-0.8290375725550418,4.183333333333333,12.7,0.0,438.9000000000001,968.3,0.0,0.5596157879354227,6.1,-7.6,18.0,0.9659258262890681,-0.20129852008866114,2.84,36.0,-0.5591929034707467,9.4,0.0,2.6125,1.2844000534385505,3.1616938666758934,-1.0,9.9,0.0,,True,-0.25881904510252157,0.0,0.0,0.75,0.5596157879354227,0.75,0.9795299412524943,7.6,0.6931471805599453,0.0,2026-09-30 23:00:00,2.6125,1.9,62.699999999999996,0.0,125.4,214,19.978260207190736,0.0,-1.8369701987210297e-16,0.0,0.0,0.0,0.75,4.207499917475407,24.2,Chiang Rai,0.0,3.5003862634080196,3.0,2.6125,96,5.384523809523809,0.0,1.0,0.0,1.2844000534385505,0.5596157879354227,5.402083333333334,2026.0,0.0,0.0,2.6125,9.9
0.0,0.0,0.0,126.0,0.0,0.0,0.7071067811865474,3.866666666666667,12.7,0.0,438.9000000000001,968.1,0.0,0.5596157879354227,5.7,-7.6,18.0,1.0,0.20129852008866006,2.6125,36.0,-0.7071067811865477,9.4,0.0,2.6125,1.2844000534385505,3.1725182575788593,-0.8660254037844386,9.7,0.0,,True,0.0,0.0,0.0,0.75,0.5596157879354227,0.75,0.9795299412524945,7.5,0.5596157879354227,0.0,2026-10-01 00:00:00,2.6125,0.3,62.699999999999996,0.0,125.4,315,19.978260207190736,0.0,0.5000000000000001,0.0,0.0,0.0,0.75,4.2244000231459555,24.1,Chiang Rai,0.0,3.520887573546698,2.0,2.6125,96,5.32797619047619,0.0,0.75,0.0,1.2844000534385505,0.5596157879354227,5.195833333333333,2026.0,0.0,0.0,2.6125,9.7
0.0,0.0,0.0,125.75,0.0,0.0,0.8746197071393959,3.554166666666667,12.7,0.0,436.8425000000001,967.5,0.0,0.5596157879354227,5.6,-7.5,18.0,0.9659258262890683,0.20129852008866006,2.6125,36.0,-0.4848096202463369,9.4,0.0,2.6125,1.2844000534385505,3.174410900675357,-0.8660254037844386,9.7,0.0,,True,0.25881904510252074,0.0,0.0,0.75,0.5596157879354227,0.75,0.9795299412524945,7.7,0.5596157879354227,0.0,2026-10-01 01:00:00,2.6125,2.3,62.699999999999996,0.0,125.4,331,19.978260207190736,0.0,0.5000000000000001,0.0,0.0,0.0,0.75,4.221470830436025,23.7,Chiang Rai,0.0,3.534909608108813,0.0,2.6125,96,5.266071428571429,0.0,0.75,0.0,1.2844000534385505,0.5596157879354227,4.9937499999999995,2026.0,0.0,0.0,2.6125,9.7
0.0,0.0,0.0,125.5,0.0,0.0,0.848048096156426,3.233333333333333,12.7,0.0,434.7850000000001,966.7,0.0,0.5596157879354227,5.6,-7.7,18.0,0.8660254037844387,0.20129852008866006,2.6125,36.0,-0.529919264233205,9.4,0.0,2.6125,1.2844000534385505,3.168905794025107,-0.8660254037844386,9.5,0.0,,True,0.49999999999999994,0.0,0.0,0.75,0.5596157879354227,0.75,0.9795299412524945,7.9,0.5596157879354227,0.0,2026-10-01 02:00:00,2.6125,1.7,62.699999999999996,0.0,125.4,328,19.978260207190736,1.0,0.5000000000000001,0.0,0.0,0.0,0.75,4.1866520700382495,23.3,Chiang Rai,0.0,3.537350310927972,2.0,2.6125,97,5.2005952380952385,0.0,0.75,0.0,1.2844000534385505,0.5596157879354227,4.791666666666667,2026.0,0.0,0.0,2.6125,9.5
0.0,0.0,0.0,125.25,0.0,0.0,0.7547095802227719,2.9041666666666663,12.7,0.0,432.7275000000001,966.0,0.0,0.5596157879354227,5.6,-7.9,18.0,0.7071067811865476,0.20129852008866006,2.6125,36.0,-0.6560590289905074,9.4,0.0,2.6125,1.2844000534385505,3.162035583836259,-0.8660254037844386,9.1,0.0,,True,0.7071067811865475,0.0,0.0,0.75,0.5596157879354227,0.75,0.9795299412524945,8.2,0.5596157879354227,0.0,2026-10-01 03:00:00,2.6125,1.9,62.699999999999996,0.0,125.4,319,19.978260207190736,0.0,0.5000000000000001,0.0,0.0,0.0,0.75,4.1167826400668215,22.9,Chiang Rai,0.0,3.5341433574252945,2.0,2.6125,97,5.135119047619048,0.0,0.75,0.0,1.2844000534385505,0.5596157879354227,4.59375,2026.0,0.0,0.0,2.6125,9.4
0.0,0.0,0.0,125.0,0.0,0.0,0.5150380749100542,2.5625,12.7,0.0,430.6700000000001,966.2,0.0,0.5596157879354227,5.6,-8.2,18.0,0.5000000000000001,0.20129852008866006,2.6125,36.0,-0.8571673007021123,9.4,0.0,2.6125,1.2844000534385505,3.1621270159086317,-0.8660254037844386,7.5,0.0,,True,0.8660254037844386,0.0,0.0,0.75,0.5596157879354227,0.75,0.9795299412524945,8.4,0.5596157879354227,0.0,2026-10-01 04:00:00,2.6125,1.0,62.699999999999996,0.0,125.4,301,19.978260207190736,-1.0,0.5000000000000001,0.0,0.0,0.0,0.75,4.001750918868723,22.8,Chiang Rai,0.0,3.531404249335131,0.0,2.6125,96,5.074404761904762,0.0,0.75,0.0,1.2844000534385505,0.5596157879354227,4.404166666666666,2026.0,0.0,0.0,2.6125,9.4
0.0,0.0,0.0,124.75,0.0,0.0,0.9510565162951535,2.2125,12.7,0.1,428.61250000000007,966.5,0.0,0.5596157879354227,5.8,-8.4,18.0,0.25881904510252074,0.20129852008866006,2.6125,36.0,-0.3090169943749476,9.4,0.0,2.6125,1.2844000534385505,3.1638958070714867,-0.8660254037844386,6.3,0.0,,True,0.9659258262890683,0.0,0.0,0.75,0.5596157879354227,0.75,0.9795299412524945,9.0,0.5596157879354227,0.0,2026-10-01 05:00:00,2.6125,1.1,62.699999999999996,0.0,125.4,342,19.978260207190736,0.0,0.5000000000000001,0.0,0.0,0.0,0.75,3.8399557831655646,23.0,Chiang Rai,0.0,3.5568003870129616,3.0,2.6125,96,5.015476190476191,0.0,0.75,0.0,1.2844000534385505,0.5596157879354227,4.247916666666666,2026.0,0.09531017980432487,0.0,2.6125,9.4
0.0,0.0,0.0,124.5,0.0,0.0,0.9743700647852352,1.8375000000000001,12.7,0.0,426.55500000000006,967.1,0.0,0.5596157879354227,6.2,-9.0,18.0,6.123233995736766e-17,0.20129852008866006,2.6125,36.0,0.224951054343865,9.4,0.0,2.6125,1.2844000534385505,3.161690504788943,-0.8660254037844386,5.7,0.0,,True,1.0,0.0,0.0,0.75,0.5596157879354227,0.75,0.9795299412524945,9.2,0.5596157879354227,0.0,2026-10-01 06:00:00,2.6125,1.7,62.699999999999996,0.0,125.4,13,19.978260207190736,0.0,0.5000000000000001,0.0,0.0,0.0,0.75,3.59012679673945,23.0,Chiang Rai,0.0,3.5946913018443674,2.0,2.6125,96,4.954761904761905,0.0,0.75,0.0,1.2844000534385505,0.5596157879354227,4.116666666666666,2026.0,0.0,0.0,2.6125,9.4
0.0,0.0,0.0,124.25,0.0,0.0,0.9659258262890683,1.4541666666666666,12.7,0.0,424.49750000000006,968.0,0.0,0.5596157879354227,6.8,-9.2,18.0,-0.25881904510252063,0.20129852008866006,2.6125,36.0,0.25881904510252074,9.4,0.0,2.6125,1.2844000534385505,3.1583167303424458,-0.8660254037844386,5.6,0.0,,True,0.9659258262890683,0.0,0.0,0.75,0.5596157879354227,0.75,0.9795299412524945,9.4,0.5596157879354227,0.0,2026-10-01 07:00:00,2.6125,2.8,62.699999999999996,0.0,125.4,15,19.978260207190736,-1.0,0.5000000000000001,0.0,0.0,0.0,0.75,3.259470709418257,23.5,Chiang Rai,0.0,3.6343551458806123,1.0,2.6125,95,4.894047619047619,0.0,0.75,0.0,1.2844000534385505,0.5596157879354227,3.997916666666667,2026.0,0.0,0.0,2.6125,9.4
0.0,0.0,0.0,124.0,0.0,0.0,0.8191520442889918,1.0625,12.7,0.1,422.44000000000005,968.8,0.0,0.5596157879354227,5.4,-9.4,18.0,-0.4999999999999998,0.20129852008866006,2.6125,36.0,0.573576436351046,9.1,0.0,2.6125,1.2844000534385505,3.1805689728301294,-0.8660254037844386,5.2,0.0,,True,0.8660254037844387,0.0,0.0,0.75,0.5596157879354227,0.75,0.9795299412524945,9.1,0.5596157879354227,0.0,2026-10-01 08:00:00,2.6125,2.8,62.699999999999996,0.0,125.4,35,19.978260207190736,-2.0,0.5000000000000001,0.0,0.0,0.0,0.75,2.8157018811183354,24.3,Chiang Rai,0.0,3.670754704984612,1.0,2.6125,93,4.863095238095238,0.0,0.75,0.0,1.2844000534385505,0.5596157879354227,3.88125,2026.0,0.09531017980432487,0.0,2.6125,9.4
0.0,0.0,0.0,123.75,0.0,0.0,0.8910065241883679,0.6833333333333332,12.7,0.3,420.38250000000005,969.6,0.0,0.5596157879354227,3.7,-9.1,18.0,-0.7071067811865475,0.20129852008866006,2.6125,36.0,0.45399049973954675,8.4,0.0,2.6125,1.2844000534385505,3.2023674543882636,-0.8660254037844386,5.1,0.0,,True,0.7071067811865476,0.0,0.0,0.75,0.5596157879354227,0.75,0.9795299412524945,8.4,0.5596157879354227,0.0,2026-10-01 09:00:00,2.6125,0.8,62.699999999999996,0.0,125.4,27,19.978260207190736,-8.0,0.5000000000000001,0.0,0.0,0.0,0.75,2.267095547660535,25.7,Chiang Rai,0.0,3.7067921657036855,-2.0,2.6125,85,4.832142857142857,0.0,0.75,0.0,1.2844000534385505,0.5596157879354227,3.7729166666666667,2026.0,0.26236426446749106,0.0,2.6125,9.4
0.0,0.0,0.0,123.5,0.0,0.0,-0.9612616959383189,0.3333333333333333,12.7,0.2,418.32500000000005,969.7,0.0,0.5596157879354227,2.6,-8.4,18.0,-0.8660254037844387,0.20129852008866006,2.6125,36.0,0.2756373558169992,8.0,0.0,2.6125,1.2844000534385505,3.223831504461888,-0.8660254037844386,5.0,0.0,,True,0.49999999999999994,0.0,0.0,0.75,0.5596157879354227,0.75,0.9795299412524945,8.0,0.5596157879354227,0.0,2026-10-01 10:00:00,2.6125,1.3,62.699999999999996,0.0,125.4,164,19.978260207190736,-8.0,0.5000000000000001,0.0,0.0,0.0,0.75,1.5986105077709067,27.3,Chiang Rai,0.0,3.7401723073795528,-5.0,2.6125,77,4.802380952380953,0.0,0.75,0.0,1.2844000534385505,0.5596157879354227,3.6666666666666665,2026.0,0.18232155679395462,0.0,2.6125,9.4
0.0,0.0,0.0,123.25,0.0,0.0,-0.9135454576426008,0.0,12.7,0.2,416.26750000000004,969.5,0.0,0.5596157879354227,2.2,-8.0,18.0,-0.9659258262890682,0.20129852008866006,2.6125,36.0,0.40673664307580043,0.0,0.0,2.6125,1.2844000534385505,3.2437576869128026,-0.8660254037844386,4.7,0.0,,True,0.258819045102521,0.0,0.0,0.75,0.5596157879354227,0.75,0.9795299412524945,0.0,0.5596157879354227,0.0,2026-10-01 11:00:00,2.6125,3.5,62.699999999999996,0.0,125.4,156,19.978260207190736,-5.0,0.5000000000000001,0.0,0.0,0.0,0.75,0.0,28.5,Chiang Rai,0.0,3.7710865476676614,-6.0,2.6125,72,4.767261904761905,0.0,0.75,0.0,1.2844000534385505,0.5596157879354227,3.5625,2026.0,0.18232155679395462,0.0,2.6125,9.4
0.0,0.0,0.0,123.0,0.0,0.0,-0.9961946980917455,0.0,12.7,0.2,414.21000000000004,968.7,0.0,0.5596157879354227,1.9,0.0,18.0,-1.0,0.20129852008866006,2.6125,36.0,-0.08715574274765794,0.0,0.0,2.6125,1.2844000534385505,3.2640199411621027,-0.8660254037844386,4.6,0.0,,True,1.2246467991473532e-16,0.0,0.0,0.75,0.5596157879354227,0.75,0.9795299412524945,0.0,0.5596157879354227,0.0,2026-10-01 12:00:00,2.6125,4.3,62.699999999999996,0.0,125.4,185,19.978260207190736,-4.0,0.5000000000000001,0.0,0.0,0.0,0.75,0.0,29.5,Chiang Rai,0.0,3.80117797439893,-6.0,2.6125,68,4.7351190476190474,0.0,0.75,0.0,1.2844000534385505,0.5596157879354227,3.4645833333333336,2026.0,0.18232155679395462,0.0,2.6125,9.4
0.0,0.0,0.0,122.75,0.0,0.0,-0.9659258262890683,0.0,12.7,0.1,412.15250000000003,967.5,0.0,0.5596157879354227,1.8,0.0,18.0,-0.9659258262890683,0.20129852008866006,2.6125,36.0,-0.2588190451025208,0.0,0.0,2.6125,1.2844000534385505,3.28424635083462,-0.8660254037844386,4.9,0.0,,True,-0.2588190451025208,0.0,0.0,0.75,0.5596157879354227,0.75,0.9795299412524945,0.0,0.5596157879354227,0.0,2026-10-01 13:00:00,2.6125,4.3,62.699999999999996,0.0,125.4,195,19.978260207190736,-2.0,0.5000000000000001,0.0,0.0,0.0,0.75,0.0,30.0,Chiang Rai,0.0,3.8292273072818923,-7.0,2.6125,66,4.705952380952381,0.0,0.75,0.0,1.2844000534385505,0.5596157879354227,3.36875,2026.0,0.09531017980432487,0.0,2.6125,9.4
0.0,0.0,0.0,122.5,0.0,0.0,-0.9702957262759965,0.0,12.7,0.0,410.095,966.2,0.0,0.5596157879354227,1.7,0.0,18.0,-0.8660254037844388,0.20129852008866006,2.6125,36.0,-0.2419218955996675,0.0,0.0,2.6125,1.2844000534385505,3.3041356768240737,-0.8660254037844386,4.8,0.0,,True,-0.4999999999999997,0.0,0.0,0.75,0.5596157879354227,0.75,0.9795299412524945,0.0,0.5596157879354227,0.0,2026-10-01 14:00:00,2.6125,4.5,62.699999999999996,0.0,125.4,194,19.978260207190736,-1.0,0.5000000000000001,0.0,0.0,0.0,0.75,0.0,30.3,Chiang Rai,0.0,3.852290083689037,-9.0,2.6125,65,4.6779761904761905,0.0,0.75,0.0,1.2844000534385505,0.5596157879354227,3.266666666666667,2026.0,0.0,0.0,2.6125,9.4
0.0,0.0,0.0,122.25,0.0,0.0,-0.9993908270190958,0.0,12.7,0.0,408.0375,964.9,0.0,0.5596157879354227,1.6,0.0,18.0,-0.7071067811865479,0.20129852008866006,2.6125,36.0,-0.0348994967025009,0.0,0.0,2.6125,1.2844000534385505,3.3236163109861314,-0.8660254037844386,4.7,0.0,,True,-0.7071067811865471,0.0,0.0,0.75,0.5596157879354227,0.75,0.9795299412524945,0.0,0.5596157879354227,0.0,2026-10-01 15:00:00,2.6125,5.4,62.699999999999996,0.0,125.4,182,19.978260207190736,-1.0,0.5000000000000001,0.0,0.0,0.0,0.75,0.0,30.4,Chiang Rai,0.0,3.8734315822306997,-20.0,2.6125,64,4.651785714285714,0.0,0.75,0.0,1.2844000534385505,0.5596157879354227,3.1666666666666665,2026.0,0.0,0.0,2.6125,9.4
0.0,0.0,0.0,122.0,0.0,0.0,-0.9781476007338057,0.0,12.7,0.0,405.98,963.8,0.0,0.5596157879354227,1.5,0.0,18.0,-0.5000000000000004,0.20129852008866006,2.6125,36.0,0.20791169081775931,0.0,0.0,2.6125,1.2844000534385505,3.3426620631417925,-0.8660254037844386,4.7,0.0,,True,-0.8660254037844384,0.0,0.0,0.75,0.5596157879354227,0.75,0.9795299412524945,0.0,0.5596157879354227,0.0,2026-10-01 16:00:00,2.6125,5.9,62.699999999999996,0.0,125.4,168,19.978260207190736,1.0,0.5000000000000001,0.0,0.0,0.0,0.75,0.0,30.2,Chiang Rai,0.0,3.8927901438642527,-24.0,2.6125,65,4.626785714285714,0.0,0.75,0.0,1.2844000534385505,0.5596157879354227,3.06875,2026.0,0.0,0.0,2.6125,9.4
0.0,0.0,0.0,121.75,0.0,0.0,-0.848048096156426,0.0,12.7,0.0,403.9225,963.7,0.0,0.5596157879354227,1.6,0.0,18.0,-0.25881904510252063,0.20129852008866006,2.6125,36.0,0.5299192642332049,0.0,0.0,2.6125,1.2844000534385505,3.361333925636843,-0.8660254037844386,4.6,0.0,,True,-0.9659258262890683,0.0,0.0,0.75,0.5596157879354227,0.75,0.9795299412524945,0.0,0.5596157879354227,0.0,2026-10-01 17:00:00,2.6125,6.1,62.699999999999996,0.0,125.4,148,19.978260207190736,4.0,0.5000000000000001,0.0,0.0,0.0,0.75,0.0,29.8,Chiang Rai,0.0,3.9096013401482366,-19.0,2.6125,69,4.602380952380953,0.0,0.75,0.0,1.2844000534385505,0.5596157879354227,2.9708333333333337,2026.0,0.0,0.0,2.6125,9.4
0.0,0.0,0.0,121.5,0.0,0.0,-0.587785252292473,0.0,12.7,0.0,401.865,964.3,0.0,0.5596157879354227,1.9,0.0,18.0,-1.8369701987210297e-16,0.20129852008866006,2.6125,36.0,0.8090169943749475,0.0,0.0,2.6125,1.2844000534385505,3.3797264188244247,-0.8660254037844386,5.0,0.0,,True,-1.0,0.0,0.0,0.75,0.5596157879354227,0.75,0.9795299412524945,0.0,0.5596157879354227,0.0,2026-10-01 18:00:00,2.6125,4.0,62.699999999999996,0.0,125.4,126,19.978260207190736,10.0,0.5000000000000001,0.0,0.0,0.0,0.75,0.0,28.2,Chiang Rai,0.0,3.9248407611010157,-13.0,2.6125,79,4.57797619047619,0.0,0.75,0.0,1.2844000534385505,0.5596157879354227,2.875,2026.0,0.0,0.0,2.6125,9.4
0.0,0.0,0.0,121.25,0.0,0.0,-0.9925461516413221,0.0,12.7,0.0,399.8075,965.5,0.0,0.5596157879354227,9.4,0.0,18.0,0.2588190451025203,0.20129852008866006,2.6125,36.0,-0.12186934340514731,0.0,0.0,2.6125,1.2844000534385505,3.3973879000860046,-0.8660254037844386,8.4,0.0,,True,-0.9659258262890684,0.0,0.0,0.75,0.5596157879354227,0.75,0.9795299412524945,0.0,0.5596157879354227,0.0,2026-10-01 19:00:00,2.6125,1.5,62.699999999999996,0.0,125.4,187,19.978260207190736,2.0,0.5000000000000001,0.0,0.0,0.0,0.75,0.0,27.5,Chiang Rai,0.0,3.933401747286381,-14.0,2.6125,81,4.545833333333333,0.0,0.75,0.0,1.2844000534385505,0.5596157879354227,2.7708333333333335,2026.0,0.0,0.0,2.6125,9.4
0.0,0.0,0.0,121.0,0.0,0.0,-0.1908089953765446,0.0,12.7,0.0,397.75,966.7,0.0,0.5596157879354227,9.2,0.0,18.0,0.5000000000000001,0.20129852008866006,2.6125,36.0,-0.981627183447664,0.0,0.0,2.6125,1.2844000534385505,3.4099356607299,-0.8660254037844386,8.6,0.0,,True,-0.8660254037844386,0.0,0.0,0.75,0.5596157879354227,0.75,0.9795299412524945,0.0,0.5596157879354227,0.0,2026-10-01 20:00:00,2.6125,2.9,62.699999999999996,0.0,125.4,259,19.978260207190736,3.0,0.5000000000000001,0.0,0.0,0.0,0.75,0.0,26.7,Chiang Rai,0.0,3.8653351694545486,-12.0,2.6125,84,4.504166666666667,0.0,0.75,0.0,1.2844000534385505,0.5596157879354227,2.595833333333333,2026.0,0.0,0.0,2.6125,9.4
0.0,0.0,0.0,120.75,0.0,0.0,0.2923717047227367,0.0,12.7,0.0,395.6925,968.1,0.0,0.5596157879354227,9.7,0.0,18.0,0.7071067811865474,0.20129852008866006,2.6125,36.0,-0.9563047559630354,0.0,0.0,2.6125,1.2844000534385505,3.420526896795387,-0.8660254037844386,8.0,0.0,,True,-0.7071067811865477,0.0,0.0,0.75,0.5596157879354227,0.75,0.9795299412524945,0.0,0.5596157879354227,0.0,2026-10-01 21:00:00,2.6125,1.9,62.699999999999996,0.0,125.4,287,19.978260207190736,3.0,0.5000000000000001,0.0,0.0,0.0,0.75,0.0,26.1,Chiang Rai,0.0,3.7812769741921253,-9.0,2.6125,87,4.460714285714285,0.0,0.75,0.0,1.2844000534385505,0.5596157879354227,2.4166666666666665,2026.0,0.0,0.0,2.6125,9.4
0.0,0.0,0.0,120.5,0.0,0.0,0.30901699437494723,0.0,12.7,0.0,393.63500000000005,968.5,0.0,0.5596157879354227,10.0,0.0,18.0,0.8660254037844384,0.20129852008866006,2.6125,36.0,-0.9510565162951536,0.0,0.0,2.6125,1.2844000534385505,3.4310265267425266,-0.8660254037844386,7.6,0.0,,True,-0.5000000000000004,0.0,0.0,0.75,0.5596157879354227,0.75,0.9795299412524945,0.0,0.5596157879354227,0.0,2026-10-01 22:00:00,2.6125,3.4,62.699999999999996,0.0,125.4,288,19.978260207190736,3.0,0.5000000000000001,0.0,0.0,0.0,0.75,0.0,25.6,Chiang Rai,0.0,3.707087805811996,-6.0,2.6125,90,4.417857142857143,0.0,0.75,0.0,1.2844000534385505,0.5596157879354227,2.25,2026.0,0.0,0.0,2.6125,9.4
0.0,0.0,0.0,120.25,0.0,0.0,0.4694715627858904,0.0,12.7,0.0,391.57750000000004,968.1,0.0,0.5596157879354227,9.9,0.0,18.0,0.9659258262890681,0.20129852008866006,2.6125,36.0,-0.8829475928589271,0.0,0.0,2.6125,1.2844000534385505,3.439415669057438,-0.8660254037844386,7.6,0.0,,True,-0.25881904510252157,0.0,0.0,0.75,0.5596157879354227,0.75,0.9795299412524945,0.0,0.5596157879354227,0.0,2026-10-01 23:00:00,2.6125,3.5,62.699999999999996,0.0,125.4,298,19.978260207190736,3.0,0.5000000000000001,0.0,0.0,0.0,0.75,0.0,24.8,Chiang Rai,0.0,3.636838905178813,-3.0,2.6125,93,4.373214285714285,0.0,0.75,0.0,1.2844000534385505,0.5596157879354227,2.0916666666666663,2026.0,0.0,0.0,2.6125,9.4
0.0,0.0,0.0,120.0,0.0,0.0,0.4694715627858904,0.0,12.7,0.0,389.52000000000004,967.7,0.0,0.5596157879354227,9.7,0.0,18.0,1.0,0.39435585511331855,2.6125,36.0,-0.8829475928589271,0.0,0.0,2.6125,1.2844000534385505,3.442944770586751,-0.8660254037844386,7.5,0.0,,True,0.0,0.0,0.0,0.75,0.5596157879354227,0.75,0.9189578116202306,0.0,0.5596157879354227,0.0,2026-10-02 00:00:00,2.6125,3.1,62.699999999999996,0.0,125.4,298,19.978260207190736,1.0,0.5000000000000001,0.0,0.0,0.0,0.75,0.0,24.3,Chiang Rai,0.0,3.558167443439889,-2.0,2.6125,94,4.324404761904762,0.0,0.75,0.0,1.2844000534385505,0.5596157879354227,1.9333333333333336,2026.0,0.0,0.0,2.6125,9.4
0.0,0.0,0.0,119.75,0.0,0.0,0.3907311284892735,0.0,12.7,0.0,389.19250000000005,967.0,0.0,0.5596157879354227,9.7,0.0,18.0,0.9659258262890683,0.39435585511331855,2.6125,36.0,-0.9205048534524405,0.0,0.0,2.6125,1.2844000534385505,3.439794328130865,-0.8660254037844386,7.7,0.0,,True,0.25881904510252074,0.0,0.0,0.75,0.5596157879354227,0.75,0.9189578116202306,0.0,0.5596157879354227,0.0,2026-10-02 01:00:00,2.6125,2.7,62.699999999999996,0.0,125.4,293,19.978260207190736,0.0,0.5000000000000001,0.0,0.0,0.0,0.75,0.0,23.9,Chiang Rai,0.0,3.4739650487191467,-2.0,2.6125,94,4.270833333333333,0.0,0.75,0.0,1.2844000534385505,0.5596157879354227,1.7770833333333336,2026.0,0.0,0.0,2.6125,9.4
0.0,0.0,0.0,119.5,0.0,0.0,0.6691306063588578,0.0,12.7,0.0,388.865,966.4,0.0,0.5596157879354227,9.5,0.0,18.0,0.8660254037844387,0.39435585511331855,2.6125,36.0,-0.7431448254773946,0.0,0.0,2.6125,1.2844000534385505,3.4286118859220145,-0.8660254037844386,7.9,0.0,,True,0.49999999999999994,0.0,0.0,0.75,0.5596157879354227,0.75,0.9189578116202306,0.0,0.5596157879354227,0.0,2026-10-02 02:00:00,2.6125,2.4,62.699999999999996,0.0,125.4,312,19.978260207190736,0.0,0.5000000000000001,0.0,0.0,0.0,0.75,0.0,23.6,Chiang Rai,0.0,3.373075583038259,-3.0,2.6125,94,4.2125,0.0,0.75,0.0,1.2844000534385505,0.5596157879354227,1.6166666666666665,2026.0,0.0,0.0,2.6125,9.4
0.0,0.0,0.0,119.25,0.0,0.0,0.4848096202463373,0.0,12.7,0.0,388.5375,966.3,0.0,0.5596157879354227,9.1,0.0,18.0,0.7071067811865476,0.39435585511331855,2.6125,36.0,-0.8746197071393956,0.0,0.0,2.6125,1.2844000534385505,3.4123196483701617,-0.8660254037844386,8.2,0.0,,True,0.7071067811865475,0.0,0.0,0.75,0.5596157879354227,0.75,0.9189578116202306,0.0,0.5596157879354227,0.0,2026-10-02 03:00:00,2.6125,2.3,62.699999999999996,0.0,125.4,299,19.978260207190736,0.0,0.5000000000000001,0.0,0.0,0.0,0.75,0.0,23.4,Chiang Rai,0.0,3.253074800818792,-3.0,2.6125,94,4.151785714285714,0.0,0.75,0.0,1.2844000534385505,0.5596157879354227,1.4520833333333332,2026.0,0.0,0.0,2.6125,9.4
0.0,0.0,0.0,119.0,0.0,0.0,0.5000000000000001,0.0,12.7,0.0,388.21000000000004,966.1,0.0,0.5596157879354227,7.5,0.0,18.0,0.5000000000000001,0.39435585511331855,2.6125,36.0,-0.8660254037844386,0.0,0.0,2.6125,1.2844000534385505,3.3904351735580747,-0.8660254037844386,8.4,0.0,,True,0.8660254037844386,0.0,0.0,0.75,0.5596157879354227,0.75,0.9189578116202306,0.0,0.5596157879354227,0.0,2026-10-02 04:00:00,2.6125,2.5,62.699999999999996,0.0,125.4,300,19.978260207190736,0.0,0.5000000000000001,0.0,0.0,0.0,0.75,0.0,23.1,Chiang Rai,0.0,3.1062206571384032,-2.0,2.6125,94,4.088690476190475,0.0,0.75,0.0,1.2844000534385505,0.5596157879354227,1.28125,2026.0,0.0,0.0,2.6125,9.4
0.0,0.0,0.0,118.75,0.0,0.0,0.24192189559966745,0.0,12.7,0.0,387.88250000000005,966.3,0.0,0.5596157879354227,6.3,0.0,18.0,0.25881904510252074,0.39435585511331855,2.6125,36.0,-0.9702957262759966,0.0,0.0,2.6125,1.2844000534385505,3.350574247664965,-0.8660254037844386,9.0,0.0,,True,0.9659258262890683,0.0,0.0,0.75,0.5596157879354227,0.75,0.9189578116202306,0.0,0.5596157879354227,0.0,2026-10-02 05:00:00,2.6125,2.2,62.699999999999996,0.0,125.4,284,19.978260207190736,-1.0,0.5000000000000001,0.0,0.0,0.0,0.75,0.0,23.0,Chiang Rai,0.0,2.9319650869055955,-3.0,2.6125,93,4.017857142857143,0.0,0.75,0.0,1.2844000534385505,0.5596157879354227,1.10625,2026.0,0.0,0.0,2.6125,9.4
0.0,0.0,0.0,118.5,0.0,0.0,0.5000000000000001,0.0,12.7,0.0,387.55500000000006,966.8,0.0,0.5596157879354227,5.7,0.0,18.0,6.123233995736766e-17,0.39435585511331855,2.6125,36.0,-0.8660254037844386,0.0,0.0,2.6125,1.2844000534385505,3.299795085285643,-0.8660254037844386,9.2,0.0,,True,1.0,0.0,0.0,0.75,0.5596157879354227,0.75,0.9189578116202306,0.0,0.5596157879354227,0.0,2026-10-02 06:00:00,2.6125,2.5,62.699999999999996,0.0,125.4,300,19.978260207190736,0.0,0.5000000000000001,0.0,0.0,0.0,0.75,0.0,22.9,Chiang Rai,0.0,2.6997419822704045,-3.0,2.6125,93,3.943452380952381,0.0,0.75,0.0,1.2844000534385505,0.5596157879354227,0.9187500000000001,2026.0,0.0,0.0,2.6125,9.4
0.0,0.0,0.0,118.25,0.0,0.0,0.6691306063588578,0.0,10.0,0.0,387.2275,967.9,0.0,0.5596157879354227,5.6,0.0,18.0,-0.25881904510252063,0.39435585511331855,2.6125,36.0,-0.7431448254773946,0.0,0.0,2.6125,1.2844000534385505,3.243314028020374,-0.8660254037844386,9.4,0.0,,True,0.9659258262890683,0.0,0.0,0.75,0.5596157879354227,0.75,0.9189578116202306,0.0,0.5596157879354227,0.0,2026-10-02 07:00:00,2.6125,2.2,62.699999999999996,0.0,125.4,312,19.978260207190736,-1.0,0.5000000000000001,0.0,0.0,0.0,0.75,0.0,23.6,Chiang Rai,0.0,2.416759157712843,-3.0,2.6125,92,3.8678571428571424,0.0,0.75,0.0,1.2844000534385505,0.5596157879354227,0.7270833333333333,2026.0,0.0,0.0,2.6125,9.4
0.0,0.0,0.0,118.0,0.0,0.0,-0.8290375725550416,0.0,10.0,0.0,386.90000000000003,969.4,0.0,0.5596157879354227,5.2,0.0,18.0,-0.4999999999999998,0.39435585511331855,2.6125,36.0,0.5591929034707469,0.0,0.0,2.6125,1.2844000534385505,3.2565499582204307,-0.8660254037844386,9.1,0.0,,True,0.8660254037844387,0.0,0.0,0.75,0.5596157879354227,0.75,0.9189578116202306,0.0,0.5596157879354227,0.0,2026-10-02 08:00:00,2.6125,0.6,62.699999999999996,0.0,125.4,146,19.978260207190736,-10.0,0.5000000000000001,0.0,0.0,0.0,0.75,0.0,25.7,Chiang Rai,0.0,2.0606589004895173,-11.0,2.6125,82,3.8488095238095235,0.0,0.75,0.0,1.2844000534385505,0.5596157879354227,0.53125,2026.0,0.0,0.0,2.6125,9.1
0.0,0.0,0.0,117.75,0.0,0.0,-0.7771459614569709,0.0,10.0,0.0,386.57250000000005,970.3,0.0,0.5596157879354227,5.1,0.0,18.0,-0.7071067811865475,0.39435585511331855,2.6125,36.0,0.6293203910498374,0.0,0.0,2.6125,1.2844000534385505,3.26988287243337,-0.8660254037844386,8.4,0.0,,True,0.7071067811865476,0.0,0.0,0.75,0.5596157879354227,0.75,0.9189578116202306,0.0,0.5596157879354227,0.0,2026-10-02 09:00:00,2.6125,2.6,62.699999999999996,0.0,125.4,141,19.978260207190736,-3.0,0.5000000000000001,0.0,0.0,0.0,0.75,0.0,27.0,Chiang Rai,0.0,1.6390842633074791,-6.0,2.6125,79,3.82797619047619,0.0,0.75,0.0,1.2844000534385505,0.5596157879354227,0.3416666666666666,2026.0,0.0,0.0,2.6125,8.4
0.0,0.0,0.0,117.5,0.0,0.0,-0.9135454576426008,0.0,10.0,0.0,386.245,970.5,0.0,0.5596157879354227,5.0,0.0,18.0,-0.8660254037844387,0.39435585511331855,2.6125,36.0,0.40673664307580043,0.0,0.0,2.6125,1.2844000534385505,3.2798023072440166,-0.8660254037844386,8.0,0.0,,True,0.49999999999999994,0.0,0.0,0.75,0.5596157879354227,0.75,0.9189578116202306,0.0,0.5596157879354227,0.0,2026-10-02 10:00:00,2.6125,4.3,62.699999999999996,0.0,125.4,156,19.978260207190736,-4.0,0.5000000000000001,0.0,0.0,0.0,0.75,0.0,28.1,Chiang Rai,0.0,1.1426091000668408,-2.0,2.6125,75,3.816666666666667,0.0,0.75,0.0,1.2844000534385505,0.5596157879354227,0.16666666666666666,2026.0,0.0,0.0,2.6125,8.0
0.0,0.0,0.0,117.25,0.0,0.0,-0.9135454576426008,0.0,10.0,0.0,385.9175,970.1,0.0,0.5596157879354227,4.7,0.0,18.0,-0.9659258262890682,0.39435585511331855,2.6125,36.0,0.40673664307580043,0.0,0.0,2.6125,1.2844000534385505,3.2892990710309102,-0.8660254037844386,0.0,0.0,,True,0.258819045102521,0.0,0.0,0.75,0.5596157879354227,0.75,0.9189578116202306,0.0,0.5596157879354227,0.0,2026-10-02 11:00:00,2.6125,4.3,62.699999999999996,0.0,125.4,156,19.978260207190736,-2.0,0.5000000000000001,0.0,0.0,0.0,0.75,0.0,28.8,Chiang Rai,0.0,0.0,1.0,2.6125,73,3.8059523809523808,0.0,0.75,0.0,1.2844000534385505,0.5596157879354227,0.0,2026.0,0.0,0.0,2.6125,0.0
0.0,0.0,0.0,117.0,0.0,0.0,-0.8746197071393957,0.0,10.0,0.0,385.59000000000003,968.9,0.0,0.5596157879354227,4.6,0.0,18.0,-1.0,0.39435585511331855,2.6125,36.0,0.48480962024633717,0.0,0.0,2.6125,1.2844000534385505,3.298733695060834,-0.8660254037844386,0.0,0.0,,True,1.2246467991473532e-16,0.0,0.0,0.75,0.5596157879354227,0.75,0.9189578116202306,0.0,0.5596157879354227,0.0,2026-10-02 12:00:00,2.6125,4.8,62.699999999999996,0.0,125.4,151,19.978260207190736,-2.0,0.5000000000000001,0.0,0.0,0.0,0.75,0.0,29.5,Chiang Rai,0.0,0.0,3.0,2.6125,71,3.7952380952380955,0.0,0.75,0.0,1.2844000534385505,0.5596157879354227,0.0,2026.0,0.0,0.0,2.6125,0.0
0.0,0.0,0.0,116.75,0.0,0.0,-0.9063077870366499,0.0,10.0,0.0,385.26250000000005,967.4,0.0,0.5596157879354227,4.9,0.0,18.0,-0.9659258262890683,0.39435585511331855,2.6125,36.0,0.4226182617406995,0.0,0.0,2.6125,1.2844000534385505,3.3090963560027475,-0.8660254037844386,0.0,0.0,,True,-0.2588190451025208,0.0,0.0,0.75,0.5596157879354227,0.75,0.9189578116202306,0.0,0.5596157879354227,0.0,2026-10-02 13:00:00,2.6125,5.2,62.699999999999996,0.0,125.4,155,19.978260207190736,-1.0,0.5000000000000001,0.0,0.0,0.0,0.75,0.0,29.8,Chiang Rai,0.0,0.0,4.0,2.6125,70,3.7827380952380953,0.0,0.75,0.0,1.2844000534385505,0.5596157879354227,0.0,2026.0,0.0,0.0,2.6125,0.0
0.0,0.0,0.0,116.5,0.0,0.0,-0.9876883405951377,0.0,10.0,0.2,384.93500000000006,966.2,0.0,0.5596157879354227,4.8,0.0,18.0,-0.8660254037844388,0.39435585511331855,2.6125,36.0,0.15643446504023098,0.0,0.0,2.6125,1.2844000534385505,3.3199424905545527,-0.8660254037844386,0.0,0.0,,True,-0.4999999999999997,0.0,0.0,0.75,0.5596157879354227,0.75,0.9189578116202306,0.0,0.5596157879354227,0.0,2026-10-02 14:00:00,2.6125,4.4,62.699999999999996,0.0,125.4,171,19.978260207190736,4.0,0.5000000000000001,0.0,0.0,0.0,0.75,0.0,29.1,Chiang Rai,0.0,0.0,9.0,2.6125,74,3.7690476190476185,0.0,0.75,0.0,1.2844000534385505,0.5596157879354227,0.0,2026.0,0.18232155679395462,0.0,2.6125,0.0
0.0,0.0,0.0,116.25,0.0,0.0,0.10452846326765299,0.0,10.0,0.8,384.6075,965.1,0.0,0.5596157879354227,4.7,0.0,18.0,-0.7071067811865479,0.39435585511331855,2.6125,36.0,-0.9945218953682734,0.0,0.0,2.6125,1.2844000534385505,3.3315934553624724,-0.8660254037844386,0.0,0.0,,True,-0.7071067811865471,0.0,0.0,0.75,0.5596157879354227,0.75,0.9189578116202306,0.0,0.5596157879354227,0.0,2026-10-02 15:00:00,2.6125,8.3,62.699999999999996,0.0,125.4,276,19.978260207190736,9.0,0.5000000000000001,0.0,0.0,0.0,0.75,0.0,26.9,Chiang Rai,0.0,0.0,19.0,2.6125,83,3.7529761904761907,0.0,0.75,0.0,1.2844000534385505,0.5596157879354227,0.0,2026.0,0.5877866649021191,0.0,2.6125,0.0
0.0,0.0,0.0,116.0,0.0,0.0,0.8746197071393957,0.0,10.0,2.6,384.28000000000003,965.3,0.0,0.5596157879354227,4.7,0.0,18.0,-0.5000000000000004,0.39435585511331855,2.6125,36.0,0.48480962024633706,0.0,0.0,2.6125,1.2844000534385505,3.3435997831135813,-0.8660254037844386,0.0,0.0,,True,-0.8660254037844384,0.0,0.0,0.75,0.5596157879354227,0.75,0.9189578116202306,0.0,0.5596157879354227,0.0,2026-10-02 16:00:00,2.6125,4.8,62.699999999999996,0.0,125.4,29,19.978260207190736,6.0,0.5000000000000001,0.0,0.0,0.0,0.75,0.0,25.8,Chiang Rai,0.0,0.0,24.0,2.6125,89,3.7351190476190474,0.0,0.75,0.0,1.2844000534385505,0.5596157879354227,0.0,2026.0,1.2809338454620645,0.0,2.6125,0.0
0.0,0.0,0.0,115.75,0.0,0.0,-0.7071067811865477,0.0,10.0,0.1,383.95250000000004,966.0,0.0,0.5596157879354227,4.6,0.0,18.0,-0.25881904510252063,0.39435585511331855,2.6125,36.0,-0.7071067811865475,0.0,0.0,2.6125,1.2844000534385505,3.355769518151823,-0.8660254037844386,0.0,0.0,,True,-0.9659258262890683,0.0,0.0,0.75,0.5596157879354227,0.75,0.9189578116202306,0.0,0.5596157879354227,0.0,2026-10-02 17:00:00,2.6125,2.5,62.699999999999996,0.0,125.4,225,19.978260207190736,1.0,0.5000000000000001,0.0,0.0,0.0,0.75,0.0,25.9,Chiang Rai,0.0,0.0,21.0,2.6125,90,3.7154761904761906,0.0,0.75,0.0,1.2844000534385505,0.5596157879354227,0.0,2026.0,0.09531017980432487,0.0,2.6125,0.0
0.0,0.0,0.0,115.5,0.0,0.0,-0.2923717047227371,0.0,10.0,0.0,383.625,966.1,0.0,0.5596157879354227,5.0,0.0,18.0,-1.8369701987210297e-16,0.39435585511331855,2.6125,36.0,-0.9563047559630353,0.0,0.0,2.6125,1.2844000534385505,3.367918317796837,-0.8660254037844386,0.0,0.0,,True,-1.0,0.0,0.0,0.75,0.5596157879354227,0.75,0.9189578116202306,0.0,0.5596157879354227,0.0,2026-10-02 18:00:00,2.6125,1.9,62.699999999999996,0.0,125.4,253,19.978260207190736,2.0,0.5000000000000001,0.0,0.0,0.0,0.75,0.0,25.3,Chiang Rai,0.0,0.0,13.0,2.6125,92,3.693452380952381,0.0,0.75,0.0,1.2844000534385505,0.5596157879354227,0.0,2026.0,0.0,0.0,2.6125,0.0
0.0,0.0,0.0,115.25,0.0,0.0,0.5150380749100542,0.0,10.0,0.0,383.2975,966.6,0.0,0.5596157879354227,8.4,0.0,18.0,0.2588190451025203,0.39435585511331855,2.6125,36.0,-0.8571673007021123,0.0,0.0,2.6125,1.2844000534385505,3.379633325436221,-0.8660254037844386,0.0,0.0,,True,-0.9659258262890684,0.0,0.0,0.75,0.5596157879354227,0.75,0.9189578116202306,0.0,0.5596157879354227,0.0,2026-10-02 19:00:00,2.6125,2.1,62.699999999999996,0.0,125.4,301,19.978260207190736,2.0,0.5000000000000001,0.0,0.0,0.0,0.75,0.0,24.9,Chiang Rai,0.0,0.0,13.0,2.6125,94,3.6684523809523806,0.0,0.75,0.0,1.2844000534385505,0.5596157879354227,0.0,2026.0,0.0,0.0,2.6125,0.0
0.0,0.0,0.0,115.0,0.0,0.0,0.8910065241883678,0.0,10.0,0.0,382.97,967.4,0.0,0.5596157879354227,8.6,0.0,18.0,0.5000000000000001,0.39435585511331855,2.6125,36.0,-0.45399049973954697,0.0,0.0,2.6125,1.2844000534385505,3.391337169974922,-0.8660254037844386,0.0,0.0,,True,-0.8660254037844386,0.0,0.0,0.75,0.5596157879354227,0.75,0.9189578116202306,0.0,0.5596157879354227,0.0,2026-10-02 20:00:00,2.6125,0.8,62.699999999999996,0.0,125.4,333,19.978260207190736,0.0,0.5000000000000001,0.0,0.0,0.0,0.75,0.0,24.9,Chiang Rai,0.0,0.0,10.0,2.6125,94,3.645238095238095,0.0,0.75,0.0,1.2844000534385505,0.5596157879354227,0.0,2026.0,0.0,0.0,2.6125,0.0
0.0,0.0,0.0,114.75,0.0,0.0,-0.4539904997395469,0.0,10.0,0.0,382.64250000000004,968.2,0.0,0.5596157879354227,8.0,0.0,18.0,0.7071067811865474,0.39435585511331855,2.6125,36.0,-0.8910065241883678,0.0,0.0,2.6125,1.2844000534385505,3.4009914499996206,-0.8660254037844386,0.0,0.0,,True,-0.7071067811865477,0.0,0.0,0.75,0.5596157879354227,0.75,0.9189578116202306,0.0,0.5596157879354227,0.0,2026-10-02 21:00:00,2.6125,0.4,62.699999999999996,0.0,125.4,243,19.978260207190736,0.0,0.5000000000000001,0.0,0.0,0.0,0.75,0.0,24.8,Chiang Rai,0.0,0.0,7.0,2.6125,94,3.614880952380952,0.0,0.75,0.0,1.2844000534385505,0.5596157879354227,0.0,2026.0,0.0,0.0,2.6125,0.0
0.0,0.0,0.0,114.5,0.0,0.0,-0.7071067811865477,0.0,10.0,0.0,382.31500000000005,968.5,0.0,0.5596157879354227,7.6,0.0,18.0,0.8660254037844384,0.39435585511331855,2.6125,36.0,-0.7071067811865475,0.0,0.0,2.6125,1.2844000534385505,3.4094755396124223,-0.8660254037844386,0.0,0.0,,True,-0.5000000000000004,0.0,0.0,0.75,0.5596157879354227,0.75,0.9189578116202306,0.0,0.5596157879354227,0.0,2026-10-02 22:00:00,2.6125,0.3,62.699999999999996,0.0,125.4,225,19.978260207190736,0.0,0.5000000000000001,0.0,0.0,0.0,0.75,0.0,24.6,Chiang Rai,0.0,0.0,4.0,2.6125,94,3.582738095238095,0.0,0.75,0.0,1.2844000534385505,0.5596157879354227,0.0,2026.0,0.0,0.0,2.6125,0.0
0.0,0.0,0.0,114.25,0.0,0.0,-1.8369701987210297e-16,0.0,10.0,0.0,381.98750000000007,968.5,0.0,0.5596157879354227,7.6,0.0,18.0,0.9659258262890681,0.39435585511331855,2.6125,36.0,-1.0,0.0,0.0,2.6125,1.2844000534385505,3.414497351397188,-0.8660254037844386,0.0,0.0,,True,-0.25881904510252157,0.0,0.0,0.75,0.5596157879354227,0.75,0.9189578116202306,0.0,0.5596157879354227,0.0,2026-10-02 23:00:00,2.6125,0.0,62.699999999999996,0.0,125.4,270,19.978260207190736,1.0,0.5000000000000001,0.0,0.0,0.0,0.75,0.0,24.4,Chiang Rai,0.0,0.0,2.0,2.6125,95,3.5458333333333334,0.0,0.75,0.0,1.2844000534385505,0.5596157879354227,0.0,2026.0,0.0,0.0,2.6125,0.0
0.0,0.0,0.0,114.0,0.0,0.0,1.0,0.0,10.0,0.0,381.6600000000001,968.0,0.0,0.5596157879354227,7.5,0.0,18.0,1.0,0.5712682150947923,2.6125,36.0,-2.4492935982947064e-16,0.0,0.0,2.6125,1.2844000534385505,3.4154029519608717,-0.8660254037844386,0.0,0.0,,True,0.0,0.0,0.0,0.75,0.5596157879354227,0.75,0.8207634412072763,0.0,0.5596157879354227,0.0,2026-10-03 00:00:00,2.6125,0.2,62.699999999999996,0.0,125.4,360,19.978260207190736,0.0,0.5000000000000001,0.0,0.0,0.0,0.75,0.0,24.2,Chiang Rai,0.0,0.0,1.0,2.6125,95,3.5047619047619043,0.0,0.75,0.0,1.2844000534385505,0.5596157879354227,0.0,2026.0,0.0,0.0,2.6125,0.0
0.0,0.0,0.0,114.75,0.0,0.0,0.9702957262759965,0.0,10.0,0.0,384.27250000000004,967.4,0.0,0.5596157879354227,7.7,0.0,18.0,0.9659258262890683,0.5712682150947923,2.6125,36.0,-0.24192189559966787,0.0,0.0,2.6125,1.2844000534385505,3.4164045029667016,-0.8660254037844386,0.0,0.0,,True,0.25881904510252074,0.0,0.0,0.75,0.5596157879354227,0.75,0.8207634412072763,0.0,0.5596157879354227,0.0,2026-10-03 01:00:00,2.6125,0.7,62.699999999999996,0.0,125.4,346,19.978260207190736,2.0,0.5000000000000001,0.0,0.0,0.0,0.75,0.0,23.8,Chiang Rai,0.0,0.0,3.0,2.6125,97,3.4642857142857144,0.0,0.75,0.0,1.2844000534385505,0.5596157879354227,0.0,2026.0,0.0,0.0,2.6125,0.0
0.0,0.0,0.0,115.5,0.0,0.0,0.7071067811865474,0.0,10.0,0.0,386.88500000000005,966.8,0.0,0.5596157879354227,7.9,0.0,18.0,0.8660254037844387,0.5712682150947923,2.6125,36.0,-0.7071067811865477,0.0,0.0,2.6125,1.2844000534385505,3.4215068068564585,-0.8660254037844386,0.0,0.0,,True,0.49999999999999994,0.0,0.0,0.75,0.5596157879354227,0.75,0.8207634412072763,0.0,0.5596157879354227,0.0,2026-10-03 02:00:00,2.6125,0.3,62.699999999999996,0.0,125.4,315,19.978260207190736,0.0,0.5000000000000001,0.0,0.0,0.0,0.75,0.0,23.6,Chiang Rai,0.0,0.0,3.0,2.6125,97,3.4291666666666667,0.0,0.75,0.0,1.2844000534385505,0.5596157879354227,0.0,2026.0,0.0,0.0,2.6125,0.0
0.0,0.0,0.0,116.25,0.0,0.0,-1.8369701987210297e-16,0.0,10.0,0.0,389.49750000000006,966.6,0.0,0.5596157879354227,8.2,0.0,18.0,0.7071067811865476,0.5712682150947923,2.6125,36.0,-1.0,0.0,0.0,2.6125,1.2844000534385505,3.429719549828556,-0.8660254037844386,0.0,0.0,,True,0.7071067811865475,0.0,0.0,0.75,0.5596157879354227,0.75,0.8207634412072763,0.0,0.5596157879354227,0.0,2026-10-03 03:00:00,2.6125,0.2,62.699999999999996,0.0,125.4,270,19.978260207190736,1.0,0.5000000000000001,0.0,0.0,0.0,0.75,0.0,23.4,Chiang Rai,0.0,0.0,4.0,2.6125,98,3.4000000000000004,0.0,0.75,0.0,1.2844000534385505,0.5596157879354227,0.0,2026.0,0.0,0.0,2.6125,0.0
0.0,0.0,0.0,117.0,0.0,0.0,-1.8369701987210297e-16,0.0,10.0,0.0,392.11000000000007,966.6,0.0,0.5596157879354227,8.4,0.0,18.0,0.5000000000000001,0.5712682150947923,2.6125,36.0,-1.0,0.0,0.0,2.6125,1.2844000534385505,3.4393423737276896,-0.8660254037844386,0.0,0.0,,True,0.8660254037844386,0.0,0.0,0.75,0.5596157879354227,0.75,0.8207634412072763,0.0,0.5596157879354227,0.0,2026-10-03 04:00:00,2.6125,0.5,62.699999999999996,0.0,125.4,270,19.978260207190736,1.0,0.5000000000000001,0.0,0.0,0.0,0.75,0.0,23.2,Chiang Rai,0.0,0.0,5.0,2.6125,99,3.3761904761904766,0.0,0.75,0.0,1.2844000534385505,0.5596157879354227,0.0,2026.0,0.0,0.0,2.6125,0.0
0.0,0.0,0.0,117.75,0.0,0.0,-1.8369701987210297e-16,0.0,10.0,0.0,394.7225000000001,967.1,0.0,0.5596157879354227,9.0,0.0,18.0,0.25881904510252074,0.5712682150947923,2.6125,36.0,-1.0,0.0,0.0,2.6125,1.2844000534385505,3.4489627988360647,-0.8660254037844386,0.0,0.0,,True,0.9659258262890683,0.0,0.0,0.75,0.5596157879354227,0.75,0.8207634412072763,0.0,0.5596157879354227,0.0,2026-10-03 05:00:00,2.6125,1.6,62.699999999999996,0.0,125.4,270,19.978260207190736,-1.0,0.5000000000000001,0.0,0.0,0.0,0.75,0.0,23.6,Chiang Rai,0.0,0.0,5.0,2.6125,98,3.353571428571429,0.0,0.75,0.0,1.2844000534385505,0.5596157879354227,0.0,2026.0,0.0,0.0,2.6125,0.0
0.0,0.0,0.0,118.5,0.0,0.0,-0.8290375725550418,0.0,10.0,0.1,397.33500000000004,967.7,0.0,0.5596157879354227,9.2,0.0,18.0,6.123233995736766e-17,0.5712682150947923,2.6125,36.0,-0.5591929034707467,0.0,0.0,2.6125,1.2844000534385505,3.45831914389352,-0.8660254037844386,0.0,0.0,,True,1.0,0.0,0.0,0.75,0.5596157879354227,0.75,0.8207634412072763,0.0,0.5596157879354227,0.0,2026-10-03 06:00:00,2.6125,1.9,62.699999999999996,0.0,125.4,214,19.978260207190736,1.0,0.5000000000000001,0.0,0.0,0.0,0.75,0.0,23.4,Chiang Rai,0.0,0.0,6.0,2.6125,99,3.330357142857143,0.0,0.75,0.0,1.2844000534385505,0.5596157879354227,0.0,2026.0,0.09531017980432487,0.0,2.6125,0.0
0.0,0.0,0.0,119.25,0.0,0.0,-0.9986295347545738,0.0,10.0,0.1,399.94750000000005,968.6,0.0,0.5596157879354227,9.4,0.0,18.0,-0.25881904510252063,0.5712682150947923,2.6125,36.0,-0.052335956242943564,0.0,0.0,2.6125,1.2844000534385505,3.467494831742834,-0.8660254037844386,0.0,0.0,,True,0.9659258262890683,0.0,0.0,0.75,0.5596157879354227,0.75,0.8207634412072763,0.0,0.5596157879354227,0.0,2026-10-03 07:00:00,2.6125,3.1,62.699999999999996,0.0,125.4,183,19.978260207190736,0.0,0.5000000000000001,0.0,0.0,0.0,0.75,0.0,23.6,Chiang Rai,0.0,0.0,7.0,2.6125,99,3.3071428571428574,0.0,0.75,0.0,1.2844000534385505,0.5596157879354227,0.0,2026.0,0.09531017980432487,0.0,2.6125,0.0
0.0,0.0,0.0,120.0,0.0,0.0,-0.9743700647852352,0.0,10.0,0.1,402.56000000000006,969.2,0.0,0.5596157879354227,9.1,0.0,18.0,-0.4999999999999998,0.5712682150947923,2.6125,36.0,-0.22495105434386498,0.0,0.0,2.6125,1.2844000534385505,3.4680538641830934,-0.8660254037844386,0.0,0.0,,True,0.8660254037844387,0.0,0.0,0.75,0.5596157879354227,0.75,0.8207634412072763,0.0,0.5596157879354227,0.0,2026-10-03 08:00:00,2.6125,3.1,62.699999999999996,0.0,125.4,193,19.978260207190736,-3.0,0.5000000000000001,0.0,0.0,0.0,0.75,0.0,24.3,Chiang Rai,0.0,0.0,14.0,2.6125,96,3.306547619047619,0.0,0.75,0.0,1.2844000534385505,0.5596157879354227,0.0,2026.0,0.09531017980432487,0.0,2.6125,0.0
0.0,0.0,0.0,120.75,0.0,0.0,-0.992546151641322,0.0,10.0,0.1,405.17250000000007,969.8,0.0,0.5596157879354227,8.4,0.0,18.0,-0.7071067811865475,0.5712682150947923,2.6125,36.0,0.12186934340514755,0.0,0.0,2.6125,1.2844000534385505,3.472459470352768,-0.8660254037844386,0.0,0.0,,True,0.7071067811865476,0.0,0.0,0.75,0.5596157879354227,0.75,0.8207634412072763,0.0,0.5596157879354227,0.0,2026-10-03 09:00:00,2.6125,2.9,62.699999999999996,0.0,125.4,173,19.978260207190736,-3.0,0.5000000000000001,0.0,0.0,0.0,0.75,0.0,25.2,Chiang Rai,0.0,0.0,14.0,2.6125,93,3.3011904761904765,0.0,0.75,0.0,1.2844000534385505,0.5596157879354227,0.0,2026.0,0.09531017980432487,0.0,2.6125,0.0
0.0,0.0,0.0,121.5,0.0,0.0,-0.981627183447664,0.0,10.0,0.1,407.7850000000001,969.8,0.0,0.5596157879354227,8.0,0.0,18.0,-0.8660254037844387,0.5712682150947923,2.6125,36.0,0.19080899537654497,0.0,0.0,2.6125,1.2844000534385505,3.4776370420529084,-0.8660254037844386,0.0,0.0,,True,0.49999999999999994,0.0,0.0,0.75,0.5596157879354227,0.75,0.8207634412072763,0.0,0.5596157879354227,0.0,2026-10-03 10:00:00,2.6125,3.7,62.699999999999996,0.0,125.4,169,19.978260207190736,-7.0,0.5000000000000001,0.0,0.0,0.0,0.75,0.0,26.8,Chiang Rai,0.0,0.0,11.0,2.6125,86,3.294642857142857,0.0,0.75,0.0,1.2844000534385505,0.5596157879354227,0.0,2026.0,0.09531017980432487,0.0,2.6125,0.0
0.0,0.0,0.0,122.25,0.0,0.0,-0.882947592858927,0.0,10.0,0.2,410.39750000000004,969.1,0.0,0.5596157879354227,0.0,0.0,18.0,-0.9659258262890682,0.5712682150947923,2.6125,36.0,0.4694715627858907,0.0,0.0,2.6125,1.2844000534385505,3.483159955243159,-0.8660254037844386,0.0,0.0,,True,0.258819045102521,0.0,0.0,0.75,0.5596157879354227,0.75,0.8207634412072763,0.0,0.5596157879354227,0.0,2026-10-03 11:00:00,2.6125,3.5,62.699999999999996,0.0,125.4,152,19.978260207190736,-4.0,0.5000000000000001,0.0,0.0,0.0,0.75,0.0,27.5,Chiang Rai,0.0,0.0,9.0,2.6125,82,3.2874999999999996,0.0,0.75,0.0,1.2844000534385505,0.5596157879354227,0.0,2026.0,0.18232155679395462,0.0,2.6125,0.0
0.0,0.0,0.0,123.0,0.0,0.0,-0.8090169943749473,0.0,10.0,0.2,413.01000000000005,967.9,0.0,0.5596157879354227,0.0,0.0,18.0,-1.0,0.5712682150947923,2.6125,36.0,0.5877852522924732,0.0,0.0,2.6125,1.2844000534385505,3.4893350124866305,-0.8660254037844386,0.0,0.0,,True,1.2246467991473532e-16,0.0,0.0,0.75,0.5596157879354227,0.75,0.8207634412072763,0.0,0.5596157879354227,0.0,2026-10-03 12:00:00,2.6125,3.3,62.699999999999996,0.0,125.4,144,19.978260207190736,0.0,0.5000000000000001,0.0,0.0,0.0,0.75,0.0,27.9,Chiang Rai,0.0,0.0,11.0,2.6125,82,3.2791666666666663,0.0,0.75,0.0,1.2844000534385505,0.5596157879354227,0.0,2026.0,0.18232155679395462,0.0,2.6125,0.0
0.0,0.0,0.0,123.75,0.0,0.0,-0.8090169943749473,0.0,10.0,0.3,415.62250000000006,966.4,0.0,0.5596157879354227,0.0,0.0,18.0,-0.9659258262890683,0.5712682150947923,2.6125,36.0,0.5877852522924732,0.0,0.0,2.6125,1.2844000534385505,3.4957892957747774,-0.8660254037844386,0.0,0.0,,True,-0.2588190451025208,0.0,0.0,0.75,0.5596157879354227,0.75,0.8207634412072763,0.0,0.5596157879354227,0.0,2026-10-03 13:00:00,2.6125,4.0,62.699999999999996,0.0,125.4,144,19.978260207190736,1.0,0.5000000000000001,0.0,0.0,0.0,0.75,0.0,27.9,Chiang Rai,0.0,0.0,13.0,2.6125,83,3.270238095238095,0.0,0.75,0.0,1.2844000534385505,0.5596157879354227,0.0,2026.0,0.26236426446749106,0.0,2.6125,0.0
0.0,0.0,0.0,124.5,0.0,0.0,-0.6819983600624986,0.0,10.0,0.7,418.23500000000007,964.9,0.0,0.5596157879354227,0.0,0.0,18.0,-0.8660254037844388,0.5712682150947923,2.6125,36.0,-0.7313537016191705,0.0,0.0,2.6125,1.2844000534385505,3.502773388958968,-0.8660254037844386,0.0,0.0,,True,-0.4999999999999997,0.0,0.0,0.75,0.5596157879354227,0.75,0.8207634412072763,0.0,0.5596157879354227,0.0,2026-10-03 14:00:00,2.6125,9.2,62.699999999999996,0.0,125.4,227,19.978260207190736,4.0,0.5000000000000001,0.0,0.0,0.0,0.75,0.0,26.9,Chiang Rai,0.0,0.0,13.0,2.6125,87,3.260119047619048,0.0,0.75,0.0,1.2844000534385505,0.5596157879354227,0.0,2026.0,0.5306282510621704,0.0,2.6125,0.0
0.0,0.0,0.0,125.25,0.0,0.0,-0.7431448254773942,0.0,10.0,0.5,420.8475000000001,963.8,0.0,0.5596157879354227,0.0,0.0,18.0,-0.7071067811865479,0.5712682150947923,2.6125,36.0,-0.6691306063588582,0.0,0.0,2.6125,1.2844000534385505,3.510206005609081,-0.8660254037844386,0.0,0.0,,True,-0.7071067811865471,0.0,0.0,0.75,0.5596157879354227,0.75,0.8207634412072763,0.0,0.5596157879354227,0.0,2026-10-03 15:00:00,2.6125,7.0,62.699999999999996,0.0,125.4,222,19.978260207190736,2.0,0.5000000000000001,0.0,0.0,0.0,0.75,0.0,25.8,Chiang Rai,0.0,0.0,6.0,2.6125,89,3.2488095238095234,0.0,0.75,0.0,1.2844000534385505,0.5596157879354227,0.0,2026.0,0.4054651081081644,0.0,2.6125,0.0
0.0,0.0,0.0,126.0,0.0,0.0,-0.15643446504023104,0.0,10.0,1.2,423.46000000000004,963.5,0.0,0.5596157879354227,0.0,0.0,18.0,-0.5000000000000004,0.5712682150947923,2.6125,36.0,-0.9876883405951377,0.0,0.0,2.6125,1.2844000534385505,3.518188889361185,-0.8660254037844386,0.0,0.0,,True,-0.8660254037844384,0.0,0.0,0.75,0.5596157879354227,0.75,0.8207634412072763,0.0,0.5596157879354227,0.0,2026-10-03 16:00:00,2.6125,3.5,62.699999999999996,0.0,125.4,261,19.978260207190736,-1.0,0.5000000000000001,0.0,0.0,0.0,0.75,0.0,25.4,Chiang Rai,0.0,0.0,-1.0,2.6125,88,3.2357142857142858,0.0,0.75,0.0,1.2844000534385505,0.5596157879354227,0.0,2026.0,0.7884573603642702,0.0,2.6125,0.0
0.0,0.0,0.0,126.75,0.0,0.0,-0.9510565162951536,0.0,10.0,0.0,426.07250000000005,964.0,0.0,0.5596157879354227,0.0,0.0,18.0,-0.25881904510252063,0.5712682150947923,2.6125,36.0,-0.3090169943749473,0.0,0.0,2.6125,1.2844000534385505,3.526546505851937,-0.8660254037844386,0.0,0.0,,True,-0.9659258262890683,0.0,0.0,0.75,0.5596157879354227,0.75,0.8207634412072763,0.0,0.5596157879354227,0.0,2026-10-03 17:00:00,2.6125,4.6,62.699999999999996,0.0,125.4,198,19.978260207190736,-1.0,0.5000000000000001,0.0,0.0,0.0,0.75,0.0,26.0,Chiang Rai,0.0,0.0,-3.0,2.6125,87,3.2208333333333337,0.0,0.75,0.0,1.2844000534385505,0.5596157879354227,0.0,2026.0,0.0,0.0,2.6125,0.0
0.0,0.0,0.0,127.5,0.0,0.0,-0.984807753012208,0.0,10.0,0.0,428.68500000000006,964.4,0.0,0.5596157879354227,0.0,0.0,18.0,-1.8369701987210297e-16,0.5712682150947923,2.6125,36.0,-0.17364817766693047,0.0,0.0,2.6125,1.2844000534385505,3.5351616932297327,-0.8660254037844386,0.0,0.0,,True,-1.0,0.0,0.0,0.75,0.5596157879354227,0.75,0.8207634412072763,0.0,0.5596157879354227,0.0,2026-10-03 18:00:00,2.6125,4.0,62.699999999999996,0.0,125.4,190,19.978260207190736,4.0,0.5000000000000001,0.0,0.0,0.0,0.75,0.0,25.6,Chiang Rai,0.0,0.0,-1.0,2.6125,91,3.2035714285714287,0.0,0.75,0.0,1.2844000534385505,0.5596157879354227,0.0,2026.0,0.0,0.0,2.6125,0.0
0.0,0.0,0.0,128.25,0.0,0.0,-1.0,0.0,10.0,0.0,431.29750000000007,965.1,0.0,0.5596157879354227,0.0,0.0,18.0,0.2588190451025203,0.5712682150947923,2.6125,36.0,1.2246467991473532e-16,0.0,0.0,2.6125,1.2844000534385505,3.5431785488491743,-0.8660254037844386,0.0,0.0,,True,-0.9659258262890684,0.0,0.0,0.75,0.5596157879354227,0.75,0.8207634412072763,0.0,0.5596157879354227,0.0,2026-10-03 19:00:00,2.6125,1.3,62.699999999999996,0.0,125.4,180,19.978260207190736,2.0,0.5000000000000001,0.0,0.0,0.0,0.75,0.0,25.1,Chiang Rai,0.0,0.0,-1.0,2.6125,93,3.179761904761905,0.0,0.75,0.0,1.2844000534385505,0.5596157879354227,0.0,2026.0,0.0,0.0,2.6125,0.0
0.0,0.0,0.0,129.0,0.0,0.0,-1.0,0.0,10.0,0.0,433.9100000000001,965.9,0.0,0.5596157879354227,0.0,0.0,18.0,0.5000000000000001,0.5712682150947923,2.6125,36.0,1.2246467991473532e-16,0.0,0.0,2.6125,1.2844000534385505,3.529278203025902,-0.8660254037844386,0.0,0.0,,True,-0.8660254037844386,0.0,0.0,0.75,0.5596157879354227,0.75,0.8207634412072763,0.0,0.5596157879354227,0.0,2026-10-03 20:00:00,2.6125,0.9,62.699999999999996,0.0,125.4,180,19.978260207190736,2.0,0.5000000000000001,0.0,0.0,0.0,0.75,0.0,24.8,Chiang Rai,0.0,0.0,1.0,2.6125,95,3.1303571428571426,0.0,0.75,0.0,1.2844000534385505,0.5596157879354227,0.0,2026.0,0.0,0.0,2.6125,0.0
0.0,0.0,0.0,129.75,0.0,0.0,-0.7071067811865477,0.0,10.0,0.0,436.52250000000004,966.8,0.0,0.5596157879354227,0.0,0.0,18.0,0.7071067811865474,0.5712682150947923,2.6125,36.0,-0.7071067811865475,0.0,0.0,2.6125,1.2844000534385505,3.515503755152927,-0.8660254037844386,0.0,0.0,,True,-0.7071067811865477,0.0,0.0,0.75,0.5596157879354227,0.75,0.8207634412072763,0.0,0.5596157879354227,0.0,2026-10-03 21:00:00,2.6125,0.5,62.699999999999996,0.0,125.4,225,19.978260207190736,1.0,0.5000000000000001,0.0,0.0,0.0,0.75,0.0,24.4,Chiang Rai,0.0,0.0,2.0,2.6125,96,3.0815476190476194,0.0,0.75,0.0,1.2844000534385505,0.5596157879354227,0.0,2026.0,0.0,0.0,2.6125,0.0
0.0,0.0,0.0,130.5,0.0,0.0,0.30901699437494723,0.0,10.0,0.0,439.1350000000001,967.3,0.0,0.5596157879354227,0.0,0.0,18.0,0.8660254037844384,0.5712682150947923,2.6125,36.0,-0.9510565162951536,0.0,0.0,2.6125,1.2844000534385505,3.50517110706395,-0.8660254037844386,0.0,0.0,,True,-0.5000000000000004,0.0,0.0,0.75,0.5596157879354227,0.75,0.8207634412072763,0.0,0.5596157879354227,0.0,2026-10-03 22:00:00,2.6125,0.6,62.699999999999996,0.0,125.4,288,19.978260207190736,1.0,0.5000000000000001,0.0,0.0,0.0,0.75,0.0,24.0,Chiang Rai,0.0,0.0,3.0,2.6125,97,3.0357142857142856,0.0,0.75,0.0,1.2844000534385505,0.5596157879354227,0.0,2026.0,0.0,0.0,2.6125,0.0
0.0,0.0,0.0,131.25,0.0,0.0,0.7071067811865474,0.0,10.0,0.0,441.74750000000006,967.1,0.0,0.5596157879354227,0.0,0.0,18.0,0.9659258262890681,0.5712682150947923,2.6125,36.0,-0.7071067811865477,0.0,0.0,2.6125,1.2844000534385505,3.4950004784937017,-0.8660254037844386,0.0,0.0,,True,-0.25881904510252157,0.0,0.0,0.75,0.5596157879354227,0.75,0.8207634412072763,0.0,0.5596157879354227,0.0,2026-10-03 23:00:00,2.6125,0.5,62.699999999999996,0.0,125.4,315,19.978260207190736,1.0,0.5000000000000001,0.0,0.0,0.0,0.75,0.0,23.8,Chiang Rai,0.0,0.0,3.0,2.6125,98,2.9904761904761905,0.0,0.75,0.0,1.2844000534385505,0.5596157879354227,0.0,2026.0,0.0,0.0,2.6125,0.0
0.0,0.0,0.0,132.0,0.0,0.0,0.9510565162951535,0.0,10.0,0.0,444.36000000000007,966.5,0.0,0.5596157879354227,0.0,0.0,18.0,1.0,0.7247927872291199,2.6125,36.0,-0.3090169943749476,0.0,0.0,2.6125,1.2844000534385505,3.4817490111011526,-0.8660254037844386,0.0,0.0,,True,0.0,0.0,0.0,0.75,0.5596157879354227,0.75,0.6889669190756866,0.0,0.5596157879354227,0.0,2026-10-04 00:00:00,2.6125,0.6,62.699999999999996,0.0,125.4,342,19.978260207190736,1.0,0.5000000000000001,0.0,0.0,0.0,0.75,0.0,23.5,Chiang Rai,0.0,0.0,4.0,2.6125,99,2.943452380952381,0.0,0.75,0.0,1.2844000534385505,0.5596157879354227,0.0,2026.0,0.0,0.0,2.6125,0.0
0.0,0.0,0.0,131.75,0.0,0.0,1.0,0.0,10.0,0.0,444.13250000000005,966.0,0.0,0.5596157879354227,0.0,0.0,18.0,0.9659258262890683,0.7247927872291199,2.6125,36.0,-2.4492935982947064e-16,0.0,0.0,2.6125,1.2844000534385505,3.4678093273149035,-0.8660254037844386,0.0,0.0,,True,0.25881904510252074,0.0,0.0,0.75,0.5596157879354227,0.75,0.6889669190756866,0.0,0.5596157879354227,0.0,2026-10-04 01:00:00,2.6125,0.5,62.699999999999996,0.0,125.4,360,19.978260207190736,0.0,0.5000000000000001,0.0,0.0,0.0,0.75,0.0,23.4,Chiang Rai,0.0,0.0,2.0,2.6125,99,2.8964285714285714,0.0,0.75,0.0,1.2844000534385505,0.5596157879354227,0.0,2026.0,0.0,0.0,2.6125,0.0
0.0,0.0,0.0,131.5,0.0,0.0,1.0,0.0,10.0,0.0,443.9050000000001,965.6,0.0,0.5596157879354227,0.0,0.0,18.0,0.8660254037844387,0.7247927872291199,2.6125,36.0,-2.4492935982947064e-16,0.0,0.0,2.6125,1.2844000534385505,3.4522937181097113,-0.8660254037844386,0.0,0.0,,True,0.49999999999999994,0.0,0.0,0.75,0.5596157879354227,0.75,0.6889669190756866,0.0,0.5596157879354227,0.0,2026-10-04 02:00:00,2.6125,0.4,62.699999999999996,0.0,125.4,360,19.978260207190736,1.0,0.5000000000000001,0.0,0.0,0.0,0.75,0.0,23.2,Chiang Rai,0.0,0.0,3.0,2.6125,100,2.848809523809524,0.0,0.75,0.0,1.2844000534385505,0.5596157879354227,0.0,2026.0,0.0,0.0,2.6125,0.0
0.0,0.0,0.0,131.25,0.0,0.0,-0.7071067811865475,0.0,10.0,0.0,443.67750000000007,965.2,0.0,0.5596157879354227,0.0,0.0,18.0,0.7071067811865476,0.7247927872291199,2.6125,36.0,0.7071067811865476,0.0,0.0,2.6125,1.2844000534385505,3.4369399667486213,-0.8660254037844386,0.0,0.0,,True,0.7071067811865475,0.0,0.0,0.75,0.5596157879354227,0.75,0.6889669190756866,0.0,0.5596157879354227,0.0,2026-10-04 03:00:00,2.6125,0.3,62.699999999999996,0.0,125.4,135,19.978260207190736,0.0,0.5000000000000001,0.0,0.0,0.0,0.75,0.0,23.2,Chiang Rai,0.0,0.0,2.0,2.6125,100,2.8017857142857143,0.0,0.75,0.0,1.2844000534385505,0.5596157879354227,0.0,2026.0,0.0,0.0,2.6125,0.0
0.0,0.0,0.0,131.0,0.0,0.0,-1.0,0.0,10.0,0.0,443.45000000000005,965.1,0.0,0.5596157879354227,0.0,0.0,18.0,0.5000000000000001,0.7247927872291199,2.6125,36.0,1.2246467991473532e-16,0.0,0.0,2.6125,1.2844000534385505,3.4226260869492826,-0.8660254037844386,0.0,0.0,,True,0.8660254037844386,0.0,0.0,0.75,0.5596157879354227,0.75,0.6889669190756866,0.0,0.5596157879354227,0.0,2026-10-04 04:00:00,2.6125,0.5,62.699999999999996,0.0,125.4,180,19.978260207190736,0.0,0.5000000000000001,0.0,0.0,0.0,0.75,0.0,23.2,Chiang Rai,0.0,0.0,1.0,2.6125,100,2.755952380952381,0.0,0.75,0.0,1.2844000534385505,0.5596157879354227,0.0,2026.0,0.0,0.0,2.6125,0.0
0.0,0.0,0.0,130.75,0.0,0.0,-0.7986355100472928,0.0,10.0,0.1,443.2225000000001,965.4,0.0,0.5596157879354227,0.0,0.0,18.0,0.25881904510252074,0.7247927872291199,2.6125,36.0,-0.6018150231520484,0.0,0.0,2.6125,1.2844000534385505,3.407635681555265,-0.8660254037844386,0.0,0.0,,True,0.9659258262890683,0.0,0.0,0.75,0.5596157879354227,0.75,0.6889669190756866,0.0,0.5596157879354227,0.0,2026-10-04 05:00:00,2.6125,0.9,62.699999999999996,0.0,125.4,217,19.978260207190736,-1.0,0.5000000000000001,0.0,0.0,0.0,0.75,0.0,23.2,Chiang Rai,0.0,0.0,1.0,2.6125,99,2.7101190476190475,0.0,0.75,0.0,1.2844000534385505,0.5596157879354227,0.0,2026.0,0.09531017980432487,0.0,2.6125,0.0
0.0,0.0,0.0,130.5,0.0,0.0,-0.6427876096865395,0.0,10.0,0.1,442.99500000000006,966.0,0.0,0.5596157879354227,0.0,0.0,18.0,6.123233995736766e-17,0.7247927872291199,2.6125,36.0,-0.7660444431189779,0.0,0.0,2.6125,1.2844000534385505,3.3919597810797497,-0.8660254037844386,0.0,0.0,,True,1.0,0.0,0.0,0.75,0.5596157879354227,0.75,0.6889669190756866,0.0,0.5596157879354227,0.0,2026-10-04 06:00:00,2.6125,1.4,62.699999999999996,0.0,125.4,230,19.978260207190736,-1.0,0.5000000000000001,0.0,0.0,0.0,0.75,0.0,23.4,Chiang Rai,0.0,0.0,-1.0,2.6125,98,2.6642857142857146,0.0,0.75,0.0,1.2844000534385505,0.5596157879354227,0.0,2026.0,0.09531017980432487,0.0,2.6125,0.0
0.0,0.0,0.0,130.25,0.0,0.0,-0.7071067811865477,0.0,10.0,0.1,442.76750000000004,966.6,0.0,0.5596157879354227,0.0,0.0,18.0,-0.25881904510252063,0.7247927872291199,2.6125,36.0,-0.7071067811865475,0.0,0.0,2.6125,1.2844000534385505,3.3773450217972254,-0.8660254037844386,0.0,0.0,,True,0.9659258262890683,0.0,0.0,0.75,0.5596157879354227,0.75,0.6889669190756866,0.0,0.5596157879354227,0.0,2026-10-04 07:00:00,2.6125,1.8,62.699999999999996,0.0,125.4,225,19.978260207190736,-2.0,0.5000000000000001,0.0,0.0,0.0,0.75,0.0,23.8,Chiang Rai,0.0,0.0,-3.0,2.6125,96,2.619642857142857,0.0,0.75,0.0,1.2844000534385505,0.5596157879354227,0.0,2026.0,0.09531017980432487,0.0,2.6125,0.0
0.0,0.0,0.0,130.0,0.0,0.0,-0.9563047559630354,0.0,10.0,0.1,442.5400000000001,967.3,0.0,0.5596157879354227,0.0,0.0,18.0,-0.4999999999999998,0.7247927872291199,2.6125,36.0,-0.29237170472273677,0.0,0.0,2.6125,1.2844000534385505,3.379081841290035,-0.8660254037844386,0.0,0.0,,True,0.8660254037844387,0.0,0.0,0.75,0.5596157879354227,0.75,0.6889669190756866,0.0,0.5596157879354227,0.0,2026-10-04 08:00:00,2.6125,2.4,62.699999999999996,0.0,125.4,197,19.978260207190736,-4.0,0.5000000000000001,0.0,0.0,0.0,0.75,0.0,24.6,Chiang Rai,0.0,0.0,-4.0,2.6125,92,2.5910714285714285,0.0,0.75,0.0,1.2844000534385505,0.5596157879354227,0.0,2026.0,0.09531017980432487,0.0,2.6125,0.0
0.0,0.0,0.0,129.75,0.0,0.0,-0.9986295347545738,0.0,10.0,0.1,442.31250000000006,968.1,0.0,0.5596157879354227,0.0,0.0,18.0,-0.7071067811865475,0.7247927872291199,2.6125,36.0,0.05233595624294381,0.0,0.0,2.6125,1.2844000534385505,3.383629002110441,-0.8660254037844386,0.0,0.0,,True,0.7071067811865476,0.0,0.0,0.75,0.5596157879354227,0.75,0.6889669190756866,0.0,0.5596157879354227,0.0,2026-10-04 09:00:00,2.6125,3.8,62.699999999999996,0.0,125.4,177,19.978260207190736,-5.0,0.5000000000000001,0.0,0.0,0.0,0.75,0.0,25.6,Chiang Rai,0.0,0.0,-6.0,2.6125,87,2.568452380952381,0.0,0.75,0.0,1.2844000534385505,0.5596157879354227,0.0,2026.0,0.09531017980432487,0.0,2.6125,0.0
0.0,0.0,0.0,129.5,0.0,0.0,-0.981627183447664,0.0,10.0,0.1,442.08500000000004,968.3,0.0,0.5596157879354227,0.0,0.0,18.0,-0.8660254037844387,0.7247927872291199,2.6125,36.0,0.19080899537654497,0.0,0.0,2.6125,1.2844000534385505,3.3892861324367916,-0.8660254037844386,0.0,0.0,,True,0.49999999999999994,0.0,0.0,0.75,0.5596157879354227,0.75,0.6889669190756866,0.0,0.5596157879354227,0.0,2026-10-04 10:00:00,2.6125,4.8,62.699999999999996,0.0,125.4,169,19.978260207190736,-3.0,0.5000000000000001,0.0,0.0,0.0,0.75,0.0,26.4,Chiang Rai,0.0,0.0,-2.0,2.6125,84,2.5511904761904765,0.0,0.75,0.0,1.2844000534385505,0.5596157879354227,0.0,2026.0,0.09531017980432487,0.0,2.6125,0.0
0.0,0.0,0.0,129.25,0.0,0.0,-0.9781476007338057,0.0,10.0,0.2,441.8575000000001,967.7,0.0,0.5596157879354227,0.0,0.0,18.0,-0.9659258262890682,0.7247927872291199,2.6125,36.0,0.20791169081775931,0.0,0.0,2.6125,1.2844000534385505,3.3949617010820696,-0.8660254037844386,0.0,0.0,,True,0.258819045102521,0.0,0.0,0.75,0.5596157879354227,0.75,0.6889669190756866,0.0,0.5596157879354227,0.0,2026-10-04 11:00:00,2.6125,5.2,62.699999999999996,0.0,125.4,168,19.978260207190736,0.0,0.5000000000000001,0.0,0.0,0.0,0.75,0.0,26.7,Chiang Rai,0.0,0.0,2.0,2.6125,84,2.5363095238095235,0.0,0.75,0.0,1.2844000534385505,0.5596157879354227,0.0,2026.0,0.18232155679395462,0.0,2.6125,0.0
0.0,0.0,0.0,129.0,0.0,0.0,-0.984807753012208,0.0,10.0,0.2,441.63000000000005,966.8,0.0,0.5596157879354227,0.0,0.0,18.0,-1.0,0.7247927872291199,2.6125,36.0,0.17364817766693028,0.0,0.0,2.6125,1.2844000534385505,3.4004721873496884,-0.8660254037844386,0.0,0.0,,True,1.2246467991473532e-16,0.0,0.0,0.75,0.5596157879354227,0.75,0.6889669190756866,0.0,0.5596157879354227,0.0,2026-10-04 12:00:00,2.6125,4.9,62.699999999999996,0.0,125.4,170,19.978260207190736,1.0,0.5000000000000001,0.0,0.0,0.0,0.75,0.0,26.8,Chiang Rai,0.0,0.0,3.0,2.6125,85,2.5232142857142854,0.0,0.75,0.0,1.2844000534385505,0.5596157879354227,0.0,2026.0,0.18232155679395462,0.0,2.6125,0.0
0.0,0.0,0.0,128.75,0.0,0.0,-0.992546151641322,0.0,10.0,0.2,441.40250000000003,965.9,0.0,0.5596157879354227,0.0,0.0,18.0,-0.9659258262890683,0.7247927872291199,2.6125,36.0,0.12186934340514755,0.0,0.0,2.6125,1.2844000534385505,3.4059234095237594,-0.8660254037844386,0.0,0.0,,True,-0.2588190451025208,0.0,0.0,0.75,0.5596157879354227,0.75,0.6889669190756866,0.0,0.5596157879354227,0.0,2026-10-04 13:00:00,2.6125,4.7,62.699999999999996,0.0,125.4,173,19.978260207190736,0.0,0.5000000000000001,0.0,0.0,0.0,0.75,0.0,26.9,Chiang Rai,0.0,0.0,2.0,2.6125,85,2.510119047619048,0.0,0.75,0.0,1.2844000534385505,0.5596157879354227,0.0,2026.0,0.18232155679395462,0.0,2.6125,0.0
0.0,0.0,0.0,128.5,0.0,0.0,-0.9961946980917455,0.0,10.0,0.2,441.17500000000007,964.9,0.0,0.5596157879354227,0.0,0.0,18.0,-0.8660254037844388,0.7247927872291199,2.6125,36.0,-0.08715574274765794,0.0,0.0,2.6125,1.2844000534385505,3.4113587025229273,-0.8660254037844386,0.0,0.0,,True,-0.4999999999999997,0.0,0.0,0.75,0.5596157879354227,0.75,0.6889669190756866,0.0,0.5596157879354227,0.0,2026-10-04 14:00:00,2.6125,4.3,62.699999999999996,0.0,125.4,185,19.978260207190736,-3.0,0.5000000000000001,0.0,0.0,0.0,0.75,0.0,27.2,Chiang Rai,0.0,0.0,-5.0,2.6125,82,2.4964285714285714,0.0,0.75,0.0,1.2844000534385505,0.5596157879354227,0.0,2026.0,0.18232155679395462,0.0,2.6125,0.0
0.0,0.0,0.0,128.25,0.0,0.0,-0.9271838545667874,0.0,10.0,0.2,440.94750000000005,963.9,0.0,0.5596157879354227,0.0,0.0,18.0,-0.7071067811865479,0.7247927872291199,2.6125,36.0,-0.374606593415912,0.0,0.0,2.6125,1.2844000534385505,3.416730493430705,-0.8660254037844386,0.0,0.0,,True,-0.7071067811865471,0.0,0.0,0.75,0.5596157879354227,0.75,0.6889669190756866,0.0,0.5596157879354227,0.0,2026-10-04 15:00:00,2.6125,3.9,62.699999999999996,0.0,125.4,202,19.978260207190736,-4.0,0.5000000000000001,0.0,0.0,0.0,0.75,0.0,27.5,Chiang Rai,0.0,0.0,-11.0,2.6125,78,2.4827380952380955,0.0,0.75,0.0,1.2844000534385505,0.5596157879354227,0.0,2026.0,0.18232155679395462,0.0,2.6125,0.0
0.0,0.0,0.0,128.0,0.0,0.0,-0.8480480961564261,0.0,10.0,0.2,440.72,963.5,0.0,0.5596157879354227,0.0,0.0,18.0,-0.5000000000000004,0.7247927872291199,2.6125,36.0,-0.5299192642332048,0.0,0.0,2.6125,1.2844000534385505,3.4220597369085364,-0.8660254037844386,0.0,0.0,,True,-0.8660254037844384,0.0,0.0,0.75,0.5596157879354227,0.75,0.6889669190756866,0.0,0.5596157879354227,0.0,2026-10-04 16:00:00,2.6125,3.4,62.699999999999996,0.0,125.4,212,19.978260207190736,-1.0,0.5000000000000001,0.0,0.0,0.0,0.75,0.0,27.4,Chiang Rai,0.0,0.0,-11.0,2.6125,77,2.468452380952381,0.0,0.75,0.0,1.2844000534385505,0.5596157879354227,0.0,2026.0,0.18232155679395462,0.0,2.6125,0.0
0.0,0.0,0.0,127.75,0.0,0.0,-0.9563047559630354,0.0,10.0,0.0,440.49250000000006,963.6,0.0,0.5596157879354227,0.0,0.0,18.0,-0.25881904510252063,0.7247927872291199,2.6125,36.0,-0.29237170472273677,0.0,0.0,2.6125,1.2844000534385505,3.4273218208895377,-0.8660254037844386,0.0,0.0,,True,-0.9659258262890683,0.0,0.0,0.75,0.5596157879354227,0.75,0.6889669190756866,0.0,0.5596157879354227,0.0,2026-10-04 17:00:00,2.6125,1.9,62.699999999999996,0.0,125.4,197,19.978260207190736,4.0,0.5000000000000001,0.0,0.0,0.0,0.75,0.0,26.6,Chiang Rai,0.0,0.0,-6.0,2.6125,81,2.4535714285714287,0.0,0.75,0.0,1.2844000534385505,0.5596157879354227,0.0,2026.0,0.0,0.0,2.6125,0.0
0.0,0.0,0.0,127.5,0.0,0.0,-0.4539904997395467,0.0,10.0,0.0,440.26500000000004,964.1,0.0,0.5596157879354227,0.0,0.0,18.0,-1.8369701987210297e-16,0.7247927872291199,2.6125,36.0,0.8910065241883679,0.0,0.0,2.6125,1.2844000534385505,3.4324919714089424,-0.8660254037844386,0.0,0.0,,True,-1.0,0.0,0.0,0.75,0.5596157879354227,0.75,0.6889669190756866,0.0,0.5596157879354227,0.0,2026-10-04 18:00:00,2.6125,1.6,62.699999999999996,0.0,125.4,117,19.978260207190736,7.0,0.5000000000000001,0.0,0.0,0.0,0.75,0.0,25.6,Chiang Rai,0.0,0.0,-3.0,2.6125,88,2.4380952380952383,0.0,0.75,0.0,1.2844000534385505,0.5596157879354227,0.0,2026.0,0.0,0.0,2.6125,0.0
0.0,0.0,0.0,127.25,0.0,0.0,6.123233995736766e-17,0.0,10.0,0.0,440.0375000000001,964.9,0.0,0.5596157879354227,0.0,0.0,18.0,0.2588190451025203,0.7247927872291199,2.6125,36.0,1.0,0.0,0.0,2.6125,1.2844000534385505,3.436942853220556,-0.8660254037844386,0.0,0.0,,True,-0.9659258262890684,0.0,0.0,0.75,0.5596157879354227,0.75,0.6889669190756866,0.0,0.5596157879354227,0.0,2026-10-04 19:00:00,2.6125,2.5,62.699999999999996,0.0,125.4,90,19.978260207190736,6.0,0.5000000000000001,0.0,0.0,0.0,0.75,0.0,24.7,Chiang Rai,0.0,0.0,1.0,2.6125,94,2.418452380952381,0.0,0.75,0.0,1.2844000534385505,0.5596157879354227,0.0,2026.0,0.0,0.0,2.6125,0.0
0.0,0.0,0.0,127.0,0.0,0.0,-0.13917310096006535,0.0,10.0,0.0,439.81000000000006,965.7,0.0,0.5596157879354227,0.0,0.0,18.0,0.5000000000000001,0.7247927872291199,2.6125,36.0,0.9902680687415704,0.0,0.0,2.6125,1.2844000534385505,3.4193120669716404,-0.8660254037844386,0.0,0.0,,True,-0.8660254037844386,0.0,0.0,0.75,0.5596157879354227,0.75,0.6889669190756866,0.0,0.5596157879354227,0.0,2026-10-04 20:00:00,2.6125,1.3,62.699999999999996,0.0,125.4,98,19.978260207190736,3.0,0.5000000000000001,0.0,0.0,0.0,0.75,0.0,24.2,Chiang Rai,0.0,0.0,2.0,2.6125,97,2.373809523809524,0.0,0.75,0.0,1.2844000534385505,0.5596157879354227,0.0,2026.0,0.0,0.0,2.6125,0.0
0.0,0.0,0.0,126.75,0.0,0.0,-0.4539904997395469,0.0,10.0,0.0,439.58250000000004,966.9,0.0,0.5596157879354227,0.0,0.0,18.0,0.7071067811865474,0.7247927872291199,2.6125,36.0,-0.8910065241883678,0.0,0.0,2.6125,1.2844000534385505,3.3972410587452413,-0.8660254037844386,0.0,0.0,,True,-0.7071067811865477,0.0,0.0,0.75,0.5596157879354227,0.75,0.6889669190756866,0.0,0.5596157879354227,0.0,2026-10-04 21:00:00,2.6125,1.2,62.699999999999996,0.0,125.4,243,19.978260207190736,1.0,0.5000000000000001,0.0,0.0,0.0,0.75,0.0,24.0,Chiang Rai,0.0,0.0,2.0,2.6125,98,2.3267857142857142,0.0,0.75,0.0,1.2844000534385505,0.5596157879354227,0.0,2026.0,0.0,0.0,2.6125,0.0
0.0,0.0,0.0,126.5,0.0,0.0,-0.2923717047227371,0.0,10.0,0.0,439.3550000000001,967.5,0.0,0.5596157879354227,0.0,0.0,18.0,0.8660254037844384,0.7247927872291199,2.6125,36.0,-0.9563047559630353,0.0,0.0,2.6125,1.2844000534385505,3.3781919901700346,-0.8660254037844386,0.0,0.0,,True,-0.5000000000000004,0.0,0.0,0.75,0.5596157879354227,0.75,0.6889669190756866,0.0,0.5596157879354227,0.0,2026-10-04 22:00:00,2.6125,2.4,62.699999999999996,0.0,125.4,253,19.978260207190736,0.0,0.5000000000000001,0.0,0.0,0.0,0.75,0.0,23.8,Chiang Rai,0.0,0.0,1.0,2.6125,98,2.282142857142857,0.0,0.75,0.0,1.2844000534385505,0.5596157879354227,0.0,2026.0,0.0,0.0,2.6125,0.0
0.0,0.0,0.0,126.25,0.0,0.0,-0.10452846326765336,0.0,10.0,1.2,439.12750000000005,967.4,0.0,0.5596157879354227,0.0,0.0,18.0,0.9659258262890681,0.7247927872291199,2.6125,36.0,-0.9945218953682734,0.0,0.0,2.6125,1.2844000534385505,3.3637127014290478,-0.8660254037844386,0.0,0.0,,True,-0.25881904510252157,0.0,0.0,0.75,0.5596157879354227,0.75,0.6889669190756866,0.0,0.5596157879354227,0.0,2026-10-04 23:00:00,2.6125,1.8,62.699999999999996,0.0,125.4,264,19.978260207190736,0.0,0.5000000000000001,0.0,0.0,0.0,0.75,0.0,23.5,Chiang Rai,0.0,0.0,0.0,2.6125,98,2.2410714285714284,0.0,0.75,0.0,1.2844000534385505,0.5596157879354227,0.0,2026.0,0.7884573603642702,0.0,2.6125,0.0
0.0,0.0,0.0,126.0,0.0,0.0,0.8910065241883678,0.0,10.0,1.2,438.9000000000001,966.9,0.0,0.5596157879354227,0.0,0.0,18.0,1.0,0.8486442574947509,2.6125,36.0,-0.45399049973954697,0.0,0.0,2.6125,1.2844000534385505,3.3547728885554755,-0.8660254037844386,0.0,0.0,,True,0.0,0.0,0.0,0.75,0.5596157879354227,0.75,0.5289640103269624,0.0,0.5596157879354227,0.0,2026-10-05 00:00:00,2.6125,0.8,62.699999999999996,0.0,125.4,333,19.978260207190736,0.0,0.5000000000000001,0.0,0.0,0.0,0.75,0.0,23.2,Chiang Rai,0.0,0.0,-1.0,2.6125,98,2.2047619047619045,0.0,0.75,0.0,1.2844000534385505,0.5596157879354227,0.0,2026.0,0.7884573603642702,0.0,2.6125,0.0
0.0,0.0,0.0,126.0,0.0,0.0,0.8571673007021123,0.0,10.0,1.2,438.9000000000001,966.5,0.0,0.5596157879354227,0.0,0.0,18.0,0.9659258262890683,0.8486442574947509,2.6125,36.0,0.5150380749100542,0.0,0.0,2.6125,1.2844000534385505,3.3480689915565094,-0.8660254037844386,0.0,0.0,,True,0.25881904510252074,0.0,0.0,0.75,0.5596157879354227,0.75,0.5289640103269624,0.0,0.5596157879354227,0.0,2026-10-05 01:00:00,2.6125,2.1,62.699999999999996,0.0,125.4,31,19.978260207190736,-1.0,0.5000000000000001,0.0,0.0,0.0,0.75,0.0,23.0,Chiang Rai,0.0,0.0,-2.0,2.6125,97,2.1708333333333334,0.0,0.75,0.0,1.2844000534385505,0.5596157879354227,0.0,2026.0,0.7884573603642702,0.0,2.6125,0.0
0.0,0.0,0.0,126.0,0.0,0.0,0.7771459614569709,0.0,10.0,0.3,438.9000000000001,966.2,0.0,0.5596157879354227,0.0,0.0,18.0,0.8660254037844387,0.8486442574947509,2.6125,36.0,0.6293203910498374,0.0,0.0,2.6125,1.2844000534385505,3.341632896753721,-0.8660254037844386,0.0,0.0,,True,0.49999999999999994,0.0,0.0,0.75,0.5596157879354227,0.75,0.5289640103269624,0.0,0.5596157879354227,0.0,2026-10-05 02:00:00,2.6125,3.7,62.699999999999996,0.0,125.4,39,19.978260207190736,0.0,0.5000000000000001,0.0,0.0,0.0,0.75,0.0,22.9,Chiang Rai,0.0,0.0,-3.0,2.6125,97,2.1374999999999997,0.0,0.75,0.0,1.2844000534385505,0.5596157879354227,0.0,2026.0,0.26236426446749106,0.0,2.6125,0.0
0.0,0.0,0.0,126.0,0.0,0.0,0.754709580222772,0.0,10.0,0.3,438.9000000000001,965.9,0.0,0.5596157879354227,0.0,0.0,18.0,0.7071067811865476,0.8486442574947509,2.6125,36.0,0.6560590289905073,0.0,0.0,2.6125,1.2844000534385505,3.3348512169044198,-0.8660254037844386,0.0,0.0,,True,0.7071067811865475,0.0,0.0,0.75,0.5596157879354227,0.75,0.5289640103269624,0.0,0.5596157879354227,0.0,2026-10-05 03:00:00,2.6125,5.5,62.699999999999996,0.0,125.4,41,19.978260207190736,0.0,0.5000000000000001,0.0,0.0,0.0,0.75,0.0,22.8,Chiang Rai,0.0,0.0,-3.0,2.6125,97,2.1041666666666665,0.0,0.75,0.0,1.2844000534385505,0.5596157879354227,0.0,2026.0,0.26236426446749106,0.0,2.6125,0.0
0.0,0.0,0.0,126.0,0.0,0.0,0.7880107536067219,0.0,10.0,0.3,438.9000000000001,965.9,0.0,0.5596157879354227,0.0,0.0,18.0,0.5000000000000001,0.8486442574947509,2.6125,36.0,0.6156614753256583,0.0,0.0,2.6125,1.2844000534385505,3.327721839169988,-0.8660254037844386,0.0,0.0,,True,0.8660254037844386,0.0,0.0,0.75,0.5596157879354227,0.75,0.5289640103269624,0.0,0.5596157879354227,0.0,2026-10-05 04:00:00,2.6125,6.2,62.699999999999996,0.0,125.4,38,19.978260207190736,0.0,0.5000000000000001,0.0,0.0,0.0,0.75,0.0,22.7,Chiang Rai,0.0,0.0,-3.0,2.6125,97,2.0708333333333333,0.0,0.75,0.0,1.2844000534385505,0.5596157879354227,0.0,2026.0,0.26236426446749106,0.0,2.6125,0.0
0.0,0.0,0.0,126.0,0.0,0.0,0.9135454576426009,0.0,10.0,0.3,438.9000000000001,966.3,0.0,0.5596157879354227,0.0,0.0,18.0,0.25881904510252074,0.8486442574947509,2.6125,36.0,0.4067366430758002,0.0,0.0,2.6125,1.2844000534385505,3.3202425237724227,-0.8660254037844386,0.0,0.0,,True,0.9659258262890683,0.0,0.0,0.75,0.5596157879354227,0.75,0.5289640103269624,0.0,0.5596157879354227,0.0,2026-10-05 05:00:00,2.6125,4.9,62.699999999999996,0.0,125.4,24,19.978260207190736,-1.0,0.5000000000000001,0.0,0.0,0.0,0.75,0.0,22.5,Chiang Rai,0.0,0.0,-3.0,2.6125,96,2.0374999999999996,0.0,0.75,0.0,1.2844000534385505,0.5596157879354227,0.0,2026.0,0.26236426446749106,0.0,2.6125,0.0
0.0,0.0,0.0,126.0,0.0,0.0,0.9702957262759965,0.0,10.0,0.3,438.9000000000001,967.1,0.0,0.5596157879354227,0.0,0.0,18.0,6.123233995736766e-17,0.8486442574947509,2.6125,36.0,-0.24192189559966787,0.0,0.0,2.6125,1.2844000534385505,3.3110821421121615,-0.8660254037844386,0.0,0.0,,True,1.0,0.0,0.0,0.75,0.5596157879354227,0.75,0.5289640103269624,0.0,0.5596157879354227,0.0,2026-10-05 06:00:00,2.6125,3.7,62.699999999999996,0.0,125.4,346,19.978260207190736,0.0,0.5000000000000001,0.0,0.0,0.0,0.75,0.0,22.2,Chiang Rai,0.0,0.0,-2.0,2.6125,96,2.0029761904761907,0.0,0.75,0.0,1.2844000534385505,0.5596157879354227,0.0,2026.0,0.26236426446749106,0.0,2.6125,0.0
0.0,0.0,0.0,126.0,0.0,0.0,0.7771459614569706,0.0,10.0,0.3,438.9000000000001,967.7,0.0,0.5596157879354227,0.0,0.0,18.0,-0.25881904510252063,0.8486442574947509,2.6125,36.0,-0.6293203910498378,0.0,0.0,2.6125,1.2844000534385505,3.2986258025690263,-0.8660254037844386,0.0,0.0,,True,0.9659258262890683,0.0,0.0,0.75,0.5596157879354227,0.75,0.5289640103269624,0.0,0.5596157879354227,0.0,2026-10-05 07:00:00,2.6125,4.0,62.699999999999996,0.0,125.4,321,19.978260207190736,-1.0,0.5000000000000001,0.0,0.0,0.0,0.75,0.0,22.3,Chiang Rai,0.0,0.0,-1.0,2.6125,95,1.9660714285714282,0.0,0.75,0.0,1.2844000534385505,0.5596157879354227,0.0,2026.0,0.26236426446749106,0.0,2.6125,0.0
0.0,0.0,0.0,126.0,0.0,0.0,0.90630778703665,0.0,10.0,0.4,438.9000000000001,968.5,0.0,0.5596157879354227,0.0,0.0,18.0,-0.4999999999999998,0.8486442574947509,2.6125,36.0,-0.4226182617406992,0.0,0.0,2.6125,1.2844000534385505,3.2807337489357313,-0.8660254037844386,0.0,0.0,,True,0.8660254037844387,0.0,0.0,0.75,0.5596157879354227,0.75,0.5289640103269624,0.0,0.5596157879354227,0.0,2026-10-05 08:00:00,2.6125,3.8,62.699999999999996,0.0,125.4,335,19.978260207190736,-3.0,0.5000000000000001,0.0,0.0,0.0,0.75,0.0,23.0,Chiang Rai,0.0,0.0,0.0,2.6125,92,1.9255952380952381,0.0,0.75,0.0,1.2844000534385505,0.5596157879354227,0.0,2026.0,0.33647223662121295,0.0,2.6125,0.0
0.0,0.0,0.0,126.0,0.0,0.0,0.9902680687415704,0.0,10.0,0.4,438.9000000000001,969.3,0.0,0.5596157879354227,0.0,0.0,18.0,-0.7071067811865475,0.8486442574947509,2.6125,36.0,0.13917310096006544,0.0,0.0,2.6125,1.2844000534385505,3.2729799273559994,-0.8660254037844386,0.0,0.0,,True,0.7071067811865476,0.0,0.0,0.75,0.5596157879354227,0.75,0.5289640103269624,0.0,0.5596157879354227,0.0,2026-10-05 09:00:00,2.6125,4.0,62.699999999999996,0.0,125.4,8,19.978260207190736,-3.0,0.5000000000000001,0.0,0.0,0.0,0.75,0.0,23.9,Chiang Rai,0.0,0.0,2.0,2.6125,89,1.893452380952381,0.0,0.75,0.0,1.2844000534385505,0.5596157879354227,0.0,2026.0,0.33647223662121295,0.0,2.6125,0.0
0.0,0.0,0.0,126.0,0.0,0.0,0.9135454576426009,0.0,10.0,0.4,438.9000000000001,969.6,0.0,0.5596157879354227,0.0,0.0,18.0,-0.8660254037844387,0.8486442574947509,2.6125,36.0,0.4067366430758002,0.0,0.0,2.6125,1.2844000534385505,3.273198211323635,-0.8660254037844386,0.0,0.0,,True,0.49999999999999994,0.0,0.0,0.75,0.5596157879354227,0.75,0.5289640103269624,0.0,0.5596157879354227,0.0,2026-10-05 10:00:00,2.6125,4.9,62.699999999999996,0.0,125.4,24,19.978260207190736,-3.0,0.5000000000000001,0.0,0.0,0.0,0.75,0.0,24.8,Chiang Rai,0.0,0.0,2.0,2.6125,86,1.8714285714285712,0.0,0.75,0.0,1.2844000534385505,0.5596157879354227,0.0,2026.0,0.33647223662121295,0.0,2.6125,0.0
0.0,0.0,0.0,126.0,0.0,0.0,0.9271838545667874,0.0,10.0,0.1,438.9000000000001,968.8,0.0,0.5596157879354227,0.0,0.0,18.0,-0.9659258262890682,0.8486442574947509,2.6125,36.0,0.374606593415912,0.0,0.0,2.6125,1.2844000534385505,3.2758623434098273,-0.8660254037844386,0.0,0.0,,True,0.258819045102521,0.0,0.0,0.75,0.5596157879354227,0.75,0.5289640103269624,0.0,0.5596157879354227,0.0,2026-10-05 11:00:00,2.6125,5.2,62.699999999999996,0.0,125.4,22,19.978260207190736,-4.0,0.5000000000000001,0.0,0.0,0.0,0.75,0.0,25.8,Chiang Rai,0.0,0.0,-2.0,2.6125,82,1.855952380952381,0.0,0.75,0.0,1.2844000534385505,0.5596157879354227,0.0,2026.0,0.09531017980432487,0.0,2.6125,0.0
0.0,0.0,0.0,126.0,0.0,0.0,0.9659258262890683,0.0,10.0,0.1,438.9000000000001,967.5,0.0,0.5596157879354227,0.0,0.0,18.0,-1.0,0.8486442574947509,2.6125,36.0,0.25881904510252074,0.0,0.0,2.6125,1.2844000534385505,3.278856715464129,-0.8660254037844386,0.0,0.0,,True,1.2246467991473532e-16,0.0,0.0,0.75,0.5596157879354227,0.75,0.5289640103269624,0.0,0.5596157879354227,0.0,2026-10-05 12:00:00,2.6125,5.0,62.699999999999996,0.0,125.4,15,19.978260207190736,-4.0,0.5000000000000001,0.0,0.0,0.0,0.75,0.0,26.7,Chiang Rai,0.0,0.0,-7.0,2.6125,78,1.8428571428571427,0.0,0.75,0.0,1.2844000534385505,0.5596157879354227,0.0,2026.0,0.09531017980432487,0.0,2.6125,0.0
0.0,0.0,0.0,126.0,0.0,0.0,0.9743700647852352,0.0,10.0,0.1,438.9000000000001,966.5,0.0,0.5596157879354227,0.0,0.0,18.0,-0.9659258262890683,0.8486442574947509,2.6125,36.0,0.224951054343865,0.0,0.0,2.6125,1.2844000534385505,3.281915451904073,-0.8660254037844386,0.0,0.0,,True,-0.2588190451025208,0.0,0.0,0.75,0.5596157879354227,0.75,0.5289640103269624,0.0,0.5596157879354227,0.0,2026-10-05 13:00:00,2.6125,4.8,62.699999999999996,0.0,125.4,13,19.978260207190736,-2.0,0.5000000000000001,0.0,0.0,0.0,0.75,0.0,27.1,Chiang Rai,0.0,0.0,-9.0,2.6125,76,1.831547619047619,0.0,0.75,0.0,1.2844000534385505,0.5596157879354227,0.0,2026.0,0.09531017980432487,0.0,2.6125,0.0
0.0,0.0,0.0,126.0,0.0,0.0,0.8746197071393957,0.0,10.0,0.7,438.9000000000001,965.7,0.0,0.5596157879354227,0.0,0.0,18.0,-0.8660254037844388,0.8486442574947509,2.6125,36.0,0.48480962024633706,0.0,0.0,2.6125,1.2844000534385505,3.284937742518452,-0.8660254037844386,0.0,0.0,,True,-0.4999999999999997,0.0,0.0,0.75,0.5596157879354227,0.75,0.5289640103269624,0.0,0.5596157879354227,0.0,2026-10-05 14:00:00,2.6125,4.1,62.699999999999996,0.0,125.4,29,19.978260207190736,3.0,0.5000000000000001,0.0,0.0,0.0,0.75,0.0,26.8,Chiang Rai,0.0,0.0,-3.0,2.6125,79,1.8208333333333333,0.0,0.75,0.0,1.2844000534385505,0.5596157879354227,0.0,2026.0,0.5306282510621704,0.0,2.6125,0.0
0.0,0.0,0.0,126.0,0.0,0.0,0.5150380749100542,0.0,10.0,0.7,438.9000000000001,965.0,0.0,0.5596157879354227,0.0,0.0,18.0,-0.7071067811865479,0.8486442574947509,2.6125,36.0,0.8571673007021123,0.0,0.0,2.6125,1.2844000534385505,3.287911403088262,-0.8660254037844386,0.0,0.0,,True,-0.7071067811865471,0.0,0.0,0.75,0.5596157879354227,0.75,0.5289640103269624,0.0,0.5596157879354227,0.0,2026-10-05 15:00:00,2.6125,3.8,62.699999999999996,0.0,125.4,59,19.978260207190736,5.0,0.5000000000000001,0.0,0.0,0.0,0.75,0.0,25.9,Chiang Rai,0.0,0.0,6.0,2.6125,84,1.8107142857142857,0.0,0.75,0.0,1.2844000534385505,0.5596157879354227,0.0,2026.0,0.5306282510621704,0.0,2.6125,0.0
0.0,0.0,0.0,126.0,0.0,0.0,0.25881904510252074,0.0,10.0,0.7,438.9000000000001,964.8,0.0,0.5596157879354227,0.0,0.0,18.0,-0.5000000000000004,0.8486442574947509,2.6125,36.0,0.9659258262890683,0.0,0.0,2.6125,1.2844000534385505,3.290823968596657,-0.8660254037844386,0.0,0.0,,True,-0.8660254037844384,0.0,0.0,0.75,0.5596157879354227,0.75,0.5289640103269624,0.0,0.5596157879354227,0.0,2026-10-05 16:00:00,2.6125,4.3,62.699999999999996,0.0,125.4,75,19.978260207190736,4.0,0.5000000000000001,0.0,0.0,0.0,0.75,0.0,25.1,Chiang Rai,0.0,0.0,11.0,2.6125,88,1.801190476190476,0.0,0.75,0.0,1.2844000534385505,0.5596157879354227,0.0,2026.0,0.5306282510621704,0.0,2.6125,0.0
0.0,0.0,0.0,126.0,0.0,0.0,0.25881904510252074,0.0,10.0,0.5,438.9000000000001,965.4,0.0,0.5596157879354227,0.0,0.0,18.0,-0.25881904510252063,0.8486442574947509,2.6125,36.0,0.9659258262890683,0.0,0.0,2.6125,1.2844000534385505,3.2936626924149195,-0.8660254037844386,0.0,0.0,,True,-0.9659258262890683,0.0,0.0,0.75,0.5596157879354227,0.75,0.5289640103269624,0.0,0.5596157879354227,0.0,2026-10-05 17:00:00,2.6125,4.8,62.699999999999996,0.0,125.4,75,19.978260207190736,3.0,0.5000000000000001,0.0,0.0,0.0,0.75,0.0,24.4,Chiang Rai,0.0,0.0,10.0,2.6125,91,1.7922619047619046,0.0,0.75,0.0,1.2844000534385505,0.5596157879354227,0.0,2026.0,0.4054651081081644,0.0,2.6125,0.0
0.0,0.0,0.0,126.0,0.0,0.0,0.3907311284892737,0.0,10.0,0.5,438.9000000000001,966.4,0.0,0.5596157879354227,0.0,0.0,18.0,-1.8369701987210297e-16,0.8486442574947509,2.6125,36.0,0.9205048534524404,0.0,0.0,2.6125,1.2844000534385505,3.296516867121329,-0.8660254037844386,0.0,0.0,,True,-1.0,0.0,0.0,0.75,0.5596157879354227,0.75,0.5289640103269624,0.0,0.5596157879354227,0.0,2026-10-05 18:00:00,2.6125,5.5,62.699999999999996,0.0,125.4,67,19.978260207190736,2.0,0.5000000000000001,0.0,0.0,0.0,0.75,0.0,23.7,Chiang Rai,0.0,0.0,5.0,2.6125,93,1.7827380952380953,0.0,0.75,0.0,1.2844000534385505,0.5596157879354227,0.0,2026.0,0.4054651081081644,0.0,2.6125,0.0
0.0,0.0,0.0,126.0,0.0,0.0,0.5299192642332049,0.0,10.0,0.5,438.9000000000001,967.5,0.0,0.5596157879354227,0.0,0.0,18.0,0.2588190451025203,0.8486442574947509,2.6125,36.0,0.848048096156426,0.0,0.0,2.6125,1.2844000534385505,3.2993531627452386,-0.8660254037844386,0.0,0.0,,True,-0.9659258262890684,0.0,0.0,0.75,0.5596157879354227,0.75,0.5289640103269624,0.0,0.5596157879354227,0.0,2026-10-05 19:00:00,2.6125,5.5,62.699999999999996,0.0,125.4,58,19.978260207190736,2.0,0.5000000000000001,0.0,0.0,0.0,0.75,0.0,23.0,Chiang Rai,0.0,0.0,1.0,2.6125,95,1.7714285714285716,0.0,0.75,0.0,1.2844000534385505,0.5596157879354227,0.0,2026.0,0.4054651081081644,0.0,2.6125,0.0
0.0,0.0,0.0,126.0,0.0,0.0,0.766044443118978,0.0,10.0,1.0,438.9000000000001,968.4,0.0,0.5596157879354227,0.0,0.0,18.0,0.5000000000000001,0.8486442574947509,2.6125,36.0,0.6427876096865393,0.0,0.0,2.6125,1.2844000534385505,3.2488274092582077,-0.8660254037844386,0.0,0.0,,True,-0.8660254037844386,0.0,0.0,0.75,0.5596157879354227,0.75,0.5289640103269624,0.0,0.5596157879354227,0.0,2026-10-05 20:00:00,2.6125,4.7,62.699999999999996,0.0,125.4,40,19.978260207190736,2.0,0.5000000000000001,0.0,0.0,0.0,0.75,0.0,22.4,Chiang Rai,0.0,0.0,0.0,2.6125,97,1.7154761904761904,0.0,0.75,0.0,1.2844000534385505,0.5596157879354227,0.0,2026.0,0.6931471805599453,0.0,2.6125,0.0
0.0,0.0,0.0,126.0,0.0,0.0,0.9876883405951378,0.0,10.0,1.0,438.9000000000001,969.4,0.0,0.5596157879354227,0.0,0.0,18.0,0.7071067811865474,0.8486442574947509,2.6125,36.0,0.15643446504023087,0.0,0.0,2.6125,1.2844000534385505,3.199368161473928,-0.8660254037844386,0.0,0.0,,True,-0.7071067811865477,0.0,0.0,0.75,0.5596157879354227,0.75,0.5289640103269624,0.0,0.5596157879354227,0.0,2026-10-05 21:00:00,2.6125,4.4,62.699999999999996,0.0,125.4,9,19.978260207190736,1.0,0.5000000000000001,0.0,0.0,0.0,0.75,0.0,21.9,Chiang Rai,0.0,0.0,0.0,2.6125,98,1.6607142857142858,0.0,0.75,0.0,1.2844000534385505,0.5596157879354227,0.0,2026.0,0.6931471805599453,0.0,2.6125,0.0
0.0,0.0,0.0,126.0,0.0,0.0,0.9743700647852351,0.0,10.0,1.0,438.9000000000001,970.0,0.0,0.5596157879354227,0.0,0.0,18.0,0.8660254037844384,0.8486442574947509,2.6125,36.0,-0.22495105434386534,0.0,0.0,2.6125,1.2844000534385505,3.1407541101438494,-0.8660254037844386,0.0,0.0,,True,-0.5000000000000004,0.0,0.0,0.75,0.5596157879354227,0.75,0.5289640103269624,0.0,0.5596157879354227,0.0,2026-10-05 22:00:00,2.6125,4.8,62.699999999999996,0.0,125.4,347,19.978260207190736,0.0,0.5000000000000001,0.0,0.0,0.0,0.75,0.0,21.6,Chiang Rai,0.0,0.0,0.0,2.6125,98,1.60297619047619,0.0,0.75,0.0,1.2844000534385505,0.5596157879354227,0.0,2026.0,0.6931471805599453,0.0,2.6125,0.0
0.0,0.0,0.0,126.0,0.0,0.0,0.9205048534524403,0.0,9.9,2.6,438.9000000000001,970.1,0.0,0.5596157879354227,0.0,0.0,18.0,0.9659258262890681,0.8486442574947509,2.6125,36.0,-0.3907311284892739,0.0,0.0,2.6125,1.2844000534385505,3.0751236885877256,-0.8660254037844386,0.0,0.0,,True,-0.25881904510252157,0.0,0.0,0.75,0.5596157879354227,0.75,0.5289640103269624,0.0,0.5596157879354227,0.0,2026-10-05 23:00:00,2.6125,4.5,62.699999999999996,0.0,125.4,337,19.978260207190736,0.0,0.5000000000000001,0.0,0.0,0.0,0.75,0.0,21.5,Chiang Rai,0.0,0.0,0.0,2.6125,98,1.543452380952381,0.0,0.75,0.0,1.2844000534385505,0.5596157879354227,0.0,2026.0,1.2809338454620645,0.0,2.6125,0.0
0.0,0.0,0.0,126.0,0.0,0.0,0.8746197071393959,0.0,9.7,2.6,438.9000000000001,969.8,0.0,0.5596157879354227,0.0,0.0,18.0,1.0,0.9377521321470804,2.6125,36.0,-0.4848096202463369,0.0,0.0,2.6125,1.2844000534385505,3.008558983000834,-0.8660254037844386,0.0,0.0,,True,0.0,0.0,0.0,0.75,0.5596157879354227,0.75,0.3473052528448203,0.0,0.5596157879354227,0.0,2026-10-06 00:00:00,2.6125,3.7,62.699999999999996,0.0,125.4,331,19.978260207190736,-2.0,0.5000000000000001,0.0,0.0,0.0,0.75,0.0,21.6,Chiang Rai,0.0,0.0,-2.0,2.6125,96,1.4845238095238094,0.0,0.75,0.0,1.2844000534385505,0.5596157879354227,0.0,2026.0,1.2809338454620645,0.0,2.6125,0.0
0.0,0.0,0.0,126.0,0.0,0.0,0.8090169943749473,0.0,9.7,2.6,438.9000000000001,969.5,0.0,0.5596157879354227,0.0,0.0,18.0,0.9659258262890683,0.9377521321470804,2.6125,36.0,-0.5877852522924734,0.0,0.0,2.6125,1.2844000534385505,2.9426962291304846,-0.8660254037844386,0.0,0.0,,True,0.25881904510252074,0.0,0.0,0.75,0.5596157879354227,0.75,0.3473052528448203,0.0,0.5596157879354227,0.0,2026-10-06 01:00:00,2.6125,3.1,62.699999999999996,0.0,125.4,324,19.978260207190736,0.0,0.5000000000000001,0.0,0.0,0.0,0.75,0.0,21.6,Chiang Rai,0.0,0.0,-1.0,2.6125,96,1.4267857142857143,0.0,0.75,0.0,1.2844000534385505,0.5596157879354227,0.0,2026.0,1.2809338454620645,0.0,2.6125,0.0
0.0,0.0,0.0,126.0,0.0,0.0,0.981627183447664,0.0,9.5,1.0,438.9000000000001,969.0,0.0,0.5596157879354227,0.0,0.0,18.0,0.8660254037844387,0.9377521321470804,2.6125,36.0,-0.19080899537654467,0.0,0.0,2.6125,1.2844000534385505,2.8741655596710314,-0.8660254037844386,0.0,0.0,,True,0.49999999999999994,0.0,0.0,0.75,0.5596157879354227,0.75,0.3473052528448203,0.0,0.5596157879354227,0.0,2026-10-06 02:00:00,2.6125,2.9,62.699999999999996,0.0,125.4,349,19.978260207190736,-1.0,0.5000000000000001,0.0,0.0,0.0,0.75,0.0,21.6,Chiang Rai,0.0,0.0,-2.0,2.6125,95,1.369047619047619,0.0,0.75,0.0,1.2844000534385505,0.5596157879354227,0.0,2026.0,0.6931471805599453,0.0,2.6125,0.0
0.0,0.0,0.0,126.0,0.0,0.0,0.9396926207859084,0.0,9.4,1.0,438.9000000000001,969.2,0.0,0.5596157879354227,0.0,0.0,18.0,0.7071067811865476,0.9377521321470804,2.6125,36.0,-0.3420201433256686,0.0,0.0,2.6125,1.2844000534385505,2.806289439218034,-0.8660254037844386,0.0,0.0,,True,0.7071067811865475,0.0,0.0,0.75,0.5596157879354227,0.75,0.3473052528448203,0.0,0.5596157879354227,0.0,2026-10-06 03:00:00,2.6125,2.1,62.699999999999996,0.0,125.4,340,19.978260207190736,0.0,0.5000000000000001,0.0,0.0,0.0,0.75,0.0,21.5,Chiang Rai,0.0,0.0,-2.0,2.6125,95,1.3125,0.0,0.75,0.0,1.2844000534385505,0.5596157879354227,0.0,2026.0,0.6931471805599453,0.0,2.6125,0.0
0.0,0.0,0.0,126.0,0.0,0.0,0.6293203910498375,0.0,9.4,1.0,438.9000000000001,969.2,0.0,0.5596157879354227,0.0,0.0,18.0,0.5000000000000001,0.9377521321470804,2.6125,36.0,-0.7771459614569708,0.0,0.0,2.6125,1.2844000534385505,2.742553048205672,-0.8660254037844386,0.0,0.0,,True,0.8660254037844386,0.0,0.0,0.75,0.5596157879354227,0.75,0.3473052528448203,0.0,0.5596157879354227,0.0,2026-10-06 04:00:00,2.6125,1.2,62.699999999999996,0.0,125.4,309,19.978260207190736,0.0,0.5000000000000001,0.0,0.0,0.0,0.75,0.0,21.5,Chiang Rai,0.0,0.0,-2.0,2.6125,95,1.2583333333333333,0.0,0.75,0.0,1.2844000534385505,0.5596157879354227,0.0,2026.0,0.6931471805599453,0.0,2.6125,0.0
0.0,0.0,0.0,126.0,0.0,0.0,-0.15643446504023104,0.0,9.4,1.0,438.9000000000001,969.3,0.0,0.5596157879354227,0.0,0.0,18.0,0.25881904510252074,0.9377521321470804,2.6125,36.0,-0.9876883405951377,0.0,0.0,2.6125,1.2844000534385505,2.7013207879541272,-0.8660254037844386,0.0,0.0,,True,0.9659258262890683,0.0,0.0,0.75,0.5596157879354227,0.75,0.3473052528448203,0.0,0.5596157879354227,0.0,2026-10-06 05:00:00,2.6125,1.1,62.699999999999996,0.0,125.4,261,19.978260207190736,1.0,0.5000000000000001,0.0,0.0,0.0,0.75,0.0,21.5,Chiang Rai,0.0,0.0,0.0,2.6125,96,1.213690476190476,0.0,0.75,0.0,1.2844000534385505,0.5596157879354227,0.0,2026.0,0.6931471805599453,0.0,2.6125,0.0
0.0,0.0,0.0,126.0,0.0,0.0,-0.6293203910498378,0.0,9.4,1.0,438.9000000000001,969.4,0.0,0.5596157879354227,0.0,0.0,18.0,6.123233995736766e-17,0.9377521321470804,2.6125,36.0,-0.7771459614569706,0.0,0.0,2.6125,1.2844000534385505,2.6740427324834197,-0.8660254037844386,0.0,0.0,,True,1.0,0.0,0.0,0.75,0.5596157879354227,0.75,0.3473052528448203,0.0,0.5596157879354227,0.0,2026-10-06 06:00:00,2.6125,1.2,62.699999999999996,0.0,125.4,231,19.978260207190736,0.0,0.5000000000000001,0.0,0.0,0.0,0.75,0.0,21.7,Chiang Rai,0.0,0.0,0.0,2.6125,96,1.1761904761904762,0.0,0.75,0.0,1.2844000534385505,0.5596157879354227,0.0,2026.0,0.6931471805599453,0.0,2.6125,0.0
0.0,0.0,0.0,126.0,0.0,0.0,-0.7071067811865477,0.0,9.4,1.0,438.9000000000001,969.4,0.0,0.5596157879354227,0.0,0.0,18.0,-0.25881904510252063,0.9377521321470804,2.6125,36.0,-0.7071067811865475,0.0,0.0,2.6125,1.2844000534385505,2.652503243205448,-0.8660254037844386,0.0,0.0,,True,0.9659258262890683,0.0,0.0,0.75,0.5596157879354227,0.75,0.3473052528448203,0.0,0.5596157879354227,0.0,2026-10-06 07:00:00,2.6125,1.0,62.699999999999996,0.0,125.4,225,19.978260207190736,-2.0,0.5000000000000001,0.0,0.0,0.0,0.75,0.0,21.9,Chiang Rai,0.0,0.0,-1.0,2.6125,94,1.1422619047619047,0.0,0.75,0.0,1.2844000534385505,0.5596157879354227,0.0,2026.0,0.6931471805599453,0.0,2.6125,0.0
0.0,0.0,0.0,126.0,0.0,0.0,0.8910065241883678,0.0,9.4,0.2,438.9000000000001,969.3,0.0,0.5596157879354227,0.0,0.0,18.0,-0.4999999999999998,0.9377521321470804,2.6125,36.0,-0.45399049973954697,0.0,0.0,2.6125,1.2844000534385505,2.63137729546495,-0.8660254037844386,0.0,0.0,,True,0.8660254037844387,0.0,0.0,0.75,0.5596157879354227,0.75,0.3473052528448203,0.0,0.5596157879354227,0.0,2026-10-06 08:00:00,2.6125,0.4,62.699999999999996,0.0,125.4,333,19.978260207190736,-2.0,0.5000000000000001,0.0,0.0,0.0,0.75,0.0,22.4,Chiang Rai,0.0,0.0,0.0,2.6125,92,1.1089285714285715,0.0,0.75,0.0,1.2844000534385505,0.5596157879354227,0.0,2026.0,0.18232155679395462,0.0,2.6125,0.0
0.0,0.0,0.0,126.0,0.0,0.0,0.9205048534524404,0.0,9.4,0.2,438.9000000000001,969.2,0.0,0.5596157879354227,0.0,0.0,18.0,-0.7071067811865475,0.9377521321470804,2.6125,36.0,0.39073112848927377,0.0,0.0,2.6125,1.2844000534385505,2.613595990093554,-0.8660254037844386,0.0,0.0,,True,0.7071067811865476,0.0,0.0,0.75,0.5596157879354227,0.75,0.3473052528448203,0.0,0.5596157879354227,0.0,2026-10-06 09:00:00,2.6125,2.3,62.699999999999996,0.0,125.4,23,19.978260207190736,-4.0,0.5000000000000001,0.0,0.0,0.0,0.75,0.0,23.1,Chiang Rai,0.0,0.0,-1.0,2.6125,88,1.0779761904761904,0.0,0.75,0.0,1.2844000534385505,0.5596157879354227,0.0,2026.0,0.18232155679395462,0.0,2.6125,0.0
0.0,0.0,0.0,126.0,0.0,0.0,0.9063077870366499,0.0,9.4,0.2,438.9000000000001,969.0,0.0,0.5596157879354227,0.0,0.0,18.0,-0.8660254037844387,0.9377521321470804,2.6125,36.0,0.42261826174069944,0.0,0.0,2.6125,1.2844000534385505,2.5962645414443033,-0.8660254037844386,0.0,0.0,,True,0.49999999999999994,0.0,0.0,0.75,0.5596157879354227,0.75,0.3473052528448203,0.0,0.5596157879354227,0.0,2026-10-06 10:00:00,2.6125,4.8,62.699999999999996,0.0,125.4,25,19.978260207190736,-4.0,0.5000000000000001,0.0,0.0,0.0,0.75,0.0,23.9,Chiang Rai,0.0,0.0,-2.0,2.6125,84,1.0476190476190477,0.0,0.75,0.0,1.2844000534385505,0.5596157879354227,0.0,2026.0,0.18232155679395462,0.0,2.6125,0.0
0.0,0.0,0.0,126.0,0.0,0.0,0.9063077870366499,0.0,9.4,0.2,438.9000000000001,968.8,0.0,0.5596157879354227,0.0,0.0,18.0,-0.9659258262890682,0.9377521321470804,2.6125,36.0,0.42261826174069944,0.0,0.0,2.6125,1.2844000534385505,2.579389957144985,-0.8660254037844386,0.0,0.0,,True,0.258819045102521,0.0,0.0,0.75,0.5596157879354227,0.75,0.3473052528448203,0.0,0.5596157879354227,0.0,2026-10-06 11:00:00,2.6125,7.2,62.699999999999996,0.0,125.4,25,19.978260207190736,-3.0,0.5000000000000001,0.0,0.0,0.0,0.75,0.0,24.6,Chiang Rai,0.0,0.0,-1.0,2.6125,81,1.0178571428571428,0.0,0.75,0.0,1.2844000534385505,0.5596157879354227,0.0,2026.0,0.18232155679395462,0.0,2.6125,0.0
0.0,0.0,0.0,126.0,0.0,0.0,0.898794046299167,0.0,9.4,0.2,438.9000000000001,968.6,0.0,0.5596157879354227,0.0,0.0,18.0,-1.0,0.9377521321470804,2.6125,36.0,0.4383711467890774,0.0,0.0,2.6125,1.2844000534385505,2.564748198003266,-0.8660254037844386,0.0,0.0,,True,1.2246467991473532e-16,0.0,0.0,0.75,0.5596157879354227,0.75,0.3473052528448203,0.0,0.5596157879354227,0.0,2026-10-06 12:00:00,2.6125,8.8,62.699999999999996,0.0,125.4,26,19.978260207190736,-3.0,0.5000000000000001,0.0,0.0,0.0,0.75,0.0,25.2,Chiang Rai,0.0,0.0,0.0,2.6125,78,0.9898809523809524,0.0,0.75,0.0,1.2844000534385505,0.5596157879354227,0.0,2026.0,0.18232155679395462,0.0,2.6125,0.0
0.0,0.0,0.0,126.0,0.0,0.0,0.9063077870366499,0.0,9.4,0.2,438.9000000000001,968.4,0.0,0.5596157879354227,0.0,0.0,18.0,-0.9659258262890683,0.9377521321470804,2.6125,36.0,0.42261826174069944,0.0,0.0,2.6125,1.2844000534385505,2.5505762070746365,-0.8660254037844386,0.0,0.0,,True,-0.2588190451025208,0.0,0.0,0.75,0.5596157879354227,0.75,0.3473052528448203,0.0,0.5596157879354227,0.0,2026-10-06 13:00:00,2.6125,9.3,62.699999999999996,0.0,125.4,25,19.978260207190736,-1.0,0.5000000000000001,0.0,0.0,0.0,0.75,0.0,25.5,Chiang Rai,0.0,0.0,1.0,2.6125,77,0.9624999999999999,0.0,0.75,0.0,1.2844000534385505,0.5596157879354227,0.0,2026.0,0.18232155679395462,0.0,2.6125,0.0
0.0,0.0,0.0,126.0,0.0,0.0,0.9135454576426009,0.0,9.4,0.1,438.9000000000001,968.2,0.0,0.5596157879354227,0.0,0.0,18.0,-0.8660254037844388,0.9377521321470804,2.6125,36.0,0.4067366430758002,0.0,0.0,2.6125,1.2844000534385505,2.5333411654014264,-0.8660254037844386,0.0,0.0,,True,-0.4999999999999997,0.0,0.0,0.75,0.5596157879354227,0.75,0.3473052528448203,0.0,0.5596157879354227,0.0,2026-10-06 14:00:00,2.6125,8.3,62.699999999999996,0.0,125.4,24,19.978260207190736,0.0,0.5000000000000001,0.0,0.0,0.0,0.75,0.0,25.5,Chiang Rai,0.0,0.0,-2.0,2.6125,77,0.9333333333333333,0.0,0.75,0.0,1.2844000534385505,0.5596157879354227,0.0,2026.0,0.09531017980432487,0.0,2.6125,0.0
0.0,0.0,0.0,126.0,0.0,0.0,0.9135454576426009,0.0,9.4,0.1,438.9000000000001,968.1,0.0,0.5596157879354227,0.0,0.0,18.0,-0.7071067811865479,0.9377521321470804,2.6125,36.0,0.4067366430758002,0.0,0.0,2.6125,1.2844000534385505,2.51658332069044,-0.8660254037844386,0.0,0.0,,True,-0.7071067811865471,0.0,0.0,0.75,0.5596157879354227,0.75,0.3473052528448203,0.0,0.5596157879354227,0.0,2026-10-06 15:00:00,2.6125,6.1,62.699999999999996,0.0,125.4,24,19.978260207190736,2.0,0.5000000000000001,0.0,0.0,0.0,0.75,0.0,25.3,Chiang Rai,0.0,0.0,-5.0,2.6125,79,0.9047619047619048,0.0,0.75,0.0,1.2844000534385505,0.5596157879354227,0.0,2026.0,0.09531017980432487,0.0,2.6125,0.0
0.0,0.0,0.0,126.0,0.0,0.0,0.9135454576426009,0.0,9.4,0.1,438.9000000000001,968.0,0.0,0.5596157879354227,0.0,0.0,18.0,-0.5000000000000004,0.9377521321470804,2.6125,36.0,0.4067366430758002,0.0,0.0,2.6125,1.2844000534385505,2.50030886697466,-0.8660254037844386,0.0,0.0,,True,-0.8660254037844384,0.0,0.0,0.75,0.5596157879354227,0.75,0.3473052528448203,0.0,0.5596157879354227,0.0,2026-10-06 16:00:00,2.6125,3.1,62.699999999999996,0.0,125.4,24,19.978260207190736,2.0,0.5000000000000001,0.0,0.0,0.0,0.75,0.0,24.9,Chiang Rai,0.0,0.0,-7.0,2.6125,81,0.8767857142857144,0.0,0.75,0.0,1.2844000534385505,0.5596157879354227,0.0,2026.0,0.09531017980432487,0.0,2.6125,0.0
0.0,0.0,0.0,126.0,0.0,0.0,0.7071067811865474,0.0,9.4,0.1,438.9000000000001,967.8,0.0,0.5596157879354227,0.0,0.0,18.0,-0.25881904510252063,0.9377521321470804,2.6125,36.0,-0.7071067811865477,0.0,0.0,2.6125,1.2844000534385505,2.4836126743314413,-0.8660254037844386,0.0,0.0,,True,-0.9659258262890683,0.0,0.0,0.75,0.5596157879354227,0.75,0.3473052528448203,0.0,0.5596157879354227,0.0,2026-10-06 17:00:00,2.6125,0.3,62.699999999999996,0.0,125.4,315,19.978260207190736,3.0,0.5000000000000001,0.0,0.0,0.0,0.75,0.0,24.5,Chiang Rai,0.0,0.0,-7.0,2.6125,84,0.8488095238095239,0.0,0.75,0.0,1.2844000534385505,0.5596157879354227,0.0,2026.0,0.09531017980432487,0.0,2.6125,0.0
0.0,0.0,0.0,126.0,0.0,0.0,-0.8660254037844386,0.0,9.4,0.1,438.9000000000001,967.6,0.0,0.5596157879354227,0.0,0.0,18.0,-1.8369701987210297e-16,0.9377521321470804,2.6125,36.0,-0.5000000000000001,0.0,0.0,2.6125,1.2844000534385505,2.4674100277209625,-0.8660254037844386,0.0,0.0,,True,-1.0,0.0,0.0,0.75,0.5596157879354227,0.75,0.3473052528448203,0.0,0.5596157879354227,0.0,2026-10-06 18:00:00,2.6125,2.5,62.699999999999996,0.0,125.4,210,19.978260207190736,3.0,0.5000000000000001,0.0,0.0,0.0,0.75,0.0,24.0,Chiang Rai,0.0,0.0,-6.0,2.6125,87,0.8214285714285714,0.0,0.75,0.0,1.2844000534385505,0.5596157879354227,0.0,2026.0,0.09531017980432487,0.0,2.6125,0.0
0.0,0.0,0.0,126.0,0.0,0.0,-0.8660254037844386,0.0,9.4,0.1,438.9000000000001,967.7,0.0,0.5596157879354227,0.0,0.0,18.0,0.2588190451025203,0.9377521321470804,2.6125,36.0,-0.5000000000000001,0.0,0.0,2.6125,1.2844000534385505,2.4468983444222827,-0.8660254037844386,0.0,0.0,,True,-0.9659258262890684,0.0,0.0,0.75,0.5596157879354227,0.75,0.3473052528448203,0.0,0.5596157879354227,0.0,2026-10-06 19:00:00,2.6125,4.0,62.699999999999996,0.0,125.4,210,19.978260207190736,2.0,0.5000000000000001,0.0,0.0,0.0,0.75,0.0,23.6,Chiang Rai,0.0,0.0,-6.0,2.6125,89,0.7916666666666666,0.0,0.75,0.0,1.2844000534385505,0.5596157879354227,0.0,2026.0,0.09531017980432487,0.0,2.6125,0.0
0.0,0.0,0.0,126.0,0.0,0.0,-0.8660254037844386,0.0,9.4,0.0,438.9000000000001,967.8,0.0,0.5596157879354227,0.0,0.0,18.0,0.5000000000000001,0.9377521321470804,2.6125,36.0,-0.5000000000000001,0.0,0.0,2.6125,1.2844000534385505,2.375705826613046,-0.8660254037844386,0.0,0.0,,True,-0.8660254037844386,0.0,0.0,0.75,0.5596157879354227,0.75,0.3473052528448203,0.0,0.5596157879354227,0.0,2026-10-06 20:00:00,2.6125,4.4,62.699999999999996,0.0,125.4,210,19.978260207190736,2.0,0.5000000000000001,0.0,0.0,0.0,0.75,0.0,23.3,Chiang Rai,0.0,0.0,-6.0,2.6125,91,0.7416666666666666,0.0,0.75,0.0,1.2844000534385505,0.5596157879354227,0.0,2026.0,0.0,0.0,2.6125,0.0
0.0,0.0,0.0,126.0,0.0,0.0,-0.8480480961564261,0.0,9.4,0.0,438.9000000000001,967.9,0.0,0.5596157879354227,0.0,0.0,18.0,0.7071067811865474,0.9377521321470804,2.6125,36.0,-0.5299192642332048,0.0,0.0,2.6125,1.2844000534385505,2.297183526450382,-0.8660254037844386,0.0,0.0,,True,-0.7071067811865477,0.0,0.0,0.75,0.5596157879354227,0.75,0.3473052528448203,0.0,0.5596157879354227,0.0,2026-10-06 21:00:00,2.6125,4.0,62.699999999999996,0.0,125.4,212,19.978260207190736,2.0,0.5000000000000001,0.0,0.0,0.0,0.75,0.0,22.9,Chiang Rai,0.0,0.0,-5.0,2.6125,93,0.6904761904761905,0.0,0.75,0.0,1.2844000534385505,0.5596157879354227,0.0,2026.0,0.0,0.0,2.6125,0.0
0.0,0.0,0.0,126.0,0.0,0.0,-0.8290375725550418,0.0,9.4,0.0,438.9000000000001,968.2,0.0,0.5596157879354227,0.0,0.0,18.0,0.8660254037844384,0.9377521321470804,2.6125,36.0,-0.5591929034707467,0.0,0.0,2.6125,1.2844000534385505,2.227014107888564,-0.8660254037844386,0.0,0.0,,True,-0.5000000000000004,0.0,0.0,0.75,0.5596157879354227,0.75,0.3473052528448203,0.0,0.5596157879354227,0.0,2026-10-06 22:00:00,2.6125,3.2,62.699999999999996,0.0,125.4,214,19.978260207190736,2.0,0.5000000000000001,0.0,0.0,0.0,0.75,0.0,22.5,Chiang Rai,0.0,0.0,-3.0,2.6125,95,0.6428571428571429,0.0,0.75,0.0,1.2844000534385505,0.5596157879354227,0.0,2026.0,0.0,0.0,2.6125,0.0
0.0,0.0,0.0,126.0,0.0,0.0,-0.7771459614569708,0.0,9.4,0.0,438.9000000000001,968.5,0.0,0.5596157879354227,0.0,0.0,18.0,0.9659258262890681,0.9377521321470804,2.6125,36.0,-0.6293203910498376,0.0,0.0,2.6125,1.2844000534385505,2.161457631546481,-0.8660254037844386,0.0,0.0,,True,-0.25881904510252157,0.0,0.0,0.75,0.5596157879354227,0.75,0.3473052528448203,0.0,0.5596157879354227,0.0,2026-10-06 23:00:00,2.6125,2.3,62.699999999999996,0.0,125.4,219,19.978260207190736,1.0,0.5000000000000001,0.0,0.0,0.0,0.75,0.0,22.1,Chiang Rai,0.0,0.0,-2.0,2.6125,96,0.5976190476190476,0.0,0.75,0.0,1.2844000534385505,0.5596157879354227,0.0,2026.0,0.0,0.0,2.6125,0.0
,,8.6,,,,,,,0.0,,984.6,,,,,,,,,,,,,0.0,,,,,,8.6,False,,,,,,,,,,,2026-09-22 23:00:00,,4.5,,,,29,,,,,,,0.0,,25.1,Lampang,,,,0.0,89,,,,,,,,,,,,
,,8.3,,,,,,,0.0,,984.3,,,,,,,,,,,,,0.0,,,,,,8.3,False,,,,,,,,,,,2026-09-23 00:00:00,,4.6,,,,42,,,,,,,0.0,,24.5,Lampang,,,,0.0,89,,,,,,,,,,,,
,,7.9,,,,,,,0.0,,984.1,,,,,,,,,,,,,0.0,,,,,,7.9,False,,,,,,,,,,,2026-09-23 01:00:00,,4.9,,,,39,,,,,,,0.0,,24.3,Lampang,,,,0.0,88,,,,,,,,,,,,
,,7.4,,,,,,,0.0,,983.6,,,,,,,,,,,,,0.0,,,,,,7.4,False,,,,,,,,,,,2026-09-23 02:00:00,,4.8,,,,31,,,,,,,0.0,,23.7,Lampang,,,,0.0,89,,,,,,,,,,,,
,,6.9,,,,,,,0.0,,983.4,,,,,,,,,,,,,0.0,,,,,,6.9,False,,,,,,,,,,,2026-09-23 03:00:00,,6.5,,,,32,,,,,,,0.0,,23.3,Lampang,,,,0.0,87,,,,,,,,,,,,
,,6.4,,,,,,,0.0,,983.0,,,,,,,,,,,,,0.0,,,,,,6.4,False,,,,,,,,,,,2026-09-23 04:00:00,,7.1,,,,36,,,,,,,0.0,,23.0,Lampang,,,,0.0,86,,,,,,,,,,,,
,,6.1,,,,,,,0.0,,982.8,,,,,,,,,,,,,0.0,,,,,,6.1,False,,,,,,,,,,,2026-09-23 05:00:00,,7.7,,,,36,,,,,,,0.0,,22.9,Lampang,,,,0.0,85,,,,,,,,,,,,
,,6.1,,,,,,,0.0,,983.2,,,,,,,,,,,,,0.0,,,,,,6.1,False,,,,,,,,,,,2026-09-23 06:00:00,,6.8,,,,32,,,,,,,0.0,,22.8,Lampang,,,,0.0,83,,,,,,,,,,,,
,,0.3,,,,,,,0.0,,984.3,,,,,,,,,,,,,0.0,,,,,,0.3,False,,,,,,,,,,,2026-09-23 07:00:00,,6.0,,,,41,,,,,,,0.0,,23.4,Lampang,,,,0.0,86,,,,,,,,,,,,
,,1.5,,,,,,,0.0,,985.1,,,,,,,,,,,,,0.0,,,,,,1.5,False,,,,,,,,,,,2026-09-23 08:00:00,,4.7,,,,28,,,,,,,0.0,,25.5,Lampang,,,,0.0,80,,,,,,,,,,,,
,,1.7,,,,,,,0.0,,985.8,,,,,,,,,,,,,0.0,,,,,,1.7,False,,,,,,,,,,,2026-09-23 09:00:00,,4.7,,,,2,,,,,,,0.0,,27.9,Lampang,,,,0.0,73,,,,,,,,,,,,
,,3.5,,,,,,,0.0,,985.9,,,,,,,,,,,,,0.0,,,,,,3.5,False,,,,,,,,,,,2026-09-23 10:00:00,,5.8,,,,34,,,,,,,0.0,,30.0,Lampang,,,,0.0,67,,,,,,,,,,,,
,,5.2,,,,,,,0.1,,985.5,,,,,,,,,,,,,0.0,,,,,,5.2,False,,,,,,,,,,,2026-09-23 11:00:00,,10.3,,,,96,,,,,,,0.0,,30.7,Lampang,,,,0.0,61,,,,,,,,,,,,
,,5.9,,,,,,,0.1,,984.9,,,,,,,,,,,,,0.0,,,,,,5.9,False,,,,,,,,,,,2026-09-23 12:00:00,,9.3,,,,100,,,,,,,0.0,,31.5,Lampang,,,,0.0,57,,,,,,,,,,,,
,,6.1,,,,,,,0.0,,984.1,,,,,,,,,,,,,0.0,,,,,,6.1,False,,,,,,,,,,,2026-09-23 13:00:00,,9.6,,,,84,,,,,,,0.0,,32.4,Lampang,,,,0.0,52,,,,,,,,,,,,
,,6.2,,,,,,,0.0,,982.9,,,,,,,,,,,,,0.0,,,,,,6.2,False,,,,,,,,,,,2026-09-23 14:00:00,,8.4,,,,75,,,,,,,0.0,,32.4,Lampang,,,,0.0,52,,,,,,,,,,,,
,,6.4,,,,,,,0.0,,981.4,,,,,,,,,,,,,0.0,,,,,,6.4,False,,,,,,,,,,,2026-09-23 15:00:00,,7.3,,,,73,,,,,,,0.0,,32.4,Lampang,,,,0.0,52,,,,,,,,,,,,
,,6.4,,,,,,,0.0,,981.2,,,,,,,,,,,,,0.0,,,,,,6.4,False,,,,,,,,,,,2026-09-23 16:00:00,,7.1,,,,66,,,,,,,0.0,,32.2,Lampang,,,,0.0,53,,,,,,,,,,,,
,,6.4,,,,,,,0.0,,981.0,,,,,,,,,,,,,0.0,,,,,,6.4,False,,,,,,,,,,,2026-09-23 17:00:00,,5.4,,,,76,,,,,,,0.0,,31.4,Lampang,,,,0.0,59,,,,,,,,,,,,
,,7.2,,,,,,,0.0,,981.3,,,,,,,,,,,,,0.0,,,,,,7.2,False,,,,,,,,,,,2026-09-23 18:00:00,,3.1,,,,90,,,,,,,0.0,,29.9,Lampang,,,,0.0,74,,,,,,,,,,,,
,,11.7,,,,,,,0.0,,981.7,,,,,,,,,,,,,0.0,,,,,,11.7,False,,,,,,,,,,,2026-09-23 19:00:00,,4.4,,,,111,,,,,,,0.0,,28.5,Lampang,,,,0.0,75,,,,,,,,,,,,
,,12.1,,,,,,,0.0,,982.8,,,,,,,,,,,,,0.0,,,,,,12.1,False,,,,,,,,,,,2026-09-23 20:00:00,,3.8,,,,115,,,,,,,0.0,,27.5,Lampang,,,,0.0,80,,,,,,,,,,,,
,,12.7,,,,,,,0.0,,983.7,,,,,,,,,,,,,0.0,,,,,,12.7,False,,,,,,,,,,,2026-09-23 21:00:00,,1.1,,,,90,,,,,,,0.0,,26.8,Lampang,,,,0.0,84,,,,,,,,,,,,
,,13.2,,,,,,,0.0,,984.4,,,,,,,,,,,,,0.0,,,,,,13.2,False,,,,,,,,,,,2026-09-23 22:00:00,,1.9,,,,61,,,,,,,0.0,,25.9,Lampang,,,,0.0,87,,,,,,,,,,,,
,,13.5,,,,,,,0.0,,984.8,,,,,,,,,,,,,0.0,,,,,,13.5,False,,,,,,,,,,,2026-09-23 23:00:00,,3.3,,,,41,,,,,,,0.0,,25.3,Lampang,,,,0.0,88,,,,,,,,,,,,
,,13.6,,,,,,,0.0,,984.3,,,,,,,,,,,,,0.0,,,,,,13.6,False,,,,,,,,,,,2026-09-24 00:00:00,,5.3,,,,45,,,,,,,0.0,,25.0,Lampang,,,,0.0,88,,,,,,,,,,,,
,,13.4,,,,,,,0.0,,983.9,,,,,,,,,,,,,0.0,,,,,,13.4,False,,,,,,,,,,,2026-09-24 01:00:00,,5.8,,,,36,,,,,,,0.0,,24.9,Lampang,,,,0.0,86,,,,,,,,,,,,
,,12.7,,,,,,,0.0,,983.6,,,,,,,,,,,,,0.0,,,,,,12.7,False,,,,,,,,,,,2026-09-24 02:00:00,,6.7,,,,27,,,,,,,0.0,,24.4,Lampang,,,,0.0,82,,,,,,,,,,,,
,,11.8,,,,,,,0.0,,983.3,,,,,,,,,,,,,0.0,,,,,,11.8,False,,,,,,,,,,,2026-09-24 03:00:00,,5.2,,,,34,,,,,,,0.0,,24.1,Lampang,,,,0.0,82,,,,,,,,,,,,
,,10.9,,,,,,,0.0,,983.5,,,,,,,,,,,,,0.0,,,,,,10.9,False,,,,,,,,,,,2026-09-24 04:00:00,,7.1,,,,34,,,,,,,0.0,,24.1,Lampang,,,,0.0,81,,,,,,,,,,,,
,,10.2,,,,,,,0.0,,983.6,,,,,,,,,,,,,0.0,,,,,,10.2,False,,,,,,,,,,,2026-09-24 05:00:00,,8.1,,,,29,,,,,,,0.0,,24.1,Lampang,,,,0.0,82,,,,,,,,,,,,
,,9.6,,,,,,,0.0,,984.0,,,,,,,,,,,,,0.0,,,,,,9.6,False,,,,,,,,,,,2026-09-24 06:00:00,,7.8,,,,29,,,,,,,0.0,,24.0,Lampang,,,,0.0,83,,,,,,,,,,,,
,,6.5,,,,,,,0.0,,984.8,,,,,,,,,,,,,0.0,,,,,,6.5,False,,,,,,,,,,,2026-09-24 07:00:00,,9.2,,,,23,,,,,,,0.0,,24.6,Lampang,,,,0.0,84,,,,,,,,,,,,
,,7.2,,,,,,,0.0,,985.4,,,,,,,,,,,,,0.0,,,,,,7.2,False,,,,,,,,,,,2026-09-24 08:00:00,,6.4,,,,27,,,,,,,0.0,,26.4,Lampang,,,,0.0,79,,,,,,,,,,,,
,,7.9,,,,,,,0.0,,985.6,,,,,,,,,,,,,0.0,,,,,,7.9,False,,,,,,,,,,,2026-09-24 09:00:00,,6.6,,,,26,,,,,,,0.0,,28.2,Lampang,,,,0.0,75,,,,,,,,,,,,
,,9.1,,,,,,,0.0,,985.6,,,,,,,,,,,,,0.0,,,,,,9.1,False,,,,,,,,,,,2026-09-24 10:00:00,,8.4,,,,28,,,,,,,0.0,,30.0,Lampang,,,,0.0,68,,,,,,,,,,,,
,,8.6,,,,,,,0.0,,985.0,,,,,,,,,,,,,0.0,,,,,,8.6,False,,,,,,,,,,,2026-09-24 11:00:00,,8.6,,,,51,,,,,,,0.0,,30.9,Lampang,,,,0.0,66,,,,,,,,,,,,
,,8.2,,,,,,,0.0,,984.2,,,,,,,,,,,,,0.0,,,,,,8.2,False,,,,,,,,,,,2026-09-24 12:00:00,,5.9,,,,59,,,,,,,0.0,,31.5,Lampang,,,,0.0,64,,,,,,,,,,,,
,,8.4,,,,,,,0.0,,983.9,,,,,,,,,,,,,0.0,,,,,,8.4,False,,,,,,,,,,,2026-09-24 13:00:00,,3.9,,,,24,,,,,,,0.0,,31.3,Lampang,,,,0.0,61,,,,,,,,,,,,
,,8.9,,,,,,,0.1,,982.2,,,,,,,,,,,,,0.0,,,,,,8.9,False,,,,,,,,,,,2026-09-24 14:00:00,,3.6,,,,72,,,,,,,0.0,,31.6,Lampang,,,,0.0,62,,,,,,,,,,,,
,,8.8,,,,,,,0.1,,981.3,,,,,,,,,,,,,0.0,,,,,,8.8,False,,,,,,,,,,,2026-09-24 15:00:00,,4.4,,,,81,,,,,,,0.0,,31.2,Lampang,,,,0.0,64,,,,,,,,,,,,
,,8.7,,,,,,,2.0,,981.6,,,,,,,,,,,,,0.0,,,,,,8.7,False,,,,,,,,,,,2026-09-24 16:00:00,,16.1,,,,108,,,,,,,0.0,,27.1,Lampang,,,,0.0,86,,,,,,,,,,,,
,,9.2,,,,,,,0.7,,981.8,,,,,,,,,,,,,0.0,,,,,,9.2,False,,,,,,,,,,,2026-09-24 17:00:00,,5.0,,,,90,,,,,,,0.0,,26.6,Lampang,,,,0.0,89,,,,,,,,,,,,
,,9.8,,,,,,,0.0,,982.7,,,,,,,,,,,,,0.0,,,,,,9.8,False,,,,,,,,,,,2026-09-24 18:00:00,,2.8,,,,27,,,,,,,0.0,,26.8,Lampang,,,,0.0,88,,,,,,,,,,,,
,,11.3,,,,,,,0.0,,983.0,,,,,,,,,,,,,0.0,,,,,,11.3,False,,,,,,,,,,,2026-09-24 19:00:00,,3.1,,,,28,,,,,,,0.0,,26.9,Lampang,,,,0.0,83,,,,,,,,,,,,
,,11.1,,,,,,,0.0,,983.6,,,,,,,,,,,,,0.0,,,,,,11.1,False,,,,,,,,,,,2026-09-24 20:00:00,,4.5,,,,37,,,,,,,0.0,,26.2,Lampang,,,,0.0,88,,,,,,,,,,,,
,,11.3,,,,,,,0.0,,984.2,,,,,,,,,,,,,0.0,,,,,,11.3,False,,,,,,,,,,,2026-09-24 21:00:00,,2.6,,,,16,,,,,,,0.0,,25.7,Lampang,,,,0.0,92,,,,,,,,,,,,
,,11.4,,,,,,,0.0,,985.1,,,,,,,,,,,,,0.0,,,,,,11.4,False,,,,,,,,,,,2026-09-24 22:00:00,,2.8,,,,40,,,,,,,0.0,,25.9,Lampang,,,,0.0,91,,,,,,,,,,,,
,,11.5,,,,,,,0.0,,985.3,,,,,,,,,,,,,0.0,,,,,,11.5,False,,,,,,,,,,,2026-09-24 23:00:00,,2.8,,,,45,,,,,,,0.0,,25.7,Lampang,,,,0.0,93,,,,,,,,,,,,
,,11.8,,,,,,,0.0,,984.9,,,,,,,,,,,,,0.0,,,,,,11.8,False,,,,,,,,,,,2026-09-25 00:00:00,,2.8,,,,35,,,,,,,0.0,,25.7,Lampang,,,,0.0,93,,,,,,,,,,,,
,,11.1,,,,,,,0.0,,984.2,,,,,,,,,,,,,0.0,,,,,,11.1,False,,,,,,,,,,,2026-09-25 01:00:00,,5.2,,,,25,,,,,,,0.0,,25.0,Lampang,,,,0.0,90,,,,,,,,,,,,
,,10.4,,,,,,,0.0,,983.9,,,,,,,,,,,,,0.0,,,,,,10.4,False,,,,,,,,,,,2026-09-25 02:00:00,,5.0,,,,35,,,,,,,0.0,,24.7,Lampang,,,,0.0,91,,,,,,,,,,,,
,,10.4,,,,,,,0.0,,983.4,,,,,,,,,,,,,0.0,,,,,,10.4,False,,,,,,,,,,,2026-09-25 03:00:00,,6.3,,,,18,,,,,,,0.0,,24.7,Lampang,,,,0.0,91,,,,,,,,,,,,
,,10.9,,,,,,,0.0,,983.1,,,,,,,,,,,,,0.0,,,,,,10.9,False,,,,,,,,,,,2026-09-25 04:00:00,,7.2,,,,25,,,,,,,0.0,,24.4,Lampang,,,,0.0,92,,,,,,,,,,,,
,,10.8,,,,,,,0.0,,983.2,,,,,,,,,,,,,0.0,,,,,,10.8,False,,,,,,,,,,,2026-09-25 05:00:00,,4.8,,,,29,,,,,,,0.0,,23.9,Lampang,,,,0.0,94,,,,,,,,,,,,
,,8.3,,,,,,,0.0,,983.6,,,,,,,,,,,,,0.0,,,,,,8.3,False,,,,,,,,,,,2026-09-25 06:00:00,,4.4,,,,9,,,,,,,0.0,,23.8,Lampang,,,,0.0,95,,,,,,,,,,,,
,,4.3,,,,,,,0.0,,984.3,,,,,,,,,,,,,0.0,,,,,,4.3,False,,,,,,,,,,,2026-09-25 07:00:00,,7.5,,,,42,,,,,,,0.0,,25.2,Lampang,,,,0.0,91,,,,,,,,,,,,
,,4.8,,,,,,,0.0,,985.0,,,,,,,,,,,,,0.0,,,,,,4.8,False,,,,,,,,,,,2026-09-25 08:00:00,,6.6,,,,37,,,,,,,0.0,,26.8,Lampang,,,,0.0,83,,,,,,,,,,,,
,,5.0,,,,,,,0.0,,985.4,,,,,,,,,,,,,0.0,,,,,,5.0,False,,,,,,,,,,,2026-09-25 09:00:00,,5.4,,,,37,,,,,,,0.0,,28.6,Lampang,,,,0.0,76,,,,,,,,,,,,
,,5.1,,,,,,,0.0,,985.5,,,,,,,,,,,,,0.0,,,,,,5.1,False,,,,,,,,,,,2026-09-25 10:00:00,,3.9,,,,22,,,,,,,0.0,,30.2,Lampang,,,,0.0,69,,,,,,,,,,,,
,,5.7,,,,,,,0.1,,984.9,,,,,,,,,,,,,0.0,,,,,,5.7,False,,,,,,,,,,,2026-09-25 11:00:00,,3.7,,,,43,,,,,,,0.0,,31.2,Lampang,,,,0.0,63,,,,,,,,,,,,
,,5.8,,,,,,,0.0,,983.9,,,,,,,,,,,,,0.0,,,,,,5.8,False,,,,,,,,,,,2026-09-25 12:00:00,,3.6,,,,33,,,,,,,0.0,,31.8,Lampang,,,,0.0,62,,,,,,,,,,,,
,,5.4,,,,,,,0.1,,982.9,,,,,,,,,,,,,0.0,,,,,,5.4,False,,,,,,,,,,,2026-09-25 13:00:00,,5.1,,,,6,,,,,,,0.0,,31.4,Lampang,,,,0.0,66,,,,,,,,,,,,
,,5.4,,,,,,,0.8,,981.0,,,,,,,,,,,,,0.0,,,,,,5.4,False,,,,,,,,,,,2026-09-25 14:00:00,,2.6,,,,74,,,,,,,0.0,,30.7,Lampang,,,,0.0,69,,,,,,,,,,,,
,,5.6,,,,,,,0.2,,980.4,,,,,,,,,,,,,0.0,,,,,,5.6,False,,,,,,,,,,,2026-09-25 15:00:00,,2.4,,,,81,,,,,,,0.0,,30.8,Lampang,,,,0.0,69,,,,,,,,,,,,
,,5.9,,,,,,,0.8,,981.3,,,,,,,,,,,,,0.0,,,,,,5.9,False,,,,,,,,,,,2026-09-25 16:00:00,,15.0,,,,110,,,,,,,0.0,,27.2,Lampang,,,,0.0,85,,,,,,,,,,,,
,,6.2,,,,,,,1.3,,981.1,,,,,,,,,,,,,0.0,,,,,,6.2,False,,,,,,,,,,,2026-09-25 17:00:00,,5.2,,,,331,,,,,,,0.0,,26.6,Lampang,,,,0.0,89,,,,,,,,,,,,
,,6.1,,,,,,,0.1,,981.5,,,,,,,,,,,,,0.0,,,,,,6.1,False,,,,,,,,,,,2026-09-25 18:00:00,,4.7,,,,293,,,,,,,0.0,,26.4,Lampang,,,,0.0,90,,,,,,,,,,,,
,,9.5,,,,,,,0.0,,981.6,,,,,,,,,,,,,0.0,,,,,,9.5,False,,,,,,,,,,,2026-09-25 19:00:00,,1.5,,,,330,,,,,,,0.0,,26.7,Lampang,,,,0.0,90,,,,,,,,,,,,
,,9.9,,,,,,,0.0,,981.9,,,,,,,,,,,,,0.0,,,,,,9.9,False,,,,,,,,,,,2026-09-25 20:00:00,,1.0,,,,45,,,,,,,0.0,,26.2,Lampang,,,,0.0,93,,,,,,,,,,,,
,,10.0,,,,,,,0.0,,982.9,,,,,,,,,,,,,0.0,,,,,,10.0,False,,,,,,,,,,,2026-09-25 21:00:00,,2.5,,,,90,,,,,,,0.0,,25.9,Lampang,,,,0.0,95,,,,,,,,,,,,
,,10.3,,,,,,,0.0,,983.6,,,,,,,,,,,,,0.0,,,,,,10.3,False,,,,,,,,,,,2026-09-25 22:00:00,,1.4,,,,90,,,,,,,0.0,,25.5,Lampang,,,,0.0,97,,,,,,,,,,,,
,,10.4,,,,,,,0.0,,983.6,,,,,,,,,,,,,0.0,,,,,,10.4,False,,,,,,,,,,,2026-09-25 23:00:00,,1.3,,,,82,,,,,,,0.0,,25.4,Lampang,,,,0.0,97,,,,,,,,,,,,
,,10.4,,,,,,,0.0,,983.4,,,,,,,,,,,,,0.0,,,,,,10.4,False,,,,,,,,,,,2026-09-26 00:00:00,,2.8,,,,63,,,,,,,0.0,,25.3,Lampang,,,,0.0,98,,,,,,,,,,,,
,,9.9,,,,,,,0.0,,982.5,,,,,,,,,,,,,0.0,,,,,,9.9,False,,,,,,,,,,,2026-09-26 01:00:00,,6.4,,,,40,,,,,,,0.0,,25.3,Lampang,,,,0.0,96,,,,,,,,,,,,
,,7.5,,,,,,,0.0,,981.9,,,,,,,,,,,,,0.0,,,,,,7.5,False,,,,,,,,,,,2026-09-26 02:00:00,,7.4,,,,18,,,,,,,0.0,,25.1,Lampang,,,,0.0,94,,,,,,,,,,,,
,,6.1,,,,,,,0.0,,981.9,,,,,,,,,,,,,0.0,,,,,,6.1,False,,,,,,,,,,,2026-09-26 03:00:00,,9.7,,,,22,,,,,,,0.0,,25.0,Lampang,,,,0.0,92,,,,,,,,,,,,
,,5.1,,,,,,,0.0,,981.9,,,,,,,,,,,,,0.0,,,,,,5.1,False,,,,,,,,,,,2026-09-26 04:00:00,,8.8,,,,19,,,,,,,0.0,,24.8,Lampang,,,,0.0,92,,,,,,,,,,,,
,,4.4,,,,,,,0.0,,982.1,,,,,,,,,,,,,0.0,,,,,,4.4,False,,,,,,,,,,,2026-09-26 05:00:00,,8.3,,,,24,,,,,,,0.0,,24.6,Lampang,,,,0.0,91,,,,,,,,,,,,
,,3.8,,,,,,,0.0,,982.4,,,,,,,,,,,,,0.0,,,,,,3.8,False,,,,,,,,,,,2026-09-26 06:00:00,,8.8,,,,35,,,,,,,0.0,,24.4,Lampang,,,,0.0,90,,,,,,,,,,,,
,,0.4,,,,,,,0.0,,982.9,,,,,,,,,,,,,0.0,,,,,,0.4,False,,,,,,,,,,,2026-09-26 07:00:00,,9.7,,,,28,,,,,,,0.0,,25.1,Lampang,,,,0.0,89,,,,,,,,,,,,
,,1.3,,,,,,,0.0,,983.6,,,,,,,,,,,,,0.0,,,,,,1.3,False,,,,,,,,,,,2026-09-26 08:00:00,,8.4,,,,31,,,,,,,0.0,,26.7,Lampang,,,,0.0,84,,,,,,,,,,,,
,,1.6,,,,,,,0.0,,984.3,,,,,,,,,,,,,0.0,,,,,,1.6,False,,,,,,,,,,,2026-09-26 09:00:00,,9.7,,,,25,,,,,,,0.0,,28.7,Lampang,,,,0.0,75,,,,,,,,,,,,
,,1.5,,,,,,,0.0,,984.1,,,,,,,,,,,,,0.0,,,,,,1.5,False,,,,,,,,,,,2026-09-26 10:00:00,,13.7,,,,62,,,,,,,0.0,,30.1,Lampang,,,,0.0,68,,,,,,,,,,,,
,,1.7,,,,,,,0.2,,983.8,,,,,,,,,,,,,0.0,,,,,,1.7,False,,,,,,,,,,,2026-09-26 11:00:00,,14.7,,,,71,,,,,,,0.0,,30.5,Lampang,,,,0.0,64,,,,,,,,,,,,
,,2.0,,,,,,,0.0,,982.6,,,,,,,,,,,,,0.0,,,,,,2.0,False,,,,,,,,,,,2026-09-26 12:00:00,,13.8,,,,66,,,,,,,0.0,,31.3,Lampang,,,,0.0,64,,,,,,,,,,,,
,,2.4,,,,,,,0.0,,981.6,,,,,,,,,,,,,0.0,,,,,,2.4,False,,,,,,,,,,,2026-09-26 13:00:00,,15.1,,,,75,,,,,,,0.0,,31.9,Lampang,,,,0.0,59,,,,,,,,,,,,
,,2.5,,,,,,,0.2,,980.2,,,,,,,,,,,,,0.0,,,,,,2.5,False,,,,,,,,,,,2026-09-26 14:00:00,,14.7,,,,57,,,,,,,0.0,,31.6,Lampang,,,,0.0,60,,,,,,,,,,,,
,,2.7,,,,,,,0.1,,979.0,,,,,,,,,,,,,0.0,,,,,,2.7,False,,,,,,,,,,,2026-09-26 15:00:00,,12.5,,,,78,,,,,,,0.0,,31.6,Lampang,,,,0.0,59,,,,,,,,,,,,
,,2.9,,,,,,,0.1,,978.7,,,,,,,,,,,,,0.0,,,,,,2.9,False,,,,,,,,,,,2026-09-26 16:00:00,,11.0,,,,87,,,,,,,0.0,,31.2,Lampang,,,,0.0,61,,,,,,,,,,,,
,,2.9,,,,,,,0.1,,979.0,,,,,,,,,,,,,0.0,,,,,,2.9,False,,,,,,,,,,,2026-09-26 17:00:00,,7.1,,,,83,,,,,,,0.0,,30.7,Lampang,,,,0.0,66,,,,,,,,,,,,
,,3.1,,,,,,,0.0,,979.6,,,,,,,,,,,,,0.0,,,,,,3.1,False,,,,,,,,,,,2026-09-26 18:00:00,,3.6,,,,87,,,,,,,0.0,,29.0,Lampang,,,,0.0,79,,,,,,,,,,,,
,,11.6,,,,,,,0.0,,979.7,,,,,,,,,,,,,0.0,,,,,,11.6,False,,,,,,,,,,,2026-09-26 19:00:00,,4.5,,,,92,,,,,,,0.0,,27.9,Lampang,,,,0.0,81,,,,,,,,,,,,
,,12.0,,,,,,,0.0,,980.7,,,,,,,,,,,,,0.0,,,,,,12.0,False,,,,,,,,,,,2026-09-26 20:00:00,,4.1,,,,67,,,,,,,0.0,,27.1,Lampang,,,,0.0,84,,,,,,,,,,,,
,,11.7,,,,,,,0.0,,981.6,,,,,,,,,,,,,0.0,,,,,,11.7,False,,,,,,,,,,,2026-09-26 21:00:00,,6.9,,,,60,,,,,,,0.0,,26.8,Lampang,,,,0.0,84,,,,,,,,,,,,
,,10.7,,,,,,,0.0,,982.0,,,,,,,,,,,,,0.0,,,,,,10.7,False,,,,,,,,,,,2026-09-26 22:00:00,,7.8,,,,56,,,,,,,0.0,,26.4,Lampang,,,,0.0,84,,,,,,,,,,,,
,,8.9,,,,,,,0.0,,981.9,,,,,,,,,,,,,0.0,,,,,,8.9,False,,,,,,,,,,,2026-09-26 23:00:00,,8.3,,,,48,,,,,,,0.0,,25.9,Lampang,,,,0.0,84,,,,,,,,,,,,
,,6.9,,,,,,,0.0,,981.8,,,,,,,,,,,,,0.0,,,,,,6.9,False,,,,,,,,,,,2026-09-27 00:00:00,,8.5,,,,38,,,,,,,0.0,,25.5,Lampang,,,,0.0,85,,,,,,,,,,,,
,,4.8,,,,,,,0.0,,981.1,,,,,,,,,,,,,0.0,,,,,,4.8,False,,,,,,,,,,,2026-09-27 01:00:00,,10.5,,,,41,,,,,,,0.0,,25.7,Lampang,,,,0.0,85,,,,,,,,,,,,
,,3.3,,,,,,,0.0,,980.8,,,,,,,,,,,,,0.0,,,,,,3.3,False,,,,,,,,,,,2026-09-27 02:00:00,,11.7,,,,38,,,,,,,0.0,,25.3,Lampang,,,,0.0,86,,,,,,,,,,,,
,,2.5,,,,,,,0.0,,980.3,,,,,,,,,,,,,0.0,,,,,,2.5,False,,,,,,,,,,,2026-09-27 03:00:00,,10.7,,,,35,,,,,,,0.0,,25.0,Lampang,,,,0.0,86,,,,,,,,,,,,
,,2.1,,,,,,,0.0,,980.3,,,,,,,,,,,,,0.0,,,,,,2.1,False,,,,,,,,,,,2026-09-27 04:00:00,,8.4,,,,37,,,,,,,0.0,,24.8,Lampang,,,,0.0,86,,,,,,,,,,,,
,,2.0,,,,,,,0.0,,980.5,,,,,,,,,,,,,0.0,,,,,,2.0,False,,,,,,,,,,,2026-09-27 05:00:00,,8.9,,,,43,,,,,,,0.0,,24.7,Lampang,,,,0.0,86,,,,,,,,,,,,
,,2.0,,,,,,,0.0,,980.8,,,,,,,,,,,,,0.0,,,,,,2.0,False,,,,,,,,,,,2026-09-27 06:00:00,,8.8,,,,43,,,,,,,0.0,,24.9,Lampang,,,,0.0,84,,,,,,,,,,,,
,,0.9,,,,,,,0.0,,981.5,,,,,,,,,,,,,0.0,,,,,,0.9,False,,,,,,,,,,,2026-09-27 07:00:00,,8.4,,,,48,,,,,,,0.0,,25.1,Lampang,,,,0.0,88,,,,,,,,,,,,
,,1.9,,,,,,,0.0,,982.2,,,,,,,,,,,,,0.0,,,,,,1.9,False,,,,,,,,,,,2026-09-27 08:00:00,,9.0,,,,46,,,,,,,0.0,,26.6,Lampang,,,,0.0,81,,,,,,,,,,,,
,,2.8,,,,,,,0.0,,982.5,,,,,,,,,,,,,0.0,,,,,,2.8,False,,,,,,,,,,,2026-09-27 09:00:00,,11.0,,,,62,,,,,,,0.0,,28.1,Lampang,,,,0.0,75,,,,,,,,,,,,
,,3.4,,,,,,,0.0,,982.7,,,,,,,,,,,,,0.0,,,,,,3.4,False,,,,,,,,,,,2026-09-27 10:00:00,,11.7,,,,80,,,,,,,0.0,,29.3,Lampang,,,,0.0,70,,,,,,,,,,,,
,,4.0,,,,,,,0.0,,982.1,,,,,,,,,,,,,0.0,,,,,,4.0,False,,,,,,,,,,,2026-09-27 11:00:00,,11.1,,,,83,,,,,,,0.0,,29.9,Lampang,,,,0.0,67,,,,,,,,,,,,
,,4.5,,,,,,,0.1,,980.9,,,,,,,,,,,,,0.0,,,,,,4.5,False,,,,,,,,,,,2026-09-27 12:00:00,,10.5,,,,77,,,,,,,0.0,,30.4,Lampang,,,,0.0,64,,,,,,,,,,,,
,,4.5,,,,,,,0.1,,980.3,,,,,,,,,,,,,0.0,,,,,,4.5,False,,,,,,,,,,,2026-09-27 13:00:00,,12.7,,,,61,,,,,,,0.0,,31.5,Lampang,,,,0.0,57,,,,,,,,,,,,
,,4.7,,,,,,,0.2,,978.8,,,,,,,,,,,,,0.0,,,,,,4.7,False,,,,,,,,,,,2026-09-27 14:00:00,,12.5,,,,70,,,,,,,0.0,,31.4,Lampang,,,,0.0,57,,,,,,,,,,,,
,,4.9,,,,,,,0.0,,977.9,,,,,,,,,,,,,0.0,,,,,,4.9,False,,,,,,,,,,,2026-09-27 15:00:00,,13.2,,,,85,,,,,,,0.0,,31.2,Lampang,,,,0.0,60,,,,,,,,,,,,
,,4.8,,,,,,,0.7,,977.8,,,,,,,,,,,,,0.0,,,,,,4.8,False,,,,,,,,,,,2026-09-27 16:00:00,,11.0,,,,124,,,,,,,0.0,,30.2,Lampang,,,,0.0,65,,,,,,,,,,,,
,,4.5,,,,,,,1.0,,978.7,,,,,,,,,,,,,0.0,,,,,,4.5,False,,,,,,,,,,,2026-09-27 17:00:00,,13.1,,,,132,,,,,,,0.0,,26.7,Lampang,,,,0.0,87,,,,,,,,,,,,
,,4.0,,,,,,,0.5,,979.4,,,,,,,,,,,,,0.0,,,,,,4.0,False,,,,,,,,,,,2026-09-27 18:00:00,,2.3,,,,198,,,,,,,0.0,,26.1,Lampang,,,,0.0,90,,,,,,,,,,,,
,,5.7,,,,,,,2.2,,979.9,,,,,,,,,,,,,0.0,,,,,,5.7,False,,,,,,,,,,,2026-09-27 19:00:00,,2.3,,,,203,,,,,,,0.0,,26.1,Lampang,,,,0.0,94,,,,,,,,,,,,
,,5.1,,,,,,,1.3,,980.6,,,,,,,,,,,,,0.0,,,,,,5.1,False,,,,,,,,,,,2026-09-27 20:00:00,,6.7,,,,174,,,,,,,0.0,,25.2,Lampang,,,,0.0,94,,,,,,,,,,,,
,,4.7,,,,,,,3.5,,981.6,,,,,,,,,,,,,0.0,,,,,,4.7,False,,,,,,,,,,,2026-09-27 21:00:00,,2.9,,,,101,,,,,,,0.0,,24.3,Lampang,,,,0.0,97,,,,,,,,,,,,
,,4.6,,,,,,,1.7,,982.2,,,,,,,,,,,,,0.0,,,,,,4.6,False,,,,,,,,,,,2026-09-27 22:00:00,,4.1,,,,29,,,,,,,0.0,,24.1,Lampang,,,,0.0,96,,,,,,,,,,,,
,,4.6,,,,,,,0.1,,982.0,,,,,,,,,,,,,0.0,,,,,,4.6,False,,,,,,,,,,,2026-09-27 23:00:00,,5.4,,,,42,,,,,,,0.0,,24.1,Lampang,,,,0.0,96,,,,,,,,,,,,
,,4.6,,,,,,,0.0,,982.0,,,,,,,,,,,,,0.0,,,,,,4.6,False,,,,,,,,,,,2026-09-28 00:00:00,,3.2,,,,43,,,,,,,0.0,,23.9,Lampang,,,,0.0,97,,,,,,,,,,,,
,,4.5,,,,,,,0.0,,981.1,,,,,,,,,,,,,0.0,,,,,,4.5,False,,,,,,,,,,,2026-09-28 01:00:00,,5.1,,,,48,,,,,,,0.0,,24.0,Lampang,,,,0.0,97,,,,,,,,,,,,
,,4.2,,,,,,,0.0,,980.7,,,,,,,,,,,,,0.0,,,,,,4.2,False,,,,,,,,,,,2026-09-28 02:00:00,,6.0,,,,29,,,,,,,0.0,,23.8,Lampang,,,,0.0,98,,,,,,,,,,,,
,,4.0,,,,,,,0.0,,980.6,,,,,,,,,,,,,0.0,,,,,,4.0,False,,,,,,,,,,,2026-09-28 03:00:00,,5.2,,,,25,,,,,,,0.0,,23.7,Lampang,,,,0.0,98,,,,,,,,,,,,
,,3.9,,,,,,,0.1,,980.2,,,,,,,,,,,,,0.0,,,,,,3.9,False,,,,,,,,,,,2026-09-28 04:00:00,,6.3,,,,35,,,,,,,0.0,,23.7,Lampang,,,,0.0,96,,,,,,,,,,,,
,,3.7,,,,,,,3.0,,980.6,,,,,,,,,,,,,0.0,,,,,,3.7,False,,,,,,,,,,,2026-09-28 05:00:00,,6.9,,,,95,,,,,,,0.0,,23.6,Lampang,,,,0.0,96,,,,,,,,,,,,
,,3.5,,,,,,,1.0,,981.0,,,,,,,,,,,,,0.0,,,,,,3.5,False,,,,,,,,,,,2026-09-28 06:00:00,,7.4,,,,51,,,,,,,0.0,,23.6,Lampang,,,,0.0,96,,,,,,,,,,,,
,,3.5,,,,,,,0.4,,981.4,,,,,,,,,,,,,0.0,,,,,,3.5,False,,,,,,,,,,,2026-09-28 07:00:00,,12.5,,,,36,,,,,,,0.0,,24.0,Lampang,,,,0.0,96,,,,,,,,,,,,
,,3.7,,,,,,,0.0,,982.3,,,,,,,,,,,,,0.0,,,,,,3.7,False,,,,,,,,,,,2026-09-28 08:00:00,,11.2,,,,26,,,,,,,0.0,,24.8,Lampang,,,,0.0,89,,,,,,,,,,,,
,,3.2,,,,,,,0.1,,982.8,,,,,,,,,,,,,0.0,,,,,,3.2,False,,,,,,,,,,,2026-09-28 09:00:00,,9.9,,,,42,,,,,,,0.0,,26.6,Lampang,,,,0.0,84,,,,,,,,,,,,
,,2.9,,,,,,,1.9,,983.3,,,,,,,,,,,,,0.0,,,,,,2.9,False,,,,,,,,,,,2026-09-28 10:00:00,,15.0,,,,86,,,,,,,0.0,,25.8,Lampang,,,,0.0,87,,,,,,,,,,,,
,,2.9,,,,,,,0.8,,983.0,,,,,,,,,,,,,0.0,,,,,,2.9,False,,,,,,,,,,,2026-09-28 11:00:00,,11.7,,,,79,,,,,,,0.0,,25.6,Lampang,,,,0.0,90,,,,,,,,,,,,
,,3.1,,,,,,,1.9,,982.7,,,,,,,,,,,,,0.0,,,,,,3.1,False,,,,,,,,,,,2026-09-28 12:00:00,,14.0,,,,102,,,,,,,0.0,,25.7,Lampang,,,,0.0,87,,,,,,,,,,,,
,,3.1,,,,,,,2.0,,982.8,,,,,,,,,,,,,0.0,,,,,,3.1,False,,,,,,,,,,,2026-09-28 13:00:00,,10.5,,,,106,,,,,,,0.0,,25.1,Lampang,,,,0.0,90,,,,,,,,,,,,
,,3.6,,,,,,,1.6,,982.0,,,,,,,,,,,,,0.0,,,,,,3.6,False,,,,,,,,,,,2026-09-28 14:00:00,,11.2,,,,105,,,,,,,0.0,,24.7,Lampang,,,,0.0,92,,,,,,,,,,,,
,,3.8,,,,,,,1.2,,981.6,,,,,,,,,,,,,0.0,,,,,,3.8,False,,,,,,,,,,,2026-09-28 15:00:00,,10.0,,,,82,,,,,,,0.0,,25.0,Lampang,,,,0.0,91,,,,,,,,,,,,
,,3.0,,,,,,,1.3,,981.3,,,,,,,,,,,,,0.0,,,,,,3.0,False,,,,,,,,,,,2026-09-28 16:00:00,,12.6,,,,80,,,,,,,0.0,,24.4,Lampang,,,,0.0,92,,,,,,,,,,,,
,,2.1,,,,,,,1.6,,981.5,,,,,,,,,,,,,0.0,,,,,,2.1,False,,,,,,,,,,,2026-09-28 17:00:00,,12.1,,,,88,,,,,,,0.0,,24.2,Lampang,,,,0.0,92,,,,,,,,,,,,
,,1.6,,,,,,,0.5,,981.6,,,,,,,,,,,,,0.0,,,,,,1.6,False,,,,,,,,,,,2026-09-28 18:00:00,,13.1,,,,92,,,,,,,0.0,,23.9,Lampang,,,,0.0,93,,,,,,,,,,,,
,,4.4,,,,,,,0.8,,982.5,,,,,,,,,,,,,0.0,,,,,,4.4,False,,,,,,,,,,,2026-09-28 19:00:00,,9.4,,,,92,,,,,,,0.0,,23.9,Lampang,,,,0.0,92,,,,,,,,,,,,
,,3.3,,,,,,,1.3,,983.2,,,,,,,,,,,,,0.0,,,,,,3.3,False,,,,,,,,,,,2026-09-28 20:00:00,,9.9,,,,89,,,,,,,0.0,,23.7,Lampang,,,,0.0,93,,,,,,,,,,,,
,,3.1,,,,,,,0.8,,984.1,,,,,,,,,,,,,0.0,,,,,,3.1,False,,,,,,,,,,,2026-09-28 21:00:00,,9.4,,,,94,,,,,,,0.0,,23.5,Lampang,,,,0.0,93,,,,,,,,,,,,
,,3.3,,,,,,,1.0,,985.0,,,,,,,,,,,,,0.0,,,,,,3.3,False,,,,,,,,,,,2026-09-28 22:00:00,,12.4,,,,111,,,,,,,0.0,,23.6,Lampang,,,,0.0,92,,,,,,,,,,,,
,,3.3,,,,,,,0.1,,985.5,,,,,,,,,,,,,0.0,,,,,,3.3,False,,,,,,,,,,,2026-09-28 23:00:00,,13.1,,,,122,,,,,,,0.0,,23.6,Lampang,,,,0.0,93,,,,,,,,,,,,
,,3.2,,,,,,,0.2,,985.2,,,,,,,,,,,,,0.0,,,,,,3.2,False,,,,,,,,,,,2026-09-29 00:00:00,,11.8,,,,123,,,,,,,0.0,,23.3,Lampang,,,,0.0,94,,,,,,,,,,,,
,,3.0,,,,,,,0.4,,985.0,,,,,,,,,,,,,0.0,,,,,,3.0,False,,,,,,,,,,,2026-09-29 01:00:00,,5.0,,,,75,,,,,,,0.0,,23.8,Lampang,,,,0.0,94,,,,,,,,,,,,
,,3.4,,,,,,,0.2,,984.4,,,,,,,,,,,,,0.0,,,,,,3.4,False,,,,,,,,,,,2026-09-29 02:00:00,,9.9,,,,102,,,,,,,0.0,,23.6,Lampang,,,,0.0,94,,,,,,,,,,,,
,,4.2,,,,,,,0.0,,984.0,,,,,,,,,,,,,0.0,,,,,,4.2,False,,,,,,,,,,,2026-09-29 03:00:00,,11.8,,,,123,,,,,,,0.0,,23.4,Lampang,,,,0.0,93,,,,,,,,,,,,
,,4.9,,,,,,,0.1,,983.6,,,,,,,,,,,,,0.0,,,,,,4.9,False,,,,,,,,,,,2026-09-29 04:00:00,,11.9,,,,129,,,,,,,0.0,,23.4,Lampang,,,,0.0,92,,,,,,,,,,,,
,,4.9,,,,,,,0.2,,983.9,,,,,,,,,,,,,0.0,,,,,,4.9,False,,,,,,,,,,,2026-09-29 05:00:00,,7.9,,,,123,,,,,,,0.0,,23.2,Lampang,,,,0.0,93,,,,,,,,,,,,
,,4.7,,,,,,,0.5,,984.6,,,,,,,,,,,,,0.0,,,,,,4.7,False,,,,,,,,,,,2026-09-29 06:00:00,,4.1,,,,131,,,,,,,0.0,,23.2,Lampang,,,,0.0,94,,,,,,,,,,,,
,,5.5,,,,,,,0.1,,985.3,,,,,,,,,,,,,0.0,,,,,,5.5,False,,,,,,,,,,,2026-09-29 07:00:00,,6.1,,,,113,,,,,,,0.0,,23.9,Lampang,,,,0.0,93,,,,,,,,,,,,
,,6.1,,,,,,,0.1,,986.1,,,,,,,,,,,,,0.0,,,,,,6.1,False,,,,,,,,,,,2026-09-29 08:00:00,,9.1,,,,131,,,,,,,0.0,,25.0,Lampang,,,,0.0,89,,,,,,,,,,,,
,,7.6,,,,,,,0.2,,986.8,,,,,,,,,,,,,0.0,,,,,,7.6,False,,,,,,,,,,,2026-09-29 09:00:00,,10.4,,,,129,,,,,,,0.0,,25.2,Lampang,,,,0.0,88,,,,,,,,,,,,
,,8.2,,,,,,,0.2,,986.6,,,,,,,,,,,,,0.0,,,,,,8.2,False,,,,,,,,,,,2026-09-29 10:00:00,,14.2,,,,139,,,,,,,0.0,,25.8,Lampang,,,,0.0,86,,,,,,,,,,,,
,,8.3,,,,,,,0.2,,986.8,,,,,,,,,,,,,0.0,,,,,,8.3,False,,,,,,,,,,,2026-09-29 11:00:00,,13.3,,,,152,,,,,,,0.0,,26.3,Lampang,,,,0.0,83,,,,,,,,,,,,
,,8.4,,,,,,,0.1,,986.0,,,,,,,,,,,,,0.0,,,,,,8.4,False,,,,,,,,,,,2026-09-29 12:00:00,,11.8,,,,160,,,,,,,0.0,,27.2,Lampang,,,,0.0,80,,,,,,,,,,,,
,,8.4,,,,,,,0.1,,985.9,,,,,,,,,,,,,0.0,,,,,,8.4,False,,,,,,,,,,,2026-09-29 13:00:00,,10.5,,,,163,,,,,,,0.0,,29.0,Lampang,,,,0.0,74,,,,,,,,,,,,
,,9.1,,,,,,,0.7,,984.4,,,,,,,,,,,,,0.0,,,,,,9.1,False,,,,,,,,,,,2026-09-29 14:00:00,,13.4,,,,156,,,,,,,0.0,,27.6,Lampang,,,,0.0,80,,,,,,,,,,,,
,,9.7,,,,,,,2.1,,984.1,,,,,,,,,,,,,0.0,,,,,,9.7,False,,,,,,,,,,,2026-09-29 15:00:00,,8.5,,,,198,,,,,,,0.0,,26.1,Lampang,,,,0.0,89,,,,,,,,,,,,
,,9.6,,,,,,,0.9,,983.6,,,,,,,,,,,,,0.0,,,,,,9.6,False,,,,,,,,,,,2026-09-29 16:00:00,,1.5,,,,256,,,,,,,0.0,,25.4,Lampang,,,,0.0,92,,,,,,,,,,,,
,,9.5,,,,,,,0.4,,983.8,,,,,,,,,,,,,0.0,,,,,,9.5,False,,,,,,,,,,,2026-09-29 17:00:00,,1.2,,,,51,,,,,,,0.0,,26.0,Lampang,,,,0.0,91,,,,,,,,,,,,
,,7.8,,,,,,,1.7,,984.2,,,,,,,,,,,,,0.0,,,,,,7.8,False,,,,,,,,,,,2026-09-29 18:00:00,,4.8,,,,202,,,,,,,0.0,,25.2,Lampang,,,,0.0,91,,,,,,,,,,,,
,,8.8,,,,,,,1.0,,984.2,,,,,,,,,,,,,0.0,,,,,,8.8,False,,,,,,,,,,,2026-09-29 19:00:00,,1.1,,,,81,,,,,,,0.0,,25.3,Lampang,,,,0.0,97,,,,,,,,,,,,
,,8.6,,,,,,,0.0,,984.7,,,,,,,,,,,,,0.0,,,,,,8.6,False,,,,,,,,,,,2026-09-29 20:00:00,,1.5,,,,120,,,,,,,0.0,,25.1,Lampang,,,,0.0,96,,,,,,,,,,,,
,,9.0,,,,,,,0.0,,985.8,,,,,,,,,,,,,0.0,,,,,,9.0,False,,,,,,,,,,,2026-09-29 21:00:00,,1.8,,,,101,,,,,,,0.0,,25.0,Lampang,,,,0.0,96,,,,,,,,,,,,
,,9.3,,,,,,,0.0,,986.3,,,,,,,,,,,,,0.0,,,,,,9.3,False,,,,,,,,,,,2026-09-29 22:00:00,,4.5,,,,67,,,,,,,0.0,,24.6,Lampang,,,,0.0,98,,,,,,,,,,,,
,,9.4,,,,,,,0.0,,986.5,,,,,,,,,,,,,0.0,,,,,,9.4,False,,,,,,,,,,,2026-09-29 23:00:00,,6.2,,,,46,,,,,,,0.0,,24.1,Lampang,,,,0.0,98,,,,,,,,,,,,
,,9.6,,,,,,,0.0,,986.2,,,,,,,,,,,,,0.0,,,,,,9.6,False,,,,,,,,,,,2026-09-30 00:00:00,,5.1,,,,36,,,,,,,0.0,,23.8,Lampang,,,,0.0,97,,,,,,,,,,,,
,,10.1,,,,,,,0.0,,985.8,,,,,,,,,,,,,0.0,,,,,,10.1,False,,,,,,,,,,,2026-09-30 01:00:00,,4.6,,,,26,,,,,,,0.0,,23.7,Lampang,,,,0.0,97,,,,,,,,,,,,
,,10.5,,,,,,,0.0,,985.4,,,,,,,,,,,,,0.0,,,,,,10.5,False,,,,,,,,,,,2026-09-30 02:00:00,,3.5,,,,55,,,,,,,0.0,,23.4,Lampang,,,,0.0,98,,,,,,,,,,,,
,,10.4,,,,,,,0.0,,985.2,,,,,,,,,,,,,0.0,,,,,,10.4,False,,,,,,,,,,,2026-09-30 03:00:00,,2.4,,,,48,,,,,,,0.0,,23.4,Lampang,,,,0.0,98,,,,,,,,,,,,
,,10.8,,,,,,,0.0,,985.2,,,,,,,,,,,,,0.0,,,,,,10.8,False,,,,,,,,,,,2026-09-30 04:00:00,,2.3,,,,32,,,,,,,0.0,,23.4,Lampang,,,,0.0,98,,,,,,,,,,,,
,,11.4,,,,,,,0.0,,985.3,,,,,,,,,,,,,0.0,,,,,,11.4,False,,,,,,,,,,,2026-09-30 05:00:00,,1.9,,,,56,,,,,,,0.0,,23.1,Lampang,,,,0.0,99,,,,,,,,,,,,
,,11.3,,,,,,,0.0,,985.6,,,,,,,,,,,,,0.0,,,,,,11.3,False,,,,,,,,,,,2026-09-30 06:00:00,,1.9,,,,49,,,,,,,0.0,,23.1,Lampang,,,,0.0,99,,,,,,,,,,,,
,,11.0,,,,,,,0.0,,986.4,,,,,,,,,,,,,0.0,,,,,,11.0,False,,,,,,,,,,,2026-09-30 07:00:00,,2.6,,,,39,,,,,,,0.0,,23.6,Lampang,,,,0.0,98,,,,,,,,,,,,
,,10.0,,,,,,,0.0,,987.3,,,,,,,,,,,,,0.0,,,,,,10.0,False,,,,,,,,,,,2026-09-30 08:00:00,,0.6,,,,34,,,,,,,0.0,,25.0,Lampang,,,,0.0,92,,,,,,,,,,,,
,,9.8,,,,,,,0.0,,988.0,,,,,,,,,,,,,0.0,,,,,,9.8,False,,,,,,,,,,,2026-09-30 09:00:00,,3.8,,,,163,,,,,,,0.0,,26.2,Lampang,,,,0.0,89,,,,,,,,,,,,
,,9.3,,,,,,,0.1,,988.1,,,,,,,,,,,,,0.0,,,,,,9.3,False,,,,,,,,,,,2026-09-30 10:00:00,,4.2,,,,173,,,,,,,0.0,,27.1,Lampang,,,,0.0,83,,,,,,,,,,,,
10.299999999999999,9.700000000000001,0.0,0.0,10.466666666666667,11.4,-0.9335804264972017,9.5875,13.6,0.1,0.0,987.8,0.0,0.0,4.0,1.1000000000000014,0.0,-0.9659258262890682,-0.20129852008866114,0.0,0.0,-0.35836794954530043,11.4,-0.5,0.0,0.0,3.365574307529271,-1.0,2.9,0.8034647195462632,,True,0.258819045102521,11.4,10.0,0.0,0.0,0.0,0.9795299412524943,8.3,0.0,0.0,2026-09-30 11:00:00,0.0,4.0,0.0,9.8,0.0,201,18.251279707495428,-5.0,-1.8369701987210297e-16,0.29439202887759464,0.6879922480183431,9.4,0.0,0.951451741638359,28.3,Lampang,9.3,3.0684550944517124,-5.0,0.0,78,6.729761904761905,10.0,0.0,0.0,0.0,0.0,6.8,2026.0,0.09531017980432487,11.4,0.0,11.4
9.516666666666666,6.366666666666667,0.0,0.0,8.566666666666665,11.3,-0.7071067811865477,9.241666666666667,13.6,0.1,0.0,986.8,0.0,0.0,4.5,-8.3,0.0,-1.0,-0.20129852008866114,0.0,0.0,-0.7071067811865475,11.4,-9.3,0.0,0.0,3.403202065269142,-1.0,3.1,3.8921573566453977,,True,1.2246467991473532e-16,11.3,9.8,0.0,0.0,0.0,0.9795299412524943,8.4,0.0,0.0,2026-09-30 12:00:00,0.0,4.8,0.0,9.3,0.0,225,18.251279707495428,-4.0,-1.8369701987210297e-16,4.506538459714828,2.9382061798920027,9.6,0.0,2.1322751281723056,29.2,Lampang,0.0,3.171470451760333,-6.0,0.0,74,6.698809523809524,9.8,0.0,0.0,0.0,0.0,6.739583333333333,2026.0,0.09531017980432487,11.4,0.0,11.4
8.716666666666667,3.1,0.0,0.0,6.683333333333334,11.0,-0.5877852522924732,8.891666666666666,13.6,0.1,0.0,985.6,0.0,0.0,4.5,-8.4,0.0,-0.9659258262890683,-0.20129852008866114,0.0,0.0,-0.8090169943749473,11.4,0.0,0.0,0.0,3.441490983557751,-1.0,3.1,4.7526892971827595,,True,-0.2588190451025208,11.0,9.3,0.0,0.0,0.0,0.9795299412524943,8.4,0.0,0.0,2026-09-30 13:00:00,0.0,5.8,0.0,0.0,0.0,234,18.251279707495428,-3.0,-1.8369701987210297e-16,4.384062043356595,3.9420454363467483,10.1,0.0,2.8201531676291784,29.8,Lampang,0.0,3.274809154744746,-3.0,0.0,71,6.663690476190476,9.3,0.0,0.0,0.0,0.0,6.675,2026.0,0.09531017980432487,11.4,0.0,11.4
7.875,0.0,0.0,0.0,4.8500000000000005,10.0,-0.48480962024633684,8.541666666666666,13.6,0.1,0.0,984.7,0.0,0.0,4.7,-8.4,0.0,-0.8660254037844388,-0.20129852008866114,0.0,0.0,-0.874619707139396,11.4,0.0,0.0,0.0,3.4792189596461154,-1.0,3.6,4.854465298396244,,True,-0.4999999999999997,10.0,0.0,0.0,0.0,0.0,0.9795299412524943,9.1,0.0,0.0,2026-09-30 14:00:00,0.0,7.4,0.0,0.0,0.0,241,18.251279707495428,0.0,-1.8369701987210297e-16,0.0,4.582962106178346,10.5,0.0,3.333906200773434,29.9,Lampang,0.0,3.3737491251902862,-9.0,0.0,71,6.627380952380953,0.0,0.0,0.0,0.0,0.0,6.610416666666666,2026.0,0.09531017980432487,11.4,0.0,11.4
7.0,0.0,0.0,0.0,3.1833333333333336,9.8,-0.5877852522924732,8.1625,13.6,0.1,0.0,983.3,0.0,0.0,4.9,-9.1,0.0,-0.7071067811865479,-0.20129852008866114,0.0,0.0,-0.8090169943749473,11.4,0.0,0.0,0.0,3.516241873947208,-1.0,3.8,4.504226410334582,,True,-0.7071067811865471,9.8,0.0,0.0,0.0,0.0,0.9795299412524943,9.7,0.0,0.0,2026-09-30 15:00:00,0.0,6.7,0.0,0.0,0.0,234,18.251279707495428,-1.0,-1.8369701987210297e-16,0.0,4.9831382347539455,10.4,0.0,3.741413781357701,30.0,Lampang,0.0,3.478235279523543,-19.0,0.0,70,6.590476190476191,0.0,0.0,0.0,0.0,0.0,6.5354166666666655,2026.0,0.09531017980432487,11.4,0.0,11.4
6.133333333333333,0.0,0.0,0.0,1.55,9.3,-0.5591929034707466,7.758333333333333,13.6,0.1,0.0,982.8,0.0,0.0,4.8,-9.7,0.0,-0.5000000000000004,-0.20129852008866114,0.0,0.0,-0.8290375725550418,11.4,0.0,0.0,0.0,3.552580423354142,-1.0,3.0,3.4659053651246747,,True,-0.8660254037844384,9.3,0.0,0.0,0.0,0.0,0.9795299412524943,9.6,0.0,0.0,2026-09-30 16:00:00,0.0,8.7,0.0,0.0,0.0,236,18.251279707495428,1.0,-1.8369701987210297e-16,0.0,5.215415185347716,10.8,0.0,4.06354900986263,29.4,Lampang,0.0,3.581311808658014,-21.0,0.0,71,6.552380952380952,0.0,0.0,0.0,0.0,0.0,6.45625,2026.0,0.09531017980432487,11.4,0.0,11.4
5.233333333333333,0.0,0.0,0.0,0.0,0.0,-0.17364817766693033,7.358333333333333,13.6,0.1,0.0,982.6,0.0,0.0,4.5,-9.6,0.0,-0.25881904510252063,-0.20129852008866114,0.0,0.0,-0.984807753012208,11.4,0.0,0.0,0.0,3.5881465854069208,-1.0,2.1,0.0,,True,-0.9659258262890683,0.0,0.0,0.0,0.0,0.0,0.9795299412524943,9.5,0.0,0.0,2026-09-30 17:00:00,0.0,8.2,0.0,0.0,0.0,260,18.251279707495428,6.0,-1.8369701987210297e-16,0.0,5.264081644081478,11.4,0.0,4.326557202005103,28.5,Lampang,0.0,3.666254119784025,-14.0,0.0,77,6.514285714285715,0.0,0.0,0.0,0.0,0.0,6.39375,2026.0,0.09531017980432487,11.4,0.0,11.4
4.283333333333334,0.0,0.0,0.0,0.0,0.0,0.2756373558169994,6.9624999999999995,13.6,0.0,0.0,982.7,0.0,0.0,4.0,-9.5,0.0,-1.8369701987210297e-16,-0.20129852008866114,0.0,0.0,-0.9612616959383188,11.4,0.0,0.0,0.0,3.6229631074583875,-1.0,1.6,0.0,,True,-1.0,0.0,0.0,0.0,0.0,0.0,0.9795299412524943,7.8,0.0,0.0,2026-09-30 18:00:00,0.0,3.2,0.0,0.0,0.0,286,18.251279707495428,7.0,-1.8369701987210297e-16,0.0,5.091305224487026,11.3,0.0,4.54173356219847,27.5,Lampang,0.0,3.7292202044574054,-7.0,0.0,84,6.476190476190476,0.0,0.0,0.0,0.0,0.0,6.349999999999999,2026.0,0.0,11.3,0.0,11.4
3.341666666666667,0.0,0.0,0.0,0.0,0.0,-0.6560590289905073,6.6375,13.6,0.0,0.0,983.9,0.0,0.0,5.7,-7.8,0.0,0.2588190451025203,-0.20129852008866114,0.0,0.0,-0.754709580222772,11.4,0.0,0.0,0.0,3.6565770271601767,-1.0,4.4,0.0,,True,-0.9659258262890684,0.0,0.0,0.0,0.0,0.0,0.9795299412524943,8.8,0.0,0.0,2026-09-30 19:00:00,0.0,3.3,0.0,0.0,0.0,229,18.251279707495428,3.0,-1.8369701987210297e-16,0.0,4.739278836372565,11.0,0.0,4.744717457341375,26.7,Lampang,0.0,3.7783557564398595,-10.0,0.0,87,6.433333333333333,0.0,0.0,0.0,0.0,0.0,6.316666666666667,2026.0,0.0,11.0,0.0,11.4
2.4250000000000003,0.0,0.0,0.0,0.0,0.0,-0.8746197071393959,6.270833333333333,13.6,0.0,0.0,985.2,0.0,0.0,5.1,-8.8,0.0,0.5000000000000001,-0.20129852008866114,0.0,0.0,-0.48480962024633695,11.4,0.0,0.0,0.0,3.667009057529656,-1.0,3.3,0.0,,True,-0.8660254037844386,0.0,0.0,0.0,0.0,0.0,0.9795299412524943,8.6,0.0,0.0,2026-09-30 20:00:00,0.0,3.3,0.0,0.0,0.0,209,18.251279707495428,4.0,-1.8369701987210297e-16,0.0,4.202801644934802,10.0,0.0,4.900891004591807,26.3,Lampang,0.0,3.8758601195949614,-5.0,0.0,91,6.363690476190476,0.0,0.0,0.0,0.0,0.0,6.224999999999999,2026.0,0.0,10.0,0.0,11.4
1.5916666666666668,0.0,0.0,0.0,0.0,0.0,-0.9510565162951536,5.9125000000000005,13.6,0.0,0.0,986.4,0.0,0.0,4.7,-8.6,0.0,0.7071067811865474,-0.20129852008866114,0.0,0.0,-0.3090169943749473,11.4,0.0,0.0,0.0,3.6724588990320046,-1.0,3.1,0.0,,True,-0.7071067811865477,0.0,0.0,0.0,0.0,0.0,0.9795299412524943,9.0,0.0,0.0,2026-09-30 21:00:00,0.0,3.6,0.0,0.0,0.0,198,18.251279707495428,3.0,-1.8369701987210297e-16,0.0,3.5605379587297703,9.8,0.0,5.030184928674757,25.9,Lampang,0.0,3.9555818287790063,-2.0,0.0,94,6.291666666666667,0.0,0.0,0.0,0.0,0.0,6.15625,2026.0,0.0,9.8,0.0,11.4
0.775,0.0,0.0,0.0,0.0,0.0,-1.0,5.5375000000000005,13.6,0.0,0.0,987.2,0.0,0.0,4.6,-9.0,0.0,0.8660254037844384,-0.20129852008866114,0.0,0.0,1.2246467991473532e-16,11.4,0.0,0.0,0.0,3.670479570929696,-1.0,3.3,0.0,,True,-0.5000000000000004,0.0,0.0,0.0,0.0,0.0,0.9795299412524943,9.3,0.0,0.0,2026-09-30 22:00:00,0.0,3.6,0.0,0.0,0.0,180,18.251279707495428,2.0,-1.8369701987210297e-16,0.0,2.570384212525435,9.3,0.0,5.120694329548159,25.5,Lampang,0.0,4.029569524844503,-2.0,0.0,96,6.2160714285714285,0.0,0.0,0.0,0.0,0.0,6.091666666666666,2026.0,0.0,9.3,0.0,11.4
0.0,0.0,0.0,0.0,0.0,0.0,0.10452846326765299,5.15,13.6,0.0,0.0,987.0,0.0,0.0,4.6,-9.3,0.0,0.9659258262890681,-0.20129852008866114,0.0,0.0,-0.9945218953682734,11.4,0.0,0.0,0.0,3.661408906223317,-1.0,3.3,0.0,,True,-0.25881904510252157,0.0,0.0,0.0,0.0,0.0,0.9795299412524943,9.4,0.0,0.0,2026-09-30 23:00:00,0.0,1.8,0.0,0.0,0.0,276,18.251279707495428,1.0,-1.8369701987210297e-16,0.0,0.0,0.0,0.0,5.172926315603835,25.2,Lampang,0.0,4.104075189335865,-1.0,0.0,97,6.137499999999999,0.0,0.0,0.0,0.0,0.0,6.022916666666667,2026.0,0.0,0.0,0.0,11.4
0.0,0.0,0.0,0.0,0.0,0.0,0.45399049973954664,4.758333333333334,13.6,0.0,0.0,986.7,0.0,0.0,4.6,-9.4,0.0,1.0,0.20129852008866006,0.0,0.0,-0.891006524188368,11.4,0.0,0.0,0.0,3.6470564032056405,-0.8660254037844386,3.2,0.0,,True,0.0,0.0,0.0,0.0,0.0,0.0,0.9795299412524945,9.6,0.0,0.0,2026-10-01 00:00:00,0.0,0.4,0.0,0.0,0.0,297,18.251279707495428,1.0,0.5000000000000001,0.0,0.0,0.0,0.0,5.192134810353916,24.8,Lampang,0.0,4.176120524947632,1.0,0.0,98,6.057142857142857,0.0,0.0,0.0,0.0,0.0,5.954166666666667,2026.0,0.0,0.0,0.0,11.4
0.0,0.0,0.0,0.0,0.0,0.0,-0.4539904997395467,4.358333333333333,13.4,0.0,0.0,986.0,0.0,0.0,4.5,-9.6,0.0,0.9659258262890683,0.20129852008866006,0.0,0.0,0.8910065241883679,11.4,0.0,0.0,0.0,3.629627392906587,-0.8660254037844386,3.0,0.0,,True,0.25881904510252074,0.0,0.0,0.0,0.0,0.0,0.9795299412524945,10.1,0.0,0.0,2026-10-01 01:00:00,0.0,0.4,0.0,0.0,0.0,117,18.251279707495428,1.0,0.5000000000000001,0.0,0.0,0.0,0.0,5.173483406328424,24.5,Lampang,0.0,4.2445369299842355,2.0,0.0,99,5.976190476190475,0.0,0.0,0.0,0.0,0.0,5.8875,2026.0,0.0,0.0,0.0,11.4
0.0,0.0,0.0,0.0,0.0,0.0,-0.754709580222772,3.9375,12.7,0.0,0.0,985.4,0.0,0.0,4.2,-10.1,0.0,0.8660254037844387,0.20129852008866006,0.0,0.0,0.6560590289905073,11.4,0.0,0.0,0.0,3.612806138900745,-0.8660254037844386,3.4,0.0,,True,0.49999999999999994,0.0,0.0,0.0,0.0,0.0,0.9795299412524945,10.5,0.0,0.0,2026-10-01 02:00:00,0.0,1.7,0.0,0.0,0.0,139,18.251279707495428,1.0,0.5000000000000001,0.0,0.0,0.0,0.0,5.0995761670293085,24.2,Lampang,0.0,4.308204382338424,2.0,0.0,100,5.896428571428571,0.0,0.0,0.0,0.0,0.0,5.825,2026.0,0.0,0.0,0.0,11.4
0.0,0.0,0.0,0.0,0.0,0.0,0.10452846326765346,3.5,12.0,0.0,0.0,985.0,0.0,0.0,4.0,-10.5,0.0,0.7071067811865476,0.20129852008866006,0.0,0.0,0.9945218953682733,11.4,0.0,0.0,0.0,3.6025099412748505,-0.8660254037844386,4.2,0.0,,True,0.7071067811865475,0.0,0.0,0.0,0.0,0.0,0.9795299412524945,10.4,0.0,0.0,2026-10-01 03:00:00,0.0,1.8,0.0,0.0,0.0,84,18.251279707495428,0.0,0.5000000000000001,0.0,0.0,0.0,0.0,4.966470913368298,23.8,Lampang,0.0,4.3749265866856435,2.0,0.0,100,5.820833333333333,0.0,0.0,0.0,0.0,0.0,5.754166666666666,2026.0,0.0,0.0,0.0,11.4
0.0,0.0,0.0,0.0,0.0,0.0,0.8660254037844387,3.0666666666666664,12.0,0.0,0.0,984.9,0.0,0.0,3.9,-10.4,0.0,0.5000000000000001,0.20129852008866006,0.0,0.0,0.49999999999999994,11.4,0.0,0.0,0.0,3.60028102447787,-0.8660254037844386,4.9,0.0,,True,0.8660254037844386,0.0,0.0,0.0,0.0,0.0,0.9795299412524945,10.8,0.0,0.0,2026-10-01 04:00:00,0.0,2.9,0.0,0.0,0.0,30,18.251279707495428,0.0,0.5000000000000001,0.0,0.0,0.0,0.0,4.79632382374483,23.9,Lampang,0.0,4.446549848540501,2.0,0.0,100,5.750595238095237,0.0,0.0,0.0,0.0,0.0,5.666666666666667,2026.0,0.0,0.0,0.0,11.4
0.0,0.0,0.0,0.0,0.0,0.0,0.9563047559630354,2.6166666666666667,12.0,0.0,0.0,985.1,0.0,0.0,3.7,-10.8,0.0,0.25881904510252074,0.20129852008866006,0.0,0.0,0.29237170472273677,11.4,0.0,0.0,0.0,3.6051102240973374,-0.8660254037844386,4.9,0.0,,True,0.9659258262890683,0.0,0.0,0.0,0.0,0.0,0.9795299412524945,11.4,0.0,0.0,2026-10-01 05:00:00,0.0,1.9,0.0,0.0,0.0,17,18.251279707495428,0.0,0.5000000000000001,0.0,0.0,0.0,0.0,4.549969474867081,23.8,Lampang,0.0,4.5186414617362844,1.0,0.0,100,5.685714285714285,0.0,0.0,0.0,0.0,0.0,5.564583333333334,2026.0,0.0,0.0,0.0,11.4
0.0,0.0,0.0,0.0,0.0,0.0,0.22495105434386492,2.141666666666667,12.0,0.0,0.0,985.5,0.0,0.0,3.5,-11.4,0.0,6.123233995736766e-17,0.20129852008866006,0.0,0.0,0.9743700647852352,11.3,0.0,0.0,0.0,3.6144509890688727,-0.8660254037844386,4.7,0.0,,True,1.0,0.0,0.0,0.0,0.0,0.0,0.9795299412524945,11.3,0.0,0.0,2026-10-01 06:00:00,0.0,1.7,0.0,0.0,0.0,77,18.251279707495428,0.0,0.5000000000000001,0.0,0.0,0.0,0.0,4.1889653323410965,23.8,Lampang,0.0,4.5873296971113815,1.0,0.0,100,5.625,0.0,0.0,0.0,0.0,0.0,5.4624999999999995,2026.0,0.0,0.0,0.0,11.4
0.0,0.0,0.0,0.0,0.0,0.0,-0.27563735581699905,1.6708333333333334,12.0,0.0,0.0,986.5,0.0,0.0,3.5,-11.3,0.0,-0.25881904510252063,0.20129852008866006,0.0,0.0,0.9612616959383189,11.0,0.0,0.0,0.0,3.627020314327481,-0.8660254037844386,5.5,0.0,,True,0.9659258262890683,0.0,0.0,0.0,0.0,0.0,0.9795299412524945,11.0,0.0,0.0,2026-10-01 07:00:00,0.0,1.3,0.0,0.0,0.0,106,18.251279707495428,-1.0,0.5000000000000001,0.0,0.0,0.0,0.0,3.7446049153712093,24.2,Lampang,0.0,4.6522615281590625,1.0,0.0,99,5.567857142857143,0.0,0.0,0.0,0.0,0.0,5.364583333333333,2026.0,0.0,0.0,0.0,11.4
0.0,0.0,0.0,0.0,0.0,0.0,-0.4539904997395469,1.2125000000000001,12.0,0.0,0.0,987.4,0.0,0.0,3.7,-11.0,0.0,-0.4999999999999998,0.20129852008866006,0.0,0.0,-0.8910065241883678,10.0,0.0,0.0,0.0,3.6514568874346103,-0.8660254037844386,6.1,0.0,,True,0.8660254037844387,0.0,0.0,0.0,0.0,0.0,0.9795299412524945,10.0,0.0,0.0,2026-10-01 08:00:00,0.0,0.4,0.0,0.0,0.0,243,18.251279707495428,-9.0,0.5000000000000001,0.0,0.0,0.0,0.0,3.209661521614598,25.5,Lampang,0.0,4.714825907001587,-2.0,0.0,90,5.529166666666666,0.0,0.0,0.0,0.0,0.0,5.25,2026.0,0.0,0.0,0.0,11.4
0.0,0.0,0.0,0.0,0.0,0.0,-0.6560590289905073,0.7958333333333334,12.0,0.1,0.0,988.1,0.0,0.0,3.2,-10.0,0.0,-0.7071067811865475,0.20129852008866006,0.0,0.0,-0.754709580222772,9.8,0.0,0.0,0.0,3.673779771428456,-0.8660254037844386,7.6,0.0,,True,0.7071067811865476,0.0,0.0,0.0,0.0,0.0,0.9795299412524945,9.8,0.0,0.0,2026-10-01 09:00:00,0.0,1.7,0.0,0.0,0.0,229,18.251279707495428,-6.0,0.5000000000000001,0.0,0.0,0.0,0.0,2.6404669988890643,26.6,Lampang,0.0,4.772064524541646,-5.0,0.0,84,5.486309523809523,0.0,0.0,0.0,0.0,0.0,5.122916666666666,2026.0,0.09531017980432487,0.0,0.0,11.4
0.0,0.0,0.0,0.0,0.0,0.0,-0.529919264233205,0.3875,12.0,0.1,0.0,988.3,0.0,0.0,2.9,-9.8,0.0,-0.8660254037844387,0.20129852008866006,0.0,0.0,-0.848048096156426,9.3,0.0,0.0,0.0,3.6930925825288012,-0.8660254037844386,8.2,0.0,,True,0.49999999999999994,0.0,0.0,0.0,0.0,0.0,0.9795299412524945,9.3,0.0,0.0,2026-10-01 10:00:00,0.0,2.7,0.0,0.0,0.0,238,18.251279707495428,-4.0,0.5000000000000001,0.0,0.0,0.0,0.0,1.8583847152836788,27.8,Lampang,0.0,4.813154266492562,-3.0,0.0,80,5.439285714285714,0.0,0.0,0.0,0.0,0.0,4.964583333333334,2026.0,0.09531017980432487,0.0,0.0,11.4
0.0,0.0,0.0,0.0,0.0,0.0,-0.2923717047227371,0.0,12.0,0.1,0.0,988.0,0.0,0.0,2.9,-9.3,0.0,-0.9659258262890682,0.20129852008866006,0.0,0.0,-0.9563047559630353,0.0,0.0,0.0,0.0,3.705716945621422,-0.8660254037844386,8.3,0.0,,True,0.258819045102521,0.0,0.0,0.0,0.0,0.0,0.9795299412524945,0.0,0.0,0.0,2026-10-01 11:00:00,0.0,3.8,0.0,0.0,0.0,253,18.251279707495428,-4.0,0.5000000000000001,0.0,0.0,0.0,0.0,0.0,28.9,Lampang,0.0,4.84073024148561,-2.0,0.0,76,5.385119047619047,0.0,0.0,0.0,0.0,0.0,4.79375,2026.0,0.09531017980432487,0.0,0.0,11.4
0.0,0.0,0.0,0.0,0.0,0.0,-0.3907311284892738,0.0,12.0,0.0,0.0,987.1,0.0,0.0,3.1,0.0,0.0,-1.0,0.20129852008866006,0.0,0.0,-0.9205048534524403,0.0,0.0,0.0,0.0,3.7203243323338224,-0.8660254037844386,8.4,0.0,,True,1.2246467991473532e-16,0.0,0.0,0.0,0.0,0.0,0.9795299412524945,0.0,0.0,0.0,2026-10-01 12:00:00,0.0,3.7,0.0,0.0,0.0,247,18.251279707495428,-6.0,0.5000000000000001,0.0,0.0,0.0,0.0,0.0,30.1,Lampang,0.0,4.860596599755585,-4.0,0.0,70,5.3339285714285705,0.0,0.0,0.0,0.0,0.0,4.620833333333334,2026.0,0.0,0.0,0.0,11.4
0.0,0.0,0.0,0.0,0.0,0.0,-0.6691306063588581,0.0,12.0,0.0,0.0,985.9,0.0,0.0,3.1,0.0,0.0,-0.9659258262890683,0.20129852008866006,0.0,0.0,-0.7431448254773944,0.0,0.0,0.0,0.0,3.7361592177145475,-0.8660254037844386,8.4,0.0,,True,-0.2588190451025208,0.0,0.0,0.0,0.0,0.0,0.9795299412524945,0.0,0.0,0.0,2026-10-01 13:00:00,0.0,5.1,0.0,0.0,0.0,228,18.251279707495428,-2.0,0.5000000000000001,0.0,0.0,0.0,0.0,0.0,30.9,Lampang,0.0,4.8725830903353735,-3.0,0.0,68,5.285119047619047,0.0,0.0,0.0,0.0,0.0,4.445833333333333,2026.0,0.0,0.0,0.0,11.4
0.0,0.0,0.0,0.0,0.0,0.0,-0.7986355100472928,0.0,12.0,0.0,0.0,984.6,0.0,0.0,3.6,0.0,0.0,-0.8660254037844388,0.20129852008866006,0.0,0.0,-0.6018150231520484,0.0,0.0,0.0,0.0,3.7503196670251038,-0.8660254037844386,9.1,0.0,,True,-0.4999999999999997,0.0,0.0,0.0,0.0,0.0,0.9795299412524945,0.0,0.0,0.0,2026-10-01 14:00:00,0.0,6.0,0.0,0.0,0.0,217,18.251279707495428,-3.0,0.5000000000000001,0.0,0.0,0.0,0.0,0.0,31.3,Lampang,0.0,4.878266355877761,-6.0,0.0,65,5.235119047619047,0.0,0.0,0.0,0.0,0.0,4.270833333333333,2026.0,0.0,0.0,0.0,11.4
0.0,0.0,0.0,0.0,0.0,0.0,-0.8910065241883679,0.0,12.0,0.0,0.0,983.3,0.0,0.0,3.8,0.0,0.0,-0.7071067811865479,0.20129852008866006,0.0,0.0,-0.4539904997395467,0.0,0.0,0.0,0.0,3.761020654096999,-0.8660254037844386,9.7,0.0,,True,-0.7071067811865471,0.0,0.0,0.0,0.0,0.0,0.9795299412524945,0.0,0.0,0.0,2026-10-01 15:00:00,0.0,6.7,0.0,0.0,0.0,207,18.251279707495428,-2.0,0.5000000000000001,0.0,0.0,0.0,0.0,0.0,31.6,Lampang,0.0,4.863711556431638,-7.0,0.0,63,5.182142857142857,0.0,0.0,0.0,0.0,0.0,4.08125,2026.0,0.0,0.0,0.0,11.4
0.0,0.0,0.0,0.0,0.0,0.0,-0.766044443118978,0.0,12.0,0.0,0.0,982.3,0.0,0.0,3.0,0.0,0.0,-0.5000000000000004,0.20129852008866006,0.0,0.0,-0.6427876096865393,0.0,0.0,0.0,0.0,3.7715343524727554,-0.8660254037844386,9.6,0.0,,True,-0.8660254037844384,0.0,0.0,0.0,0.0,0.0,0.9795299412524945,0.0,0.0,0.0,2026-10-01 16:00:00,0.0,7.0,0.0,0.0,0.0,220,18.251279707495428,0.0,0.5000000000000001,0.0,0.0,0.0,0.0,0.0,31.3,Lampang,0.0,4.827437136364963,-8.0,0.0,63,5.129761904761905,0.0,0.0,0.0,0.0,0.0,3.8791666666666664,2026.0,0.0,0.0,0.0,11.4
0.0,0.0,0.0,0.0,0.0,0.0,-0.7313537016191706,0.0,12.0,0.0,0.0,982.0,0.0,0.0,2.1,0.0,0.0,-0.25881904510252063,0.20129852008866006,0.0,0.0,-0.6819983600624984,0.0,0.0,0.0,0.0,3.78187131802495,-0.8660254037844386,9.5,0.0,,True,-0.9659258262890683,0.0,0.0,0.0,0.0,0.0,0.9795299412524945,0.0,0.0,0.0,2026-10-01 17:00:00,0.0,6.9,0.0,0.0,0.0,223,18.251279707495428,6.0,0.5000000000000001,0.0,0.0,0.0,0.0,0.0,30.7,Lampang,0.0,4.784957259184477,-8.0,0.0,69,5.07797619047619,0.0,0.0,0.0,0.0,0.0,3.6791666666666667,2026.0,0.0,0.0,0.0,11.4
0.0,0.0,0.0,0.0,0.0,0.0,-0.9993908270190958,0.0,12.0,0.0,0.0,983.0,0.0,0.0,1.6,0.0,0.0,-1.8369701987210297e-16,0.20129852008866006,0.0,0.0,-0.0348994967025009,0.0,0.0,0.0,0.0,3.788390367046307,-0.8660254037844386,7.8,0.0,,True,-1.0,0.0,0.0,0.0,0.0,0.0,0.9795299412524945,0.0,0.0,0.0,2026-10-01 18:00:00,0.0,6.7,0.0,0.0,0.0,182,18.251279707495428,9.0,0.5000000000000001,0.0,0.0,0.0,0.0,0.0,28.9,Lampang,0.0,4.736324887241161,-6.0,0.0,78,5.023214285714285,0.0,0.0,0.0,0.0,0.0,3.4812499999999997,2026.0,0.0,0.0,0.0,11.4
0.0,0.0,0.0,0.0,0.0,0.0,-0.8290375725550416,0.0,12.0,0.0,0.0,984.1,0.0,0.0,4.4,0.0,0.0,0.2588190451025203,0.20129852008866006,0.0,0.0,0.5591929034707469,0.0,0.0,0.0,0.0,3.7898382281241867,-0.8660254037844386,8.8,0.0,,True,-0.9659258262890684,0.0,0.0,0.0,0.0,0.0,0.9795299412524945,0.0,0.0,0.0,2026-10-01 19:00:00,0.0,4.1,0.0,0.0,0.0,146,18.251279707495428,8.0,0.5000000000000001,0.0,0.0,0.0,0.0,0.0,27.5,Lampang,0.0,4.719139056808986,-1.0,0.0,86,4.964880952380952,0.0,0.0,0.0,0.0,0.0,3.31875,2026.0,0.0,0.0,0.0,11.4
0.0,0.0,0.0,0.0,0.0,0.0,-0.9271838545667873,0.0,12.0,0.0,0.0,985.3,0.0,0.0,3.3,0.0,0.0,0.5000000000000001,0.20129852008866006,0.0,0.0,0.37460659341591224,0.0,0.0,0.0,0.0,3.7770603393719084,-0.8660254037844386,8.6,0.0,,True,-0.8660254037844386,0.0,0.0,0.0,0.0,0.0,0.9795299412524945,0.0,0.0,0.0,2026-10-01 20:00:00,0.0,2.9,0.0,0.0,0.0,158,18.251279707495428,3.0,0.5000000000000001,0.0,0.0,0.0,0.0,0.0,26.9,Lampang,0.0,4.673350403410337,-2.0,0.0,89,4.897619047619047,0.0,0.0,0.0,0.0,0.0,3.1354166666666665,2026.0,0.0,0.0,0.0,11.4
0.0,0.0,0.0,0.0,0.0,0.0,-0.3420201433256687,0.0,12.0,0.0,0.0,986.8,0.0,0.0,3.1,0.0,0.0,0.7071067811865474,0.20129852008866006,0.0,0.0,0.9396926207859084,0.0,0.0,0.0,0.0,3.7650513795417946,-0.8660254037844386,9.0,0.0,,True,-0.7071067811865477,0.0,0.0,0.0,0.0,0.0,0.9795299412524945,0.0,0.0,0.0,2026-10-01 21:00:00,0.0,2.7,0.0,0.0,0.0,110,18.251279707495428,3.0,0.5000000000000001,0.0,0.0,0.0,0.0,0.0,26.3,Lampang,0.0,4.625018299513347,-2.0,0.0,92,4.831547619047619,0.0,0.0,0.0,0.0,0.0,2.9562500000000003,2026.0,0.0,0.0,0.0,11.4
0.0,0.0,0.0,0.0,0.0,0.0,0.754709580222772,0.0,12.0,0.0,0.0,987.2,0.0,0.0,3.3,0.0,0.0,0.8660254037844384,0.20129852008866006,0.0,0.0,0.6560590289905073,0.0,0.0,0.0,0.0,3.7497981805102287,-0.8660254037844386,9.3,0.0,,True,-0.5000000000000004,0.0,0.0,0.0,0.0,0.0,0.9795299412524945,0.0,0.0,0.0,2026-10-01 22:00:00,0.0,1.9,0.0,0.0,0.0,41,18.251279707495428,1.0,0.5000000000000001,0.0,0.0,0.0,0.0,0.0,25.9,Lampang,0.0,4.558150038209946,-3.0,0.0,93,4.764285714285715,0.0,0.0,0.0,0.0,0.0,2.7687500000000003,2026.0,0.0,0.0,0.0,11.4
0.0,0.0,0.0,0.0,0.0,0.0,0.08715574274765814,0.0,12.0,0.0,0.0,986.9,0.0,0.0,3.3,0.0,0.0,0.9659258262890681,0.20129852008866006,0.0,0.0,0.9961946980917455,0.0,0.0,0.0,0.0,3.7322100700258978,-0.8660254037844386,9.4,0.0,,True,-0.25881904510252157,0.0,0.0,0.0,0.0,0.0,0.9795299412524945,0.0,0.0,0.0,2026-10-01 23:00:00,0.0,2.0,0.0,0.0,0.0,85,18.251279707495428,3.0,0.5000000000000001,0.0,0.0,0.0,0.0,0.0,25.4,Lampang,0.0,4.473277135762252,-1.0,0.0,96,4.696428571428571,0.0,0.0,0.0,0.0,0.0,2.575,2026.0,0.0,0.0,0.0,11.4
0.0,0.0,0.0,0.0,0.0,0.0,0.4067366430758002,0.0,12.0,0.0,0.0,986.3,0.0,0.0,3.2,0.0,0.0,1.0,0.39435585511331855,0.0,0.0,0.9135454576426009,0.0,0.0,0.0,0.0,3.712205184626308,-0.8660254037844386,9.6,0.0,,True,0.0,0.0,0.0,0.0,0.0,0.0,0.9189578116202306,0.0,0.0,0.0,2026-10-02 00:00:00,0.0,1.8,0.0,0.0,0.0,66,18.251279707495428,2.0,0.5000000000000001,0.0,0.0,0.0,0.0,0.0,25.0,Lampang,0.0,4.374878966579787,0.0,0.0,98,4.627976190476191,0.0,0.0,0.0,0.0,0.0,2.379166666666667,2026.0,0.0,0.0,0.0,11.4
0.0,0.0,0.0,0.0,0.0,0.0,0.4848096202463371,0.0,12.0,0.0,0.0,985.5,0.0,0.0,3.0,0.0,0.0,0.9659258262890683,0.39435585511331855,0.0,0.0,0.8746197071393957,0.0,0.0,0.0,0.0,3.6873899826010876,-0.8660254037844386,10.1,0.0,,True,0.25881904510252074,0.0,0.0,0.0,0.0,0.0,0.9189578116202306,0.0,0.0,0.0,2026-10-02 01:00:00,0.0,1.9,0.0,0.0,0.0,61,18.251279707495428,1.0,0.5000000000000001,0.0,0.0,0.0,0.0,0.0,24.7,Lampang,0.0,4.25807851488073,0.0,0.0,99,4.557738095238095,0.0,0.0,0.0,0.0,0.0,2.1791666666666667,2026.0,0.0,0.0,0.0,11.4
0.0,0.0,0.0,0.0,0.0,0.0,0.22495105434386492,0.0,12.0,0.0,0.0,985.1,0.0,0.0,3.4,0.0,0.0,0.8660254037844387,0.39435585511331855,0.0,0.0,0.9743700647852352,0.0,0.0,0.0,0.0,3.668972489265098,-0.8660254037844386,10.5,0.0,,True,0.49999999999999994,0.0,0.0,0.0,0.0,0.0,0.9189578116202306,0.0,0.0,0.0,2026-10-02 02:00:00,0.0,1.7,0.0,0.0,0.0,77,18.251279707495428,0.0,0.5000000000000001,0.0,0.0,0.0,0.0,0.0,24.4,Lampang,0.0,4.108383514737477,-1.0,0.0,99,4.491666666666667,0.0,0.0,0.0,0.0,0.0,1.96875,2026.0,0.0,0.0,0.0,11.4
0.0,0.0,0.0,0.0,0.0,0.0,0.3583679495453004,0.0,12.0,0.0,0.0,984.8,0.0,0.0,4.2,0.0,0.0,0.7071067811865476,0.39435585511331855,0.0,0.0,0.9335804264972017,0.0,0.0,0.0,0.0,3.656477610315593,-0.8660254037844386,10.4,0.0,,True,0.7071067811865475,0.0,0.0,0.0,0.0,0.0,0.9189578116202306,0.0,0.0,0.0,2026-10-02 03:00:00,0.0,1.5,0.0,0.0,0.0,69,18.251279707495428,0.0,0.5000000000000001,0.0,0.0,0.0,0.0,0.0,24.2,Lampang,0.0,3.923699359872857,-1.0,0.0,99,4.4297619047619055,0.0,0.0,0.0,0.0,0.0,1.75,2026.0,0.0,0.0,0.0,11.4
0.0,0.0,0.0,0.0,0.0,0.0,0.4848096202463371,0.0,12.0,0.0,0.0,984.9,0.0,0.0,4.9,0.0,0.0,0.5000000000000001,0.39435585511331855,0.0,0.0,0.8746197071393957,0.0,0.0,0.0,0.0,3.642888071764127,-0.8660254037844386,10.8,0.0,,True,0.8660254037844386,0.0,0.0,0.0,0.0,0.0,0.9189578116202306,0.0,0.0,0.0,2026-10-02 04:00:00,0.0,1.9,0.0,0.0,0.0,61,18.251279707495428,0.0,0.5000000000000001,0.0,0.0,0.0,0.0,0.0,24.1,Lampang,0.0,3.722025285005762,-1.0,0.0,99,4.367857142857143,0.0,0.0,0.0,0.0,0.0,1.5333333333333332,2026.0,0.0,0.0,0.0,11.4
0.0,0.0,0.0,0.0,0.0,0.0,-0.587785252292473,0.0,12.0,0.0,0.0,985.2,0.0,0.0,4.9,0.0,0.0,0.25881904510252074,0.39435585511331855,0.0,0.0,0.8090169943749475,0.0,0.0,0.0,0.0,3.6229826175476125,-0.8660254037844386,11.4,0.0,,True,0.9659258262890683,0.0,0.0,0.0,0.0,0.0,0.9189578116202306,0.0,0.0,0.0,2026-10-02 05:00:00,0.0,1.5,0.0,0.0,0.0,126,18.251279707495428,0.0,0.5000000000000001,0.0,0.0,0.0,0.0,0.0,24.0,Lampang,0.0,3.4731609842076456,-1.0,0.0,99,4.3029761904761905,0.0,0.0,0.0,0.0,0.0,1.3083333333333333,2026.0,0.0,0.0,0.0,11.4
0.0,0.0,0.0,0.0,0.0,0.0,-0.9335804264972017,0.0,12.0,0.0,0.0,985.9,0.0,0.0,4.7,0.0,0.0,6.123233995736766e-17,0.39435585511331855,0.0,0.0,0.3583679495453002,0.0,0.0,0.0,0.0,3.602891127361967,-0.8660254037844386,11.3,0.0,,True,1.0,0.0,0.0,0.0,0.0,0.0,0.9189578116202306,0.0,0.0,0.0,2026-10-02 06:00:00,0.0,2.5,0.0,0.0,0.0,159,18.251279707495428,0.0,0.5000000000000001,0.0,0.0,0.0,0.0,0.0,23.8,Lampang,0.0,3.1496665387871716,-1.0,0.0,99,4.238690476190476,0.0,0.0,0.0,0.0,0.0,1.0708333333333335,2026.0,0.0,0.0,0.0,11.3
0.0,0.0,0.0,0.0,0.0,0.0,-0.9063077870366499,0.0,12.0,0.0,0.0,986.9,0.0,0.0,5.5,0.0,0.0,-0.25881904510252063,0.39435585511331855,0.0,0.0,0.4226182617406995,0.0,0.0,0.0,0.0,3.603768459382975,-0.8660254037844386,11.0,0.0,,True,0.9659258262890683,0.0,0.0,0.0,0.0,0.0,0.9189578116202306,0.0,0.0,0.0,2026-10-02 07:00:00,0.0,3.4,0.0,0.0,0.0,155,18.251279707495428,-2.0,0.5000000000000001,0.0,0.0,0.0,0.0,0.0,24.7,Lampang,0.0,2.7765003138943736,-2.0,0.0,97,4.189285714285714,0.0,0.0,0.0,0.0,0.0,0.8354166666666667,2026.0,0.0,0.0,0.0,11.0
0.0,0.0,0.0,0.0,0.0,0.0,-0.984807753012208,0.0,12.0,0.0,0.0,988.1,0.0,0.0,6.1,0.0,0.0,-0.4999999999999998,0.39435585511331855,0.0,0.0,-0.17364817766693047,0.0,0.0,0.0,0.0,3.6181326674726986,-0.8660254037844386,10.0,0.0,,True,0.8660254037844387,0.0,0.0,0.0,0.0,0.0,0.9189578116202306,0.0,0.0,0.0,2026-10-02 08:00:00,0.0,4.2,0.0,0.0,0.0,190,18.251279707495428,-6.0,0.5000000000000001,0.0,0.0,0.0,0.0,0.0,26.2,Lampang,0.0,2.349149336284662,1.0,0.0,91,4.163690476190476,0.0,0.0,0.0,0.0,0.0,0.6062500000000001,2026.0,0.0,0.0,0.0,10.0
0.0,0.0,0.0,0.0,0.0,0.0,-0.9455185755993167,0.0,12.0,0.0,0.0,988.8,0.0,0.0,7.6,0.0,0.0,-0.7071067811865475,0.39435585511331855,0.0,0.0,-0.32556815445715676,0.0,0.0,0.0,0.0,3.6319209773655134,-0.8660254037844386,9.8,0.0,,True,0.7071067811865476,0.0,0.0,0.0,0.0,0.0,0.9189578116202306,0.0,0.0,0.0,2026-10-02 09:00:00,0.0,5.0,0.0,0.0,0.0,199,18.251279707495428,-6.0,0.5000000000000001,0.0,0.0,0.0,0.0,0.0,27.7,Lampang,0.0,1.9090234832820216,1.0,0.0,85,4.135119047619048,0.0,0.0,0.0,0.0,0.0,0.3979166666666667,2026.0,0.0,0.0,0.0,9.8
0.0,0.0,0.0,0.0,0.0,0.0,-0.7986355100472928,0.0,12.0,0.0,0.0,988.9,0.0,0.0,8.2,0.0,0.0,-0.8660254037844387,0.39435585511331855,0.0,0.0,-0.6018150231520484,0.0,0.0,0.0,0.0,3.6451738956587296,-0.8660254037844386,9.3,0.0,,True,0.49999999999999994,0.0,0.0,0.0,0.0,0.0,0.9189578116202306,0.0,0.0,0.0,2026-10-02 10:00:00,0.0,4.8,0.0,0.0,0.0,217,18.251279707495428,-3.0,0.5000000000000001,0.0,0.0,0.0,0.0,0.0,28.6,Lampang,0.0,1.3282830788277025,2.0,0.0,82,4.105357142857143,0.0,0.0,0.0,0.0,0.0,0.19375,2026.0,0.0,0.0,0.0,9.3
0.0,0.0,0.0,0.0,0.0,0.0,-0.7071067811865477,0.0,12.0,0.0,0.0,988.5,0.0,0.0,8.3,0.0,0.0,-0.9659258262890682,0.39435585511331855,0.0,0.0,-0.7071067811865475,0.0,0.0,0.0,0.0,3.6579780714800045,-0.8660254037844386,0.0,0.0,,True,0.258819045102521,0.0,0.0,0.0,0.0,0.0,0.9189578116202306,0.0,0.0,0.0,2026-10-02 11:00:00,0.0,4.8,0.0,0.0,0.0,225,18.251279707495428,-3.0,0.5000000000000001,0.0,0.0,0.0,0.0,0.0,29.7,Lampang,0.0,0.0,3.0,0.0,79,4.075,0.0,0.0,0.0,0.0,0.0,0.0,2026.0,0.0,0.0,0.0,0.0
0.0,0.0,0.0,0.0,0.0,0.0,-0.6427876096865395,0.0,12.0,0.0,0.0,987.3,0.0,0.0,8.4,0.0,0.0,-1.0,0.39435585511331855,0.0,0.0,-0.7660444431189779,0.0,0.0,0.0,0.0,3.6691657666926667,-0.8660254037844386,0.0,0.0,,True,1.2246467991473532e-16,0.0,0.0,0.0,0.0,0.0,0.9189578116202306,0.0,0.0,0.0,2026-10-02 12:00:00,0.0,4.5,0.0,0.0,0.0,230,18.251279707495428,-5.0,0.5000000000000001,0.0,0.0,0.0,0.0,0.0,30.3,Lampang,0.0,0.0,4.0,0.0,74,4.041071428571429,0.0,0.0,0.0,0.0,0.0,0.0,2026.0,0.0,0.0,0.0,0.0
0.0,0.0,0.0,0.0,0.0,0.0,-0.7071067811865477,0.0,12.0,0.0,0.0,985.8,0.0,0.0,8.4,0.0,0.0,-0.9659258262890683,0.39435585511331855,0.0,0.0,-0.7071067811865475,0.0,0.0,0.0,0.0,3.67972469015706,-0.8660254037844386,0.0,0.0,,True,-0.2588190451025208,0.0,0.0,0.0,0.0,0.0,0.9189578116202306,0.0,0.0,0.0,2026-10-02 13:00:00,0.0,3.6,0.0,0.0,0.0,225,18.251279707495428,-6.0,0.5000000000000001,0.0,0.0,0.0,0.0,0.0,31.2,Lampang,0.0,0.0,0.0,0.0,68,4.006547619047619,0.0,0.0,0.0,0.0,0.0,0.0,2026.0,0.0,0.0,0.0,0.0
0.0,0.0,0.0,0.0,0.0,0.0,-0.6819983600624986,0.0,12.0,0.0,0.0,984.5,0.0,0.0,9.1,0.0,0.0,-0.8660254037844388,0.39435585511331855,0.0,0.0,-0.7313537016191705,0.0,0.0,0.0,0.0,3.6909799483368833,-0.8660254037844386,0.0,0.0,,True,-0.4999999999999997,0.0,0.0,0.0,0.0,0.0,0.9189578116202306,0.0,0.0,0.0,2026-10-02 14:00:00,0.0,5.9,0.0,0.0,0.0,227,18.251279707495428,0.0,0.5000000000000001,0.0,0.0,0.0,0.0,0.0,31.1,Lampang,0.0,0.0,3.0,0.0,68,3.974404761904762,0.0,0.0,0.0,0.0,0.0,0.0,2026.0,0.0,0.0,0.0,0.0
0.0,0.0,0.0,0.0,0.0,0.0,-0.8987940462991669,0.0,12.0,0.1,0.0,983.7,0.0,0.0,9.7,0.0,0.0,-0.7071067811865479,0.39435585511331855,0.0,0.0,-0.43837114678907746,0.0,0.0,0.0,0.0,3.701921911138564,-0.8660254037844386,0.0,0.0,,True,-0.7071067811865471,0.0,0.0,0.0,0.0,0.0,0.9189578116202306,0.0,0.0,0.0,2026-10-02 15:00:00,0.0,6.6,0.0,0.0,0.0,206,18.251279707495428,1.0,0.5000000000000001,0.0,0.0,0.0,0.0,0.0,30.9,Lampang,0.0,0.0,6.0,0.0,69,3.9422619047619043,0.0,0.0,0.0,0.0,0.0,0.0,2026.0,0.09531017980432487,0.0,0.0,0.0
0.0,0.0,0.0,0.0,0.0,0.0,0.30901699437494745,0.0,12.0,2.3,0.0,983.9,0.0,0.0,9.6,0.0,0.0,-0.5000000000000004,0.39435585511331855,0.0,0.0,0.9510565162951535,0.0,0.0,0.0,0.0,3.7120433077629205,-0.8660254037844386,0.0,0.0,,True,-0.8660254037844384,0.0,0.0,0.0,0.0,0.0,0.9189578116202306,0.0,0.0,0.0,2026-10-02 16:00:00,0.0,4.2,0.0,0.0,0.0,72,18.251279707495428,12.0,0.5000000000000001,0.0,0.0,0.0,0.0,0.0,27.3,Lampang,0.0,0.0,18.0,0.0,81,3.9089285714285715,0.0,0.0,0.0,0.0,0.0,0.0,2026.0,1.1939224684724346,0.0,0.0,0.0
0.0,0.0,0.0,0.0,0.0,0.0,0.5591929034707468,0.0,12.0,0.3,0.0,984.2,0.0,0.0,9.5,0.0,0.0,-0.25881904510252063,0.39435585511331855,0.0,0.0,0.8290375725550417,0.0,0.0,0.0,0.0,3.720938791155848,-0.8660254037844386,0.0,0.0,,True,-0.9659258262890683,0.0,0.0,0.0,0.0,0.0,0.9189578116202306,0.0,0.0,0.0,2026-10-02 17:00:00,0.0,4.1,0.0,0.0,0.0,56,18.251279707495428,6.0,0.5000000000000001,0.0,0.0,0.0,0.0,0.0,26.7,Lampang,0.0,0.0,18.0,0.0,87,3.8738095238095234,0.0,0.0,0.0,0.0,0.0,0.0,2026.0,0.26236426446749106,0.0,0.0,0.0
0.0,0.0,0.0,0.0,0.0,0.0,0.7986355100472928,0.0,12.0,0.1,0.0,984.4,0.0,0.0,7.8,0.0,0.0,-1.8369701987210297e-16,0.39435585511331855,0.0,0.0,0.6018150231520483,0.0,0.0,0.0,0.0,3.7284229961940687,-0.8660254037844386,0.0,0.0,,True,-1.0,0.0,0.0,0.0,0.0,0.0,0.9189578116202306,0.0,0.0,0.0,2026-10-02 18:00:00,0.0,6.0,0.0,0.0,0.0,37,18.251279707495428,6.0,0.5000000000000001,0.0,0.0,0.0,0.0,0.0,26.0,Lampang,0.0,0.0,15.0,0.0,93,3.836904761904762,0.0,0.0,0.0,0.0,0.0,0.0,2026.0,0.09531017980432487,0.0,0.0,0.0
0.0,0.0,0.0,0.0,0.0,0.0,0.19080899537654492,0.0,12.0,0.0,0.0,985.4,0.0,0.0,8.8,0.0,0.0,0.2588190451025203,0.39435585511331855,0.0,0.0,0.981627183447664,0.0,0.0,0.0,0.0,3.735902023796381,-0.8660254037844386,0.0,0.0,,True,-0.9659258262890684,0.0,0.0,0.0,0.0,0.0,0.9189578116202306,0.0,0.0,0.0,2026-10-02 19:00:00,0.0,6.6,0.0,0.0,0.0,79,18.251279707495428,3.0,0.5000000000000001,0.0,0.0,0.0,0.0,0.0,25.4,Lampang,0.0,0.0,10.0,0.0,96,3.800595238095238,0.0,0.0,0.0,0.0,0.0,0.0,2026.0,0.0,0.0,0.0,0.0
0.0,0.0,0.0,0.0,0.0,0.0,0.30901699437494745,0.0,12.0,0.0,0.0,986.4,0.0,0.0,8.6,0.0,0.0,0.5000000000000001,0.39435585511331855,0.0,0.0,0.9510565162951535,0.0,0.0,0.0,0.0,3.7210741917609718,-0.8660254037844386,0.0,0.0,,True,-0.8660254037844386,0.0,0.0,0.0,0.0,0.0,0.9189578116202306,0.0,0.0,0.0,2026-10-02 20:00:00,0.0,4.0,0.0,0.0,0.0,72,18.251279707495428,1.0,0.5000000000000001,0.0,0.0,0.0,0.0,0.0,25.1,Lampang,0.0,0.0,8.0,0.0,97,3.744047619047619,0.0,0.0,0.0,0.0,0.0,0.0,2026.0,0.0,0.0,0.0,0.0
0.0,0.0,0.0,0.0,0.0,0.0,0.06975647374412523,0.0,12.0,0.0,0.0,987.3,0.0,0.0,9.0,0.0,0.0,0.7071067811865474,0.39435585511331855,0.0,0.0,0.9975640502598242,0.0,0.0,0.0,0.0,3.701457883323562,-0.8660254037844386,0.0,0.0,,True,-0.7071067811865477,0.0,0.0,0.0,0.0,0.0,0.9189578116202306,0.0,0.0,0.0,2026-10-02 21:00:00,0.0,2.3,0.0,0.0,0.0,86,18.251279707495428,1.0,0.5000000000000001,0.0,0.0,0.0,0.0,0.0,25.0,Lampang,0.0,0.0,6.0,0.0,98,3.6851190476190476,0.0,0.0,0.0,0.0,0.0,0.0,2026.0,0.0,0.0,0.0,0.0
0.0,0.0,0.0,0.0,0.0,0.0,0.5299192642332049,0.0,12.0,0.0,0.0,987.4,0.0,0.0,9.3,0.0,0.0,0.8660254037844384,0.39435585511331855,0.0,0.0,0.848048096156426,0.0,0.0,0.0,0.0,3.679770907462297,-0.8660254037844386,0.0,0.0,,True,-0.5000000000000004,0.0,0.0,0.0,0.0,0.0,0.9189578116202306,0.0,0.0,0.0,2026-10-02 22:00:00,0.0,2.3,0.0,0.0,0.0,58,18.251279707495428,1.0,0.5000000000000001,0.0,0.0,0.0,0.0,0.0,24.6,Lampang,0.0,0.0,6.0,0.0,99,3.6255952380952374,0.0,0.0,0.0,0.0,0.0,0.0,2026.0,0.0,0.0,0.0,0.0
0.0,0.0,0.0,0.0,0.0,0.0,0.5877852522924731,0.0,12.0,0.0,0.0,987.0,0.0,0.0,9.4,0.0,0.0,0.9659258262890681,0.39435585511331855,0.0,0.0,0.8090169943749475,0.0,0.0,0.0,0.0,3.6537698358825828,-0.8660254037844386,0.0,0.0,,True,-0.25881904510252157,0.0,0.0,0.0,0.0,0.0,0.9189578116202306,0.0,0.0,0.0,2026-10-02 23:00:00,0.0,3.3,0.0,0.0,0.0,54,18.251279707495428,0.0,0.5000000000000001,0.0,0.0,0.0,0.0,0.0,24.5,Lampang,0.0,0.0,3.0,0.0,99,3.564285714285714,0.0,0.0,0.0,0.0,0.0,0.0,2026.0,0.0,0.0,0.0,0.0
0.0,0.0,0.0,0.0,0.0,0.0,0.7313537016191705,0.0,12.0,0.0,0.0,986.5,0.0,0.0,9.6,0.0,0.0,1.0,0.5712682150947923,0.0,0.0,0.6819983600624985,0.0,0.0,0.0,0.0,3.625422017814786,-0.8660254037844386,0.0,0.0,,True,0.0,0.0,0.0,0.0,0.0,0.0,0.8207634412072763,0.0,0.0,0.0,2026-10-03 00:00:00,0.0,2.9,0.0,0.0,0.0,43,18.251279707495428,0.0,0.5000000000000001,0.0,0.0,0.0,0.0,0.0,24.2,Lampang,0.0,0.0,1.0,0.0,99,3.5023809523809524,0.0,0.0,0.0,0.0,0.0,0.0,2026.0,0.0,0.0,0.0,0.0
0.0,0.0,0.0,0.0,0.0,0.0,0.9205048534524404,0.0,12.0,0.0,0.0,985.9,0.0,0.0,10.1,0.0,0.0,0.9659258262890683,0.5712682150947923,0.0,0.0,0.39073112848927377,0.0,0.0,0.0,0.0,3.5957851996210866,-0.8660254037844386,0.0,0.0,,True,0.25881904510252074,0.0,0.0,0.0,0.0,0.0,0.8207634412072763,0.0,0.0,0.0,2026-10-03 01:00:00,0.0,2.3,0.0,0.0,0.0,23,18.251279707495428,1.0,0.5000000000000001,0.0,0.0,0.0,0.0,0.0,24.0,Lampang,0.0,0.0,1.0,0.0,100,3.4404761904761907,0.0,0.0,0.0,0.0,0.0,0.0,2026.0,0.0,0.0,0.0,0.0
0.0,0.0,0.0,0.0,0.0,0.0,0.6156614753256583,0.0,12.0,0.0,0.0,985.6,0.0,0.0,10.5,0.0,0.0,0.8660254037844387,0.5712682150947923,0.0,0.0,0.788010753606722,0.0,0.0,0.0,0.0,3.5704748230477885,-0.8660254037844386,0.0,0.0,,True,0.49999999999999994,0.0,0.0,0.0,0.0,0.0,0.8207634412072763,0.0,0.0,0.0,2026-10-03 02:00:00,0.0,2.1,0.0,0.0,0.0,52,18.251279707495428,-1.0,0.5000000000000001,0.0,0.0,0.0,0.0,0.0,23.9,Lampang,0.0,0.0,0.0,0.0,99,3.3815476190476192,0.0,0.0,0.0,0.0,0.0,0.0,2026.0,0.0,0.0,0.0,0.0
0.0,0.0,0.0,0.0,0.0,0.0,0.22495105434386492,0.0,12.0,0.0,0.0,985.4,0.0,0.0,10.4,0.0,0.0,0.7071067811865476,0.5712682150947923,0.0,0.0,0.9743700647852352,0.0,0.0,0.0,0.0,3.56558549796673,-0.8660254037844386,0.0,0.0,,True,0.7071067811865475,0.0,0.0,0.0,0.0,0.0,0.8207634412072763,0.0,0.0,0.0,2026-10-03 03:00:00,0.0,1.7,0.0,0.0,0.0,77,18.251279707495428,0.0,0.5000000000000001,0.0,0.0,0.0,0.0,0.0,23.9,Lampang,0.0,0.0,0.0,0.0,99,3.336904761904762,0.0,0.0,0.0,0.0,0.0,0.0,2026.0,0.0,0.0,0.0,0.0
0.0,0.0,0.0,0.0,0.0,0.0,0.4539904997395468,0.0,12.0,0.0,0.0,985.4,0.0,0.0,10.8,0.0,0.0,0.5000000000000001,0.5712682150947923,0.0,0.0,0.8910065241883678,0.0,0.0,0.0,0.0,3.568321217653797,-0.8660254037844386,0.0,0.0,,True,0.8660254037844386,0.0,0.0,0.0,0.0,0.0,0.8207634412072763,0.0,0.0,0.0,2026-10-03 04:00:00,0.0,0.8,0.0,0.0,0.0,63,18.251279707495428,0.0,0.5000000000000001,0.0,0.0,0.0,0.0,0.0,23.8,Lampang,0.0,0.0,0.0,0.0,99,3.300595238095238,0.0,0.0,0.0,0.0,0.0,0.0,2026.0,0.0,0.0,0.0,0.0
0.0,0.0,0.0,0.0,0.0,0.0,0.9743700647852352,0.0,12.0,0.0,0.0,985.7,0.0,0.0,11.4,0.0,0.0,0.25881904510252074,0.5712682150947923,0.0,0.0,0.224951054343865,0.0,0.0,0.0,0.0,3.574572227550777,-0.8660254037844386,0.0,0.0,,True,0.9659258262890683,0.0,0.0,0.0,0.0,0.0,0.8207634412072763,0.0,0.0,0.0,2026-10-03 05:00:00,0.0,1.7,0.0,0.0,0.0,13,18.251279707495428,-1.0,0.5000000000000001,0.0,0.0,0.0,0.0,0.0,24.1,Lampang,0.0,0.0,-1.0,0.0,98,3.270238095238095,0.0,0.0,0.0,0.0,0.0,0.0,2026.0,0.0,0.0,0.0,0.0
0.0,0.0,0.0,0.0,0.0,0.0,0.9876883405951378,0.0,12.0,0.0,0.0,986.3,0.0,0.0,11.3,0.0,0.0,6.123233995736766e-17,0.5712682150947923,0.0,0.0,0.15643446504023087,0.0,0.0,0.0,0.0,3.5823094170712264,-0.8660254037844386,0.0,0.0,,True,1.0,0.0,0.0,0.0,0.0,0.0,0.8207634412072763,0.0,0.0,0.0,2026-10-03 06:00:00,0.0,2.4,0.0,0.0,0.0,9,18.251279707495428,-1.0,0.5000000000000001,0.0,0.0,0.0,0.0,0.0,24.3,Lampang,0.0,0.0,-2.0,0.0,97,3.244047619047619,0.0,0.0,0.0,0.0,0.0,0.0,2026.0,0.0,0.0,0.0,0.0
0.0,0.0,0.0,0.0,0.0,0.0,1.0,0.0,12.0,0.0,0.0,987.2,0.0,0.0,11.0,0.0,0.0,-0.25881904510252063,0.5712682150947923,0.0,0.0,-2.4492935982947064e-16,0.0,0.0,0.0,0.0,3.5907145935756306,-0.8660254037844386,0.0,0.0,,True,0.9659258262890683,0.0,0.0,0.0,0.0,0.0,0.8207634412072763,0.0,0.0,0.0,2026-10-03 07:00:00,0.0,2.0,0.0,0.0,0.0,360,18.251279707495428,-3.0,0.5000000000000001,0.0,0.0,0.0,0.0,0.0,24.7,Lampang,0.0,0.0,-3.0,0.0,94,3.2214285714285715,0.0,0.0,0.0,0.0,0.0,0.0,2026.0,0.0,0.0,0.0,0.0
0.0,0.0,0.0,0.0,0.0,0.0,-1.8369701987210297e-16,0.0,12.0,0.1,0.0,988.0,0.0,0.0,10.0,0.0,0.0,-0.4999999999999998,0.5712682150947923,0.0,0.0,-1.0,0.0,0.0,0.0,0.0,3.592716712835122,-0.8660254037844386,0.0,0.0,,True,0.8660254037844387,0.0,0.0,0.0,0.0,0.0,0.8207634412072763,0.0,0.0,0.0,2026-10-03 08:00:00,0.0,1.6,0.0,0.0,0.0,270,18.251279707495428,-4.0,0.5000000000000001,0.0,0.0,0.0,0.0,0.0,25.6,Lampang,0.0,0.0,-1.0,0.0,90,3.2190476190476187,0.0,0.0,0.0,0.0,0.0,0.0,2026.0,0.09531017980432487,0.0,0.0,0.0
0.0,0.0,0.0,0.0,0.0,0.0,-0.42261826174069916,0.0,12.0,0.1,0.0,988.5,0.0,0.0,9.8,0.0,0.0,-0.7071067811865475,0.5712682150947923,0.0,0.0,-0.90630778703665,0.0,0.0,0.0,0.0,3.5982374255823752,-0.8660254037844386,0.0,0.0,,True,0.7071067811865476,0.0,0.0,0.0,0.0,0.0,0.8207634412072763,0.0,0.0,0.0,2026-10-03 09:00:00,0.0,3.8,0.0,0.0,0.0,245,18.251279707495428,-7.0,0.5000000000000001,0.0,0.0,0.0,0.0,0.0,27.0,Lampang,0.0,0.0,-2.0,0.0,83,3.2113095238095237,0.0,0.0,0.0,0.0,0.0,0.0,2026.0,0.09531017980432487,0.0,0.0,0.0
0.0,0.0,0.0,0.0,0.0,0.0,-0.788010753606722,0.0,12.0,0.0,0.0,988.4,0.0,0.0,9.3,0.0,0.0,-0.8660254037844387,0.5712682150947923,0.0,0.0,-0.6156614753256582,0.0,0.0,0.0,0.0,3.6046014444220114,-0.8660254037844386,0.0,0.0,,True,0.49999999999999994,0.0,0.0,0.0,0.0,0.0,0.8207634412072763,0.0,0.0,0.0,2026-10-03 10:00:00,0.0,3.0,0.0,0.0,0.0,218,18.251279707495428,-5.0,0.5000000000000001,0.0,0.0,0.0,0.0,0.0,27.9,Lampang,0.0,0.0,-4.0,0.0,78,3.2017857142857142,0.0,0.0,0.0,0.0,0.0,0.0,2026.0,0.0,0.0,0.0,0.0
0.0,0.0,0.0,0.0,0.0,0.0,-0.8571673007021123,0.0,12.0,0.0,0.0,987.7,0.0,0.0,0.0,0.0,0.0,-0.9659258262890682,0.5712682150947923,0.0,0.0,-0.5150380749100542,0.0,0.0,0.0,0.0,3.61065835291801,-0.8660254037844386,0.0,0.0,,True,0.258819045102521,0.0,0.0,0.0,0.0,0.0,0.8207634412072763,0.0,0.0,0.0,2026-10-03 11:00:00,0.0,3.1,0.0,0.0,0.0,211,18.251279707495428,-1.0,0.5000000000000001,0.0,0.0,0.0,0.0,0.0,29.2,Lampang,0.0,0.0,-2.0,0.0,77,3.1928571428571435,0.0,0.0,0.0,0.0,0.0,0.0,2026.0,0.0,0.0,0.0,0.0
0.0,0.0,0.0,0.0,0.0,0.0,-0.8090169943749476,0.0,12.0,0.1,0.0,986.4,0.0,0.0,0.0,0.0,0.0,-1.0,0.5712682150947923,0.0,0.0,-0.587785252292473,0.0,0.0,0.0,0.0,3.6172042121448267,-0.8660254037844386,0.0,0.0,,True,1.2246467991473532e-16,0.0,0.0,0.0,0.0,0.0,0.8207634412072763,0.0,0.0,0.0,2026-10-03 12:00:00,0.0,4.6,0.0,0.0,0.0,216,18.251279707495428,-1.0,0.5000000000000001,0.0,0.0,0.0,0.0,0.0,29.9,Lampang,0.0,0.0,2.0,0.0,76,3.1827380952380957,0.0,0.0,0.0,0.0,0.0,0.0,2026.0,0.09531017980432487,0.0,0.0,0.0
0.0,0.0,0.0,0.0,0.0,0.0,-0.5000000000000004,0.0,12.0,0.2,0.0,985.1,0.0,0.0,0.0,0.0,0.0,-0.9659258262890683,0.5712682150947923,0.0,0.0,-0.8660254037844384,0.0,0.0,0.0,0.0,3.6243612600913275,-0.8660254037844386,0.0,0.0,,True,-0.2588190451025208,0.0,0.0,0.0,0.0,0.0,0.8207634412072763,0.0,0.0,0.0,2026-10-03 13:00:00,0.0,5.8,0.0,0.0,0.0,240,18.251279707495428,-1.0,0.5000000000000001,0.0,0.0,0.0,0.0,0.0,29.9,Lampang,0.0,0.0,7.0,0.0,75,3.170833333333333,0.0,0.0,0.0,0.0,0.0,0.0,2026.0,0.18232155679395462,0.0,0.0,0.0
0.0,0.0,0.0,0.0,0.0,0.0,0.5877852522924729,0.0,12.0,2.8,0.0,983.6,0.0,0.0,0.0,0.0,0.0,-0.8660254037844388,0.5712682150947923,0.0,0.0,-0.8090169943749476,0.0,0.0,0.0,0.0,3.6320930585308058,-0.8660254037844386,0.0,0.0,,True,-0.4999999999999997,0.0,0.0,0.0,0.0,0.0,0.8207634412072763,0.0,0.0,0.0,2026-10-03 14:00:00,0.0,2.4,0.0,0.0,0.0,306,18.251279707495428,8.0,0.5000000000000001,0.0,0.0,0.0,0.0,0.0,28.3,Lampang,0.0,0.0,15.0,0.0,83,3.1565476190476187,0.0,0.0,0.0,0.0,0.0,0.0,2026.0,1.33500106673234,0.0,0.0,0.0
0.0,0.0,0.0,0.0,0.0,0.0,-1.0,0.0,12.0,0.4,0.0,982.8,0.0,0.0,0.0,0.0,0.0,-0.7071067811865479,0.5712682150947923,0.0,0.0,1.2246467991473532e-16,0.0,0.0,0.0,0.0,3.6398655238546973,-0.8660254037844386,0.0,0.0,,True,-0.7071067811865471,0.0,0.0,0.0,0.0,0.0,0.8207634412072763,0.0,0.0,0.0,2026-10-03 15:00:00,0.0,4.9,0.0,0.0,0.0,180,18.251279707495428,-3.0,0.5000000000000001,0.0,0.0,0.0,0.0,0.0,28.8,Lampang,0.0,0.0,11.0,0.0,80,3.1416666666666666,0.0,0.0,0.0,0.0,0.0,0.0,2026.0,0.33647223662121295,0.0,0.0,0.0
0.0,0.0,0.0,0.0,0.0,0.0,-0.9781476007338056,0.0,12.0,0.2,0.0,982.7,0.0,0.0,0.0,0.0,0.0,-0.5000000000000004,0.5712682150947923,0.0,0.0,-0.2079116908177595,0.0,0.0,0.0,0.0,3.6477324499809454,-0.8660254037844386,0.0,0.0,,True,-0.8660254037844384,0.0,0.0,0.0,0.0,0.0,0.8207634412072763,0.0,0.0,0.0,2026-10-03 16:00:00,0.0,6.2,0.0,0.0,0.0,192,18.251279707495428,3.0,0.5000000000000001,0.0,0.0,0.0,0.0,0.0,28.2,Lampang,0.0,0.0,2.0,0.0,83,3.1255952380952383,0.0,0.0,0.0,0.0,0.0,0.0,2026.0,0.18232155679395462,0.0,0.0,0.0
0.0,0.0,0.0,0.0,0.0,0.0,-0.8660254037844386,0.0,12.0,0.5,0.0,982.5,0.0,0.0,0.0,0.0,0.0,-0.25881904510252063,0.5712682150947923,0.0,0.0,-0.5000000000000001,0.0,0.0,0.0,0.0,3.6556123952255914,-0.8660254037844386,0.0,0.0,,True,-0.9659258262890683,0.0,0.0,0.0,0.0,0.0,0.8207634412072763,0.0,0.0,0.0,2026-10-03 17:00:00,0.0,6.9,0.0,0.0,0.0,210,18.251279707495428,3.0,0.5000000000000001,0.0,0.0,0.0,0.0,0.0,27.5,Lampang,0.0,0.0,-1.0,0.0,86,3.1083333333333334,0.0,0.0,0.0,0.0,0.0,0.0,2026.0,0.4054651081081644,0.0,0.0,0.0
0.0,0.0,0.0,0.0,0.0,0.0,-0.8290375725550418,0.0,12.0,0.0,0.0,983.2,0.0,0.0,0.0,0.0,0.0,-1.8369701987210297e-16,0.5712682150947923,0.0,0.0,-0.5591929034707467,0.0,0.0,0.0,0.0,3.6633940540021026,-0.8660254037844386,0.0,0.0,,True,-1.0,0.0,0.0,0.0,0.0,0.0,0.8207634412072763,0.0,0.0,0.0,2026-10-03 18:00:00,0.0,8.0,0.0,0.0,0.0,214,18.251279707495428,4.0,0.5000000000000001,0.0,0.0,0.0,0.0,0.0,26.6,Lampang,0.0,0.0,-3.0,0.0,90,3.0910714285714285,0.0,0.0,0.0,0.0,0.0,0.0,2026.0,0.0,0.0,0.0,0.0
0.0,0.0,0.0,0.0,0.0,0.0,-0.8191520442889918,0.0,12.0,0.0,0.0,984.1,0.0,0.0,0.0,0.0,0.0,0.2588190451025203,0.5712682150947923,0.0,0.0,-0.5735764363510462,0.0,0.0,0.0,0.0,3.6711017935607297,-0.8660254037844386,0.0,0.0,,True,-0.9659258262890684,0.0,0.0,0.0,0.0,0.0,0.8207634412072763,0.0,0.0,0.0,2026-10-03 19:00:00,0.0,5.0,0.0,0.0,0.0,215,18.251279707495428,4.0,0.5000000000000001,0.0,0.0,0.0,0.0,0.0,25.8,Lampang,0.0,0.0,-2.0,0.0,94,3.072619047619048,0.0,0.0,0.0,0.0,0.0,0.0,2026.0,0.0,0.0,0.0,0.0
0.0,0.0,0.0,0.0,0.0,0.0,-0.7071067811865477,0.0,12.0,0.0,0.0,985.0,0.0,0.0,0.0,0.0,0.0,0.5000000000000001,0.5712682150947923,0.0,0.0,-0.7071067811865475,0.0,0.0,0.0,0.0,3.6187819059723947,-0.8660254037844386,0.0,0.0,,True,-0.8660254037844386,0.0,0.0,0.0,0.0,0.0,0.8207634412072763,0.0,0.0,0.0,2026-10-03 20:00:00,0.0,3.8,0.0,0.0,0.0,225,18.251279707495428,2.0,0.5000000000000001,0.0,0.0,0.0,0.0,0.0,25.4,Lampang,0.0,0.0,-1.0,0.0,96,3.0035714285714286,0.0,0.0,0.0,0.0,0.0,0.0,2026.0,0.0,0.0,0.0,0.0
0.0,0.0,0.0,0.0,0.0,0.0,-0.3907311284892738,0.0,11.7,0.0,0.0,985.9,0.0,0.0,0.0,0.0,0.0,0.7071067811865474,0.5712682150947923,0.0,0.0,-0.9205048534524403,0.0,0.0,0.0,0.0,3.558429318911235,-0.8660254037844386,0.0,0.0,,True,-0.7071067811865477,0.0,0.0,0.0,0.0,0.0,0.8207634412072763,0.0,0.0,0.0,2026-10-03 21:00:00,0.0,2.3,0.0,0.0,0.0,247,18.251279707495428,0.0,0.5000000000000001,0.0,0.0,0.0,0.0,0.0,25.2,Lampang,0.0,0.0,-2.0,0.0,96,2.9321428571428574,0.0,0.0,0.0,0.0,0.0,0.0,2026.0,0.0,0.0,0.0,0.0
0.0,0.0,0.0,0.0,0.0,0.0,0.22495105434386492,0.0,11.4,0.0,0.0,986.4,0.0,0.0,0.0,0.0,0.0,0.8660254037844384,0.5712682150947923,0.0,0.0,-0.9743700647852352,0.0,0.0,0.0,0.0,3.5001647495238744,-0.8660254037844386,0.0,0.0,,True,-0.5000000000000004,0.0,0.0,0.0,0.0,0.0,0.8207634412072763,0.0,0.0,0.0,2026-10-03 22:00:00,0.0,1.7,0.0,0.0,0.0,283,18.251279707495428,1.0,0.5000000000000001,0.0,0.0,0.0,0.0,0.0,25.0,Lampang,0.0,0.0,-2.0,0.0,97,2.8625,0.0,0.0,0.0,0.0,0.0,0.0,2026.0,0.0,0.0,0.0,0.0
0.0,0.0,0.0,0.0,0.0,0.0,0.45399049973954664,0.0,11.4,0.0,0.0,986.1,0.0,0.0,0.0,0.0,0.0,0.9659258262890681,0.5712682150947923,0.0,0.0,-0.891006524188368,0.0,0.0,0.0,0.0,3.454017469267423,-0.8660254037844386,0.0,0.0,,True,-0.25881904510252157,0.0,0.0,0.0,0.0,0.0,0.8207634412072763,0.0,0.0,0.0,2026-10-03 23:00:00,0.0,1.2,0.0,0.0,0.0,297,18.251279707495428,1.0,0.5000000000000001,0.0,0.0,0.0,0.0,0.0,24.7,Lampang,0.0,0.0,-1.0,0.0,98,2.798809523809524,0.0,0.0,0.0,0.0,0.0,0.0,2026.0,0.0,0.0,0.0,0.0
0.0,0.0,0.0,0.0,0.0,0.0,0.559192903470747,0.0,11.4,0.0,0.0,985.3,0.0,0.0,0.0,0.0,0.0,1.0,0.7247927872291199,0.0,0.0,-0.8290375725550416,0.0,0.0,0.0,0.0,3.428189411174489,-0.8660254037844386,0.0,0.0,,True,0.0,0.0,0.0,0.0,0.0,0.0,0.6889669190756866,0.0,0.0,0.0,2026-10-04 00:00:00,0.0,0.6,0.0,0.0,0.0,304,18.251279707495428,1.0,0.5000000000000001,0.0,0.0,0.0,0.0,0.0,24.4,Lampang,0.0,0.0,0.0,0.0,99,2.7458333333333336,0.0,0.0,0.0,0.0,0.0,0.0,2026.0,0.0,0.0,0.0,0.0
0.0,0.0,0.0,0.0,0.0,0.0,-0.7071067811865475,0.0,11.4,0.0,0.0,984.7,0.0,0.0,0.0,0.0,0.0,0.9659258262890683,0.7247927872291199,0.0,0.0,0.7071067811865476,0.0,0.0,0.0,0.0,3.4194960907623844,-0.8660254037844386,0.0,0.0,,True,0.25881904510252074,0.0,0.0,0.0,0.0,0.0,0.6889669190756866,0.0,0.0,0.0,2026-10-04 01:00:00,0.0,0.3,0.0,0.0,0.0,135,18.251279707495428,1.0,0.5000000000000001,0.0,0.0,0.0,0.0,0.0,24.1,Lampang,0.0,0.0,0.0,0.0,100,2.704761904761905,0.0,0.0,0.0,0.0,0.0,0.0,2026.0,0.0,0.0,0.0,0.0
0.0,0.0,0.0,0.0,0.0,0.0,-0.6427876096865394,0.0,11.4,0.0,0.0,984.2,0.0,0.0,0.0,0.0,0.0,0.8660254037844387,0.7247927872291199,0.0,0.0,0.766044443118978,0.0,0.0,0.0,0.0,3.421922289327303,-0.8660254037844386,0.0,0.0,,True,0.49999999999999994,0.0,0.0,0.0,0.0,0.0,0.6889669190756866,0.0,0.0,0.0,2026-10-04 02:00:00,0.0,1.4,0.0,0.0,0.0,130,18.251279707495428,0.0,0.5000000000000001,0.0,0.0,0.0,0.0,0.0,24.0,Lampang,0.0,0.0,1.0,0.0,100,2.6761904761904765,0.0,0.0,0.0,0.0,0.0,0.0,2026.0,0.0,0.0,0.0,0.0
0.0,0.0,0.0,0.0,0.0,0.0,-0.6691306063588582,0.0,11.4,0.0,0.0,984.0,0.0,0.0,0.0,0.0,0.0,0.7071067811865476,0.7247927872291199,0.0,0.0,0.7431448254773942,0.0,0.0,0.0,0.0,3.427751586420553,-0.8660254037844386,0.0,0.0,,True,0.7071067811865475,0.0,0.0,0.0,0.0,0.0,0.6889669190756866,0.0,0.0,0.0,2026-10-04 03:00:00,0.0,2.7,0.0,0.0,0.0,132,18.251279707495428,0.0,0.5000000000000001,0.0,0.0,0.0,0.0,0.0,23.9,Lampang,0.0,0.0,1.0,0.0,100,2.656547619047619,0.0,0.0,0.0,0.0,0.0,0.0,2026.0,0.0,0.0,0.0,0.0
0.0,0.0,0.0,0.0,0.0,0.0,-0.754709580222772,0.0,11.4,0.0,0.0,984.0,0.0,0.0,0.0,0.0,0.0,0.5000000000000001,0.7247927872291199,0.0,0.0,0.6560590289905073,0.0,0.0,0.0,0.0,3.4338201804617015,-0.8660254037844386,0.0,0.0,,True,0.8660254037844386,0.0,0.0,0.0,0.0,0.0,0.6889669190756866,0.0,0.0,0.0,2026-10-04 04:00:00,0.0,3.3,0.0,0.0,0.0,139,18.251279707495428,-1.0,0.5000000000000001,0.0,0.0,0.0,0.0,0.0,23.9,Lampang,0.0,0.0,0.0,0.0,99,2.6416666666666666,0.0,0.0,0.0,0.0,0.0,0.0,2026.0,0.0,0.0,0.0,0.0
0.0,0.0,0.0,0.0,0.0,0.0,-0.9612616959383189,0.0,11.4,0.0,0.0,984.3,0.0,0.0,0.0,0.0,0.0,0.25881904510252074,0.7247927872291199,0.0,0.0,0.2756373558169992,0.0,0.0,0.0,0.0,3.4395866682513905,-0.8660254037844386,0.0,0.0,,True,0.9659258262890683,0.0,0.0,0.0,0.0,0.0,0.6889669190756866,0.0,0.0,0.0,2026-10-04 05:00:00,0.0,3.2,0.0,0.0,0.0,164,18.251279707495428,0.0,0.5000000000000001,0.0,0.0,0.0,0.0,0.0,23.9,Lampang,0.0,0.0,1.0,0.0,99,2.629166666666667,0.0,0.0,0.0,0.0,0.0,0.0,2026.0,0.0,0.0,0.0,0.0
0.0,0.0,0.0,0.0,0.0,0.0,-0.9455185755993167,0.0,11.4,0.0,0.0,984.9,0.0,0.0,0.0,0.0,0.0,6.123233995736766e-17,0.7247927872291199,0.0,0.0,-0.32556815445715676,0.0,0.0,0.0,0.0,3.4452001984785112,-0.8660254037844386,0.0,0.0,,True,1.0,0.0,0.0,0.0,0.0,0.0,0.6889669190756866,0.0,0.0,0.0,2026-10-04 06:00:00,0.0,3.8,0.0,0.0,0.0,199,18.251279707495428,-2.0,0.5000000000000001,0.0,0.0,0.0,0.0,0.0,24.1,Lampang,0.0,0.0,0.0,0.0,97,2.617261904761905,0.0,0.0,0.0,0.0,0.0,0.0,2026.0,0.0,0.0,0.0,0.0
0.0,0.0,0.0,0.0,0.0,0.0,-0.8090169943749476,0.0,11.4,0.0,0.0,985.5,0.0,0.0,0.0,0.0,0.0,-0.25881904510252063,0.7247927872291199,0.0,0.0,-0.587785252292473,0.0,0.0,0.0,0.0,3.4507635271151265,-0.8660254037844386,0.0,0.0,,True,0.9659258262890683,0.0,0.0,0.0,0.0,0.0,0.6889669190756866,0.0,0.0,0.0,2026-10-04 07:00:00,0.0,5.1,0.0,0.0,0.0,216,18.251279707495428,-2.0,0.5000000000000001,0.0,0.0,0.0,0.0,0.0,24.5,Lampang,0.0,0.0,1.0,0.0,95,2.6053571428571427,0.0,0.0,0.0,0.0,0.0,0.0,2026.0,0.0,0.0,0.0,0.0
0.0,0.0,0.0,0.0,0.0,0.0,-0.7313537016191706,0.0,11.4,0.1,0.0,986.0,0.0,0.0,0.0,0.0,0.0,-0.4999999999999998,0.7247927872291199,0.0,0.0,-0.6819983600624984,0.0,0.0,0.0,0.0,3.4541038393964554,-0.8660254037844386,0.0,0.0,,True,0.8660254037844387,0.0,0.0,0.0,0.0,0.0,0.6889669190756866,0.0,0.0,0.0,2026-10-04 08:00:00,0.0,6.4,0.0,0.0,0.0,223,18.251279707495428,-5.0,0.5000000000000001,0.0,0.0,0.0,0.0,0.0,25.4,Lampang,0.0,0.0,0.0,0.0,90,2.6,0.0,0.0,0.0,0.0,0.0,0.0,2026.0,0.09531017980432487,0.0,0.0,0.0
0.0,0.0,0.0,0.0,0.0,0.0,-0.7071067811865477,0.0,11.4,0.1,0.0,986.7,0.0,0.0,0.0,0.0,0.0,-0.7071067811865475,0.7247927872291199,0.0,0.0,-0.7071067811865475,0.0,0.0,0.0,0.0,3.459483611259918,-0.8660254037844386,0.0,0.0,,True,0.7071067811865476,0.0,0.0,0.0,0.0,0.0,0.6889669190756866,0.0,0.0,0.0,2026-10-04 09:00:00,0.0,7.6,0.0,0.0,0.0,225,18.251279707495428,-5.0,0.5000000000000001,0.0,0.0,0.0,0.0,0.0,26.6,Lampang,0.0,0.0,2.0,0.0,85,2.588690476190476,0.0,0.0,0.0,0.0,0.0,0.0,2026.0,0.09531017980432487,0.0,0.0,0.0
0.0,0.0,0.0,0.0,0.0,0.0,-0.7071067811865477,0.0,11.4,0.1,0.0,986.8,0.0,0.0,0.0,0.0,0.0,-0.8660254037844387,0.7247927872291199,0.0,0.0,-0.7071067811865475,0.0,0.0,0.0,0.0,3.465165521973114,-0.8660254037844386,0.0,0.0,,True,0.49999999999999994,0.0,0.0,0.0,0.0,0.0,0.6889669190756866,0.0,0.0,0.0,2026-10-04 10:00:00,0.0,7.9,0.0,0.0,0.0,225,18.251279707495428,-4.0,0.5000000000000001,0.0,0.0,0.0,0.0,0.0,27.7,Lampang,0.0,0.0,3.0,0.0,81,2.5720238095238095,0.0,0.0,0.0,0.0,0.0,0.0,2026.0,0.09531017980432487,0.0,0.0,0.0
0.0,0.0,0.0,0.0,0.0,0.0,-0.788010753606722,0.0,11.4,0.1,0.0,986.1,0.0,0.0,0.0,0.0,0.0,-0.9659258262890682,0.7247927872291199,0.0,0.0,-0.6156614753256582,0.0,0.0,0.0,0.0,3.4701957748787597,-0.8660254037844386,0.0,0.0,,True,0.258819045102521,0.0,0.0,0.0,0.0,0.0,0.6889669190756866,0.0,0.0,0.0,2026-10-04 11:00:00,0.0,7.1,0.0,0.0,0.0,218,18.251279707495428,-5.0,0.5000000000000001,0.0,0.0,0.0,0.0,0.0,28.8,Lampang,0.0,0.0,-1.0,0.0,76,2.5517857142857143,0.0,0.0,0.0,0.0,0.0,0.0,2026.0,0.09531017980432487,0.0,0.0,0.0
0.0,0.0,0.0,0.0,0.0,0.0,-0.9271838545667874,0.0,11.4,0.1,0.0,985.1,0.0,0.0,0.0,0.0,0.0,-1.0,0.7247927872291199,0.0,0.0,-0.374606593415912,0.0,0.0,0.0,0.0,3.473898002642916,-0.8660254037844386,0.0,0.0,,True,1.2246467991473532e-16,0.0,0.0,0.0,0.0,0.0,0.6889669190756866,0.0,0.0,0.0,2026-10-04 12:00:00,0.0,5.6,0.0,0.0,0.0,202,18.251279707495428,-4.0,0.5000000000000001,0.0,0.0,0.0,0.0,0.0,29.8,Lampang,0.0,0.0,-4.0,0.0,72,2.5279761904761906,0.0,0.0,0.0,0.0,0.0,0.0,2026.0,0.09531017980432487,0.0,0.0,0.0
0.0,0.0,0.0,0.0,0.0,0.0,-0.9743700647852352,0.0,11.4,0.1,0.0,983.9,0.0,0.0,0.0,0.0,0.0,-0.9659258262890683,0.7247927872291199,0.0,0.0,-0.22495105434386498,0.0,0.0,0.0,0.0,3.4759374907942893,-0.8660254037844386,0.0,0.0,,True,-0.2588190451025208,0.0,0.0,0.0,0.0,0.0,0.6889669190756866,0.0,0.0,0.0,2026-10-04 13:00:00,0.0,3.9,0.0,0.0,0.0,193,18.251279707495428,-2.0,0.5000000000000001,0.0,0.0,0.0,0.0,0.0,30.4,Lampang,0.0,0.0,-5.0,0.0,70,2.5011904761904757,0.0,0.0,0.0,0.0,0.0,0.0,2026.0,0.09531017980432487,0.0,0.0,0.0
0.0,0.0,0.0,0.0,0.0,0.0,-0.10452846326765336,0.0,11.4,0.2,0.0,982.9,0.0,0.0,0.0,0.0,0.0,-0.8660254037844388,0.7247927872291199,0.0,0.0,-0.9945218953682734,0.0,0.0,0.0,0.0,3.4777694860459865,-0.8660254037844386,0.0,0.0,,True,-0.4999999999999997,0.0,0.0,0.0,0.0,0.0,0.6889669190756866,0.0,0.0,0.0,2026-10-04 14:00:00,0.0,1.6,0.0,0.0,0.0,264,18.251279707495428,1.0,0.5000000000000001,0.0,0.0,0.0,0.0,0.0,30.3,Lampang,0.0,0.0,-12.0,0.0,71,2.4744047619047618,0.0,0.0,0.0,0.0,0.0,0.0,2026.0,0.18232155679395462,0.0,0.0,0.0
0.0,0.0,0.0,0.0,0.0,0.0,0.8090169943749473,0.0,11.4,0.2,0.0,981.8,0.0,0.0,0.0,0.0,0.0,-0.7071067811865479,0.7247927872291199,0.0,0.0,-0.5877852522924734,0.0,0.0,0.0,0.0,3.4786575964686994,-0.8660254037844386,0.0,0.0,,True,-0.7071067811865471,0.0,0.0,0.0,0.0,0.0,0.6889669190756866,0.0,0.0,0.0,2026-10-04 15:00:00,0.0,5.5,0.0,0.0,0.0,324,18.251279707495428,2.0,0.5000000000000001,0.0,0.0,0.0,0.0,0.0,29.7,Lampang,0.0,0.0,-7.0,0.0,73,2.4464285714285716,0.0,0.0,0.0,0.0,0.0,0.0,2026.0,0.18232155679395462,0.0,0.0,0.0
0.0,0.0,0.0,0.0,0.0,0.0,0.838670567945424,0.0,11.4,0.2,0.0,981.4,0.0,0.0,0.0,0.0,0.0,-0.5000000000000004,0.7247927872291199,0.0,0.0,-0.544639035015027,0.0,0.0,0.0,0.0,3.478505375256967,-0.8660254037844386,0.0,0.0,,True,-0.8660254037844384,0.0,0.0,0.0,0.0,0.0,0.6889669190756866,0.0,0.0,0.0,2026-10-04 16:00:00,0.0,8.3,0.0,0.0,0.0,327,18.251279707495428,3.0,0.5000000000000001,0.0,0.0,0.0,0.0,0.0,29.0,Lampang,0.0,0.0,-7.0,0.0,76,2.4172619047619044,0.0,0.0,0.0,0.0,0.0,0.0,2026.0,0.18232155679395462,0.0,0.0,0.0
0.0,0.0,0.0,0.0,0.0,0.0,0.6946583704589973,0.0,11.4,0.1,0.0,981.8,0.0,0.0,0.0,0.0,0.0,-0.25881904510252063,0.7247927872291199,0.0,0.0,-0.7193398003386512,0.0,0.0,0.0,0.0,3.4785298207315716,-0.8660254037844386,0.0,0.0,,True,-0.9659258262890683,0.0,0.0,0.0,0.0,0.0,0.6889669190756866,0.0,0.0,0.0,2026-10-04 17:00:00,0.0,7.5,0.0,0.0,0.0,314,18.251279707495428,5.0,0.5000000000000001,0.0,0.0,0.0,0.0,0.0,28.0,Lampang,0.0,0.0,-5.0,0.0,81,2.388690476190476,0.0,0.0,0.0,0.0,0.0,0.0,2026.0,0.09531017980432487,0.0,0.0,0.0
0.0,0.0,0.0,0.0,0.0,0.0,0.22495105434386492,0.0,11.4,0.1,0.0,982.7,0.0,0.0,0.0,0.0,0.0,-1.8369701987210297e-16,0.7247927872291199,0.0,0.0,-0.9743700647852352,0.0,0.0,0.0,0.0,3.479494515898509,-0.8660254037844386,0.0,0.0,,True,-1.0,0.0,0.0,0.0,0.0,0.0,0.6889669190756866,0.0,0.0,0.0,2026-10-04 18:00:00,0.0,6.3,0.0,0.0,0.0,283,18.251279707495428,6.0,0.5000000000000001,0.0,0.0,0.0,0.0,0.0,26.9,Lampang,0.0,0.0,-3.0,0.0,87,2.3619047619047615,0.0,0.0,0.0,0.0,0.0,0.0,2026.0,0.09531017980432487,0.0,0.0,0.0
0.0,0.0,0.0,0.0,0.0,0.0,-0.2079116908177598,0.0,11.4,0.1,0.0,983.6,0.0,0.0,0.0,0.0,0.0,0.2588190451025203,0.7247927872291199,0.0,0.0,-0.9781476007338056,0.0,0.0,0.0,0.0,3.48188867611164,-0.8660254037844386,0.0,0.0,,True,-0.9659258262890684,0.0,0.0,0.0,0.0,0.0,0.6889669190756866,0.0,0.0,0.0,2026-10-04 19:00:00,0.0,6.1,0.0,0.0,0.0,258,18.251279707495428,6.0,0.5000000000000001,0.0,0.0,0.0,0.0,0.0,26.0,Lampang,0.0,0.0,-1.0,0.0,93,2.338095238095238,0.0,0.0,0.0,0.0,0.0,0.0,2026.0,0.09531017980432487,0.0,0.0,0.0
0.0,0.0,0.0,0.0,0.0,0.0,-0.30901699437494756,0.0,11.4,0.0,0.0,984.5,0.0,0.0,0.0,0.0,0.0,0.5000000000000001,0.7247927872291199,0.0,0.0,-0.9510565162951535,0.0,0.0,0.0,0.0,3.476731397493551,-0.8660254037844386,0.0,0.0,,True,-0.8660254037844386,0.0,0.0,0.0,0.0,0.0,0.6889669190756866,0.0,0.0,0.0,2026-10-04 20:00:00,0.0,4.2,0.0,0.0,0.0,252,18.251279707495428,2.0,0.5000000000000001,0.0,0.0,0.0,0.0,0.0,25.6,Lampang,0.0,0.0,-1.0,0.0,95,2.3041666666666663,0.0,0.0,0.0,0.0,0.0,0.0,2026.0,0.0,0.0,0.0,0.0
0.0,0.0,0.0,0.0,0.0,0.0,-0.1908089953765446,0.0,11.4,0.0,0.0,985.4,0.0,0.0,0.0,0.0,0.0,0.7071067811865474,0.7247927872291199,0.0,0.0,-0.981627183447664,0.0,0.0,0.0,0.0,3.4744516198900968,-0.8660254037844386,0.0,0.0,,True,-0.7071067811865477,0.0,0.0,0.0,0.0,0.0,0.6889669190756866,0.0,0.0,0.0,2026-10-04 21:00:00,0.0,0.9,0.0,0.0,0.0,259,18.251279707495428,1.0,0.5000000000000001,0.0,0.0,0.0,0.0,0.0,25.4,Lampang,0.0,0.0,0.0,0.0,96,2.2738095238095237,0.0,0.0,0.0,0.0,0.0,0.0,2026.0,0.0,0.0,0.0,0.0
0.0,0.0,0.0,0.0,0.0,0.0,0.5299192642332049,0.0,11.4,0.0,0.0,986.0,0.0,0.0,0.0,0.0,0.0,0.8660254037844384,0.7247927872291199,0.0,0.0,0.848048096156426,0.0,0.0,0.0,0.0,3.473725428581626,-0.8660254037844386,0.0,0.0,,True,-0.5000000000000004,0.0,0.0,0.0,0.0,0.0,0.6889669190756866,0.0,0.0,0.0,2026-10-04 22:00:00,0.0,1.7,0.0,0.0,0.0,58,18.251279707495428,0.0,0.5000000000000001,0.0,0.0,0.0,0.0,0.0,25.2,Lampang,0.0,0.0,-1.0,0.0,96,2.245833333333333,0.0,0.0,0.0,0.0,0.0,0.0,2026.0,0.0,0.0,0.0,0.0
0.0,0.0,0.0,0.0,0.0,0.0,0.5000000000000001,0.0,11.4,0.0,0.0,985.7,0.0,0.0,0.0,0.0,0.0,0.9659258262890681,0.7247927872291199,0.0,0.0,0.8660254037844386,0.0,0.0,0.0,0.0,3.473190516913814,-0.8660254037844386,0.0,0.0,,True,-0.25881904510252157,0.0,0.0,0.0,0.0,0.0,0.6889669190756866,0.0,0.0,0.0,2026-10-04 23:00:00,0.0,2.5,0.0,0.0,0.0,60,18.251279707495428,1.0,0.5000000000000001,0.0,0.0,0.0,0.0,0.0,24.9,Lampang,0.0,0.0,-1.0,0.0,97,2.218452380952381,0.0,0.0,0.0,0.0,0.0,0.0,2026.0,0.0,0.0,0.0,0.0
0.0,0.0,0.0,0.0,0.0,0.0,0.5591929034707468,0.0,11.4,0.0,0.0,984.9,0.0,0.0,0.0,0.0,0.0,1.0,0.8486442574947509,0.0,0.0,0.8290375725550417,0.0,0.0,0.0,0.0,3.472439624713281,-0.8660254037844386,0.0,0.0,,True,0.0,0.0,0.0,0.0,0.0,0.0,0.5289640103269624,0.0,0.0,0.0,2026-10-05 00:00:00,0.0,2.6,0.0,0.0,0.0,56,18.251279707495428,1.0,0.5000000000000001,0.0,0.0,0.0,0.0,0.0,24.4,Lampang,0.0,0.0,-1.0,0.0,98,2.1910714285714286,0.0,0.0,0.0,0.0,0.0,0.0,2026.0,0.0,0.0,0.0,0.0
0.0,0.0,0.0,0.0,0.0,0.0,0.6018150231520484,0.0,11.4,0.0,0.0,984.3,0.0,0.0,0.0,0.0,0.0,0.9659258262890683,0.8486442574947509,0.0,0.0,0.7986355100472928,0.0,0.0,0.0,0.0,3.4714726118278976,-0.8660254037844386,0.0,0.0,,True,0.25881904510252074,0.0,0.0,0.0,0.0,0.0,0.5289640103269624,0.0,0.0,0.0,2026-10-05 01:00:00,0.0,2.7,0.0,0.0,0.0,53,18.251279707495428,1.0,0.5000000000000001,0.0,0.0,0.0,0.0,0.0,24.1,Lampang,0.0,0.0,-1.0,0.0,99,2.1636904761904763,0.0,0.0,0.0,0.0,0.0,0.0,2026.0,0.0,0.0,0.0,0.0
0.0,0.0,0.0,0.0,0.0,0.0,0.5150380749100542,0.0,11.4,0.0,0.0,984.0,0.0,0.0,0.0,0.0,0.0,0.8660254037844387,0.8486442574947509,0.0,0.0,0.8571673007021123,0.0,0.0,0.0,0.0,3.4707032278331735,-0.8660254037844386,0.0,0.0,,True,0.49999999999999994,0.0,0.0,0.0,0.0,0.0,0.5289640103269624,0.0,0.0,0.0,2026-10-05 02:00:00,0.0,3.1,0.0,0.0,0.0,59,18.251279707495428,0.0,0.5000000000000001,0.0,0.0,0.0,0.0,0.0,24.0,Lampang,0.0,0.0,-1.0,0.0,99,2.136904761904762,0.0,0.0,0.0,0.0,0.0,0.0,2026.0,0.0,0.0,0.0,0.0
0.0,0.0,0.0,0.0,0.0,0.0,0.4539904997395468,0.0,11.4,0.0,0.0,983.9,0.0,0.0,0.0,0.0,0.0,0.7071067811865476,0.8486442574947509,0.0,0.0,0.8910065241883678,0.0,0.0,0.0,0.0,3.470879014570638,-0.8660254037844386,0.0,0.0,,True,0.7071067811865475,0.0,0.0,0.0,0.0,0.0,0.5289640103269624,0.0,0.0,0.0,2026-10-05 03:00:00,0.0,3.6,0.0,0.0,0.0,63,18.251279707495428,-1.0,0.5000000000000001,0.0,0.0,0.0,0.0,0.0,23.9,Lampang,0.0,0.0,-2.0,0.0,98,2.111904761904762,0.0,0.0,0.0,0.0,0.0,0.0,2026.0,0.0,0.0,0.0,0.0
0.0,0.0,0.0,0.0,0.0,0.0,0.3420201433256688,0.0,11.4,0.0,0.0,983.9,0.0,0.0,0.0,0.0,0.0,0.5000000000000001,0.8486442574947509,0.0,0.0,0.9396926207859083,0.0,0.0,0.0,0.0,3.4715649264486976,-0.8660254037844386,0.0,0.0,,True,0.8660254037844386,0.0,0.0,0.0,0.0,0.0,0.5289640103269624,0.0,0.0,0.0,2026-10-05 04:00:00,0.0,3.6,0.0,0.0,0.0,70,18.251279707495428,0.0,0.5000000000000001,0.0,0.0,0.0,0.0,0.0,23.8,Lampang,0.0,0.0,-1.0,0.0,98,2.088095238095238,0.0,0.0,0.0,0.0,0.0,0.0,2026.0,0.0,0.0,0.0,0.0
0.0,0.0,0.0,0.0,0.0,0.0,0.19080899537654492,0.0,11.4,0.7,0.0,984.3,0.0,0.0,0.0,0.0,0.0,0.25881904510252074,0.8486442574947509,0.0,0.0,0.981627183447664,0.0,0.0,0.0,0.0,3.4724106468148865,-0.8660254037844386,0.0,0.0,,True,0.9659258262890683,0.0,0.0,0.0,0.0,0.0,0.5289640103269624,0.0,0.0,0.0,2026-10-05 05:00:00,0.0,2.9,0.0,0.0,0.0,79,18.251279707495428,0.0,0.5000000000000001,0.0,0.0,0.0,0.0,0.0,23.7,Lampang,0.0,0.0,-1.0,0.0,98,2.0648809523809524,0.0,0.0,0.0,0.0,0.0,0.0,2026.0,0.5306282510621704,0.0,0.0,0.0
0.0,0.0,0.0,0.0,0.0,0.0,-0.1908089953765448,0.0,11.4,0.7,0.0,985.0,0.0,0.0,0.0,0.0,0.0,6.123233995736766e-17,0.8486442574947509,0.0,0.0,0.981627183447664,0.0,0.0,0.0,0.0,3.473703448231945,-0.8660254037844386,0.0,0.0,,True,1.0,0.0,0.0,0.0,0.0,0.0,0.5289640103269624,0.0,0.0,0.0,2026-10-05 06:00:00,0.0,1.8,0.0,0.0,0.0,101,18.251279707495428,0.0,0.5000000000000001,0.0,0.0,0.0,0.0,0.0,23.6,Lampang,0.0,0.0,1.0,0.0,98,2.0428571428571427,0.0,0.0,0.0,0.0,0.0,0.0,2026.0,0.5306282510621704,0.0,0.0,0.0
0.0,0.0,0.0,0.0,0.0,0.0,-0.7071067811865475,0.0,11.4,0.7,0.0,985.6,0.0,0.0,0.0,0.0,0.0,-0.25881904510252063,0.8486442574947509,0.0,0.0,0.7071067811865476,0.0,0.0,0.0,0.0,3.47539695566321,-0.8660254037844386,0.0,0.0,,True,0.9659258262890683,0.0,0.0,0.0,0.0,0.0,0.5289640103269624,0.0,0.0,0.0,2026-10-05 07:00:00,0.0,1.5,0.0,0.0,0.0,135,18.251279707495428,0.0,0.5000000000000001,0.0,0.0,0.0,0.0,0.0,23.7,Lampang,0.0,0.0,3.0,0.0,98,2.0220238095238097,0.0,0.0,0.0,0.0,0.0,0.0,2026.0,0.5306282510621704,0.0,0.0,0.0
0.0,0.0,0.0,0.0,0.0,0.0,-0.8910065241883678,0.0,11.4,0.9,0.0,986.4,0.0,0.0,0.0,0.0,0.0,-0.4999999999999998,0.8486442574947509,0.0,0.0,0.45399049973954686,0.0,0.0,0.0,0.0,3.47696481101724,-0.8660254037844386,0.0,0.0,,True,0.8660254037844387,0.0,0.0,0.0,0.0,0.0,0.5289640103269624,0.0,0.0,0.0,2026-10-05 08:00:00,0.0,2.0,0.0,0.0,0.0,153,18.251279707495428,-2.0,0.5000000000000001,0.0,0.0,0.0,0.0,0.0,24.2,Lampang,0.0,0.0,6.0,0.0,96,2.001190476190476,0.0,0.0,0.0,0.0,0.0,0.0,2026.0,0.6418538861723948,0.0,0.0,0.0
0.0,0.0,0.0,0.0,0.0,0.0,-0.9205048534524404,0.0,11.4,0.9,0.0,987.3,0.0,0.0,0.0,0.0,0.0,-0.7071067811865475,0.8486442574947509,0.0,0.0,0.39073112848927377,0.0,0.0,0.0,0.0,3.4778526175450684,-0.8660254037844386,0.0,0.0,,True,0.7071067811865476,0.0,0.0,0.0,0.0,0.0,0.5289640103269624,0.0,0.0,0.0,2026-10-05 09:00:00,0.0,2.7,0.0,0.0,0.0,157,18.251279707495428,-2.0,0.5000000000000001,0.0,0.0,0.0,0.0,0.0,25.0,Lampang,0.0,0.0,9.0,0.0,94,1.9791666666666667,0.0,0.0,0.0,0.0,0.0,0.0,2026.0,0.6418538861723948,0.0,0.0,0.0
0.0,0.0,0.0,0.0,0.0,0.0,-0.9205048534524404,0.0,11.4,0.9,0.0,987.5,0.0,0.0,0.0,0.0,0.0,-0.8660254037844387,0.8486442574947509,0.0,0.0,0.39073112848927377,0.0,0.0,0.0,0.0,3.4798765009721455,-0.8660254037844386,0.0,0.0,,True,0.49999999999999994,0.0,0.0,0.0,0.0,0.0,0.5289640103269624,0.0,0.0,0.0,2026-10-05 10:00:00,0.0,2.7,0.0,0.0,0.0,157,18.251279707495428,-3.0,0.5000000000000001,0.0,0.0,0.0,0.0,0.0,25.8,Lampang,0.0,0.0,10.0,0.0,91,1.9601190476190473,0.0,0.0,0.0,0.0,0.0,0.0,2026.0,0.6418538861723948,0.0,0.0,0.0
0.0,0.0,0.0,0.0,0.0,0.0,-0.8290375725550416,0.0,11.4,0.4,0.0,986.6,0.0,0.0,0.0,0.0,0.0,-0.9659258262890682,0.8486442574947509,0.0,0.0,0.5591929034707469,0.0,0.0,0.0,0.0,3.4823632408892378,-0.8660254037844386,0.0,0.0,,True,0.258819045102521,0.0,0.0,0.0,0.0,0.0,0.5289640103269624,0.0,0.0,0.0,2026-10-05 11:00:00,0.0,1.3,0.0,0.0,0.0,146,18.251279707495428,-4.0,0.5000000000000001,0.0,0.0,0.0,0.0,0.0,26.7,Lampang,0.0,0.0,11.0,0.0,87,1.9428571428571426,0.0,0.0,0.0,0.0,0.0,0.0,2026.0,0.33647223662121295,0.0,0.0,0.0
0.0,0.0,0.0,0.0,0.0,0.0,0.9902680687415704,0.0,11.4,0.4,0.0,985.1,0.0,0.0,0.0,0.0,0.0,-1.0,0.8486442574947509,0.0,0.0,0.13917310096006544,0.0,0.0,0.0,0.0,3.484762699849595,-0.8660254037844386,0.0,0.0,,True,1.2246467991473532e-16,0.0,0.0,0.0,0.0,0.0,0.5289640103269624,0.0,0.0,0.0,2026-10-05 12:00:00,0.0,1.3,0.0,0.0,0.0,8,18.251279707495428,-5.0,0.5000000000000001,0.0,0.0,0.0,0.0,0.0,27.7,Lampang,0.0,0.0,10.0,0.0,82,1.9255952380952381,0.0,0.0,0.0,0.0,0.0,0.0,2026.0,0.33647223662121295,0.0,0.0,0.0
0.0,0.0,0.0,0.0,0.0,0.0,0.9612616959383189,0.0,11.4,0.4,0.0,983.8,0.0,0.0,0.0,0.0,0.0,-0.9659258262890683,0.8486442574947509,0.0,0.0,-0.27563735581699894,0.0,0.0,0.0,0.0,3.4867021433920473,-0.8660254037844386,0.0,0.0,,True,-0.2588190451025208,0.0,0.0,0.0,0.0,0.0,0.5289640103269624,0.0,0.0,0.0,2026-10-05 13:00:00,0.0,2.6,0.0,0.0,0.0,344,18.251279707495428,-2.0,0.5000000000000001,0.0,0.0,0.0,0.0,0.0,28.1,Lampang,0.0,0.0,10.0,0.0,80,1.907142857142857,0.0,0.0,0.0,0.0,0.0,0.0,2026.0,0.33647223662121295,0.0,0.0,0.0
0.0,0.0,0.0,0.0,0.0,0.0,0.6427876096865393,0.0,11.4,2.7,0.0,983.1,0.0,0.0,0.0,0.0,0.0,-0.8660254037844388,0.8486442574947509,0.0,0.0,-0.7660444431189781,0.0,0.0,0.0,0.0,3.488542907645071,-0.8660254037844386,0.0,0.0,,True,-0.4999999999999997,0.0,0.0,0.0,0.0,0.0,0.5289640103269624,0.0,0.0,0.0,2026-10-05 14:00:00,0.0,2.8,0.0,0.0,0.0,310,18.251279707495428,2.0,0.5000000000000001,0.0,0.0,0.0,0.0,0.0,27.5,Lampang,0.0,0.0,11.0,0.0,82,1.888690476190476,0.0,0.0,0.0,0.0,0.0,0.0,2026.0,1.308332819650179,0.0,0.0,0.0
0.0,0.0,0.0,0.0,0.0,0.0,-1.8369701987210297e-16,0.0,11.4,2.7,0.0,982.6,0.0,0.0,0.0,0.0,0.0,-0.7071067811865479,0.8486442574947509,0.0,0.0,-1.0,0.0,0.0,0.0,0.0,3.4890218479131683,-0.8660254037844386,0.0,0.0,,True,-0.7071067811865471,0.0,0.0,0.0,0.0,0.0,0.5289640103269624,0.0,0.0,0.0,2026-10-05 15:00:00,0.0,4.0,0.0,0.0,0.0,270,18.251279707495428,5.0,0.5000000000000001,0.0,0.0,0.0,0.0,0.0,26.3,Lampang,0.0,0.0,14.0,0.0,87,1.8672619047619043,0.0,0.0,0.0,0.0,0.0,0.0,2026.0,1.308332819650179,0.0,0.0,0.0
0.0,0.0,0.0,0.0,0.0,0.0,-0.1908089953765446,0.0,11.4,2.7,0.0,982.5,0.0,0.0,0.0,0.0,0.0,-0.5000000000000004,0.8486442574947509,0.0,0.0,-0.981627183447664,0.0,0.0,0.0,0.0,3.488736279060075,-0.8660254037844386,0.0,0.0,,True,-0.8660254037844384,0.0,0.0,0.0,0.0,0.0,0.5289640103269624,0.0,0.0,0.0,2026-10-05 16:00:00,0.0,4.6,0.0,0.0,0.0,259,18.251279707495428,5.0,0.5000000000000001,0.0,0.0,0.0,0.0,0.0,25.4,Lampang,0.0,0.0,16.0,0.0,92,1.844642857142857,0.0,0.0,0.0,0.0,0.0,0.0,2026.0,1.308332819650179,0.0,0.0,0.0
0.0,0.0,0.0,0.0,0.0,0.0,-0.06975647374412558,0.0,11.4,0.1,0.0,983.2,0.0,0.0,0.0,0.0,0.0,-0.25881904510252063,0.8486442574947509,0.0,0.0,-0.9975640502598242,0.0,0.0,0.0,0.0,3.490454214102843,-0.8660254037844386,0.0,0.0,,True,-0.9659258262890683,0.0,0.0,0.0,0.0,0.0,0.5289640103269624,0.0,0.0,0.0,2026-10-05 17:00:00,0.0,2.9,0.0,0.0,0.0,266,18.251279707495428,2.0,0.5000000000000001,0.0,0.0,0.0,0.0,0.0,25.1,Lampang,0.0,0.0,13.0,0.0,94,1.8267857142857142,0.0,0.0,0.0,0.0,0.0,0.0,2026.0,0.09531017980432487,0.0,0.0,0.0
0.0,0.0,0.0,0.0,0.0,0.0,0.9902680687415703,0.0,11.4,0.1,0.0,984.2,0.0,0.0,0.0,0.0,0.0,-1.8369701987210297e-16,0.8486442574947509,0.0,0.0,-0.13917310096006588,0.0,0.0,0.0,0.0,3.493212563472976,-0.8660254037844386,0.0,0.0,,True,-1.0,0.0,0.0,0.0,0.0,0.0,0.5289640103269624,0.0,0.0,0.0,2026-10-05 18:00:00,0.0,1.3,0.0,0.0,0.0,352,18.251279707495428,1.0,0.5000000000000001,0.0,0.0,0.0,0.0,0.0,25.0,Lampang,0.0,0.0,8.0,0.0,95,1.814285714285714,0.0,0.0,0.0,0.0,0.0,0.0,2026.0,0.09531017980432487,0.0,0.0,0.0
0.0,0.0,0.0,0.0,0.0,0.0,0.7986355100472928,0.0,11.4,0.1,0.0,985.3,0.0,0.0,0.0,0.0,0.0,0.2588190451025203,0.8486442574947509,0.0,0.0,0.6018150231520483,0.0,0.0,0.0,0.0,3.4959638211155375,-0.8660254037844386,0.0,0.0,,True,-0.9659258262890684,0.0,0.0,0.0,0.0,0.0,0.5289640103269624,0.0,0.0,0.0,2026-10-05 19:00:00,0.0,2.7,0.0,0.0,0.0,37,18.251279707495428,1.0,0.5000000000000001,0.0,0.0,0.0,0.0,0.0,24.8,Lampang,0.0,0.0,3.0,0.0,96,1.804761904761905,0.0,0.0,0.0,0.0,0.0,0.0,2026.0,0.09531017980432487,0.0,0.0,0.0
0.0,0.0,0.0,0.0,0.0,0.0,0.8090169943749475,0.0,11.4,1.4,0.0,986.4,0.0,0.0,0.0,0.0,0.0,0.5000000000000001,0.8486442574947509,0.0,0.0,0.5877852522924731,0.0,0.0,0.0,0.0,3.492903398271968,-0.8660254037844386,0.0,0.0,,True,-0.8660254037844386,0.0,0.0,0.0,0.0,0.0,0.5289640103269624,0.0,0.0,0.0,2026-10-05 20:00:00,0.0,2.4,0.0,0.0,0.0,36,18.251279707495428,1.0,0.5000000000000001,0.0,0.0,0.0,0.0,0.0,24.3,Lampang,0.0,0.0,2.0,0.0,97,1.7785714285714282,0.0,0.0,0.0,0.0,0.0,0.0,2026.0,0.8754687373538999,0.0,0.0,0.0
0.0,0.0,0.0,0.0,0.0,0.0,0.992546151641322,0.0,11.4,1.4,0.0,987.4,0.0,0.0,0.0,0.0,0.0,0.7071067811865474,0.8486442574947509,0.0,0.0,0.12186934340514748,0.0,0.0,0.0,0.0,3.493571142574785,-0.8660254037844386,0.0,0.0,,True,-0.7071067811865477,0.0,0.0,0.0,0.0,0.0,0.5289640103269624,0.0,0.0,0.0,2026-10-05 21:00:00,0.0,1.5,0.0,0.0,0.0,7,18.251279707495428,1.0,0.5000000000000001,0.0,0.0,0.0,0.0,0.0,23.7,Lampang,0.0,0.0,2.0,0.0,98,1.7589285714285714,0.0,0.0,0.0,0.0,0.0,0.0,2026.0,0.8754687373538999,0.0,0.0,0.0
0.0,0.0,0.0,0.0,0.0,0.0,0.9612616959383189,0.0,11.4,1.4,0.0,988.2,0.0,0.0,0.0,0.0,0.0,0.8660254037844384,0.8486442574947509,0.0,0.0,-0.27563735581699894,0.0,0.0,0.0,0.0,3.4946257735345783,-0.8660254037844386,0.0,0.0,,True,-0.5000000000000004,0.0,0.0,0.0,0.0,0.0,0.5289640103269624,0.0,0.0,0.0,2026-10-05 22:00:00,0.0,1.3,0.0,0.0,0.0,344,18.251279707495428,0.0,0.5000000000000001,0.0,0.0,0.0,0.0,0.0,23.2,Lampang,0.0,0.0,2.0,0.0,98,1.7404761904761903,0.0,0.0,0.0,0.0,0.0,0.0,2026.0,0.8754687373538999,0.0,0.0,0.0
0.0,0.0,0.0,0.0,0.0,0.0,0.9961946980917455,0.0,11.4,3.3,0.0,988.2,0.0,0.0,0.0,0.0,0.0,0.9659258262890681,0.8486442574947509,0.0,0.0,0.08715574274765817,0.0,0.0,0.0,0.0,3.495079094524776,-0.8660254037844386,0.0,0.0,,True,-0.25881904510252157,0.0,0.0,0.0,0.0,0.0,0.5289640103269624,0.0,0.0,0.0,2026-10-05 23:00:00,0.0,2.2,0.0,0.0,0.0,5,18.251279707495428,0.0,0.5000000000000001,0.0,0.0,0.0,0.0,0.0,22.9,Lampang,0.0,0.0,1.0,0.0,98,1.7208333333333334,0.0,0.0,0.0,0.0,0.0,0.0,2026.0,1.4586150226995167,0.0,0.0,0.0
0.0,0.0,0.0,0.0,0.0,0.0,0.9396926207859084,0.0,11.4,3.3,0.0,987.9,0.0,0.0,0.0,0.0,0.0,1.0,0.9377521321470804,0.0,0.0,0.3420201433256687,0.0,0.0,0.0,0.0,3.4954219735595062,-0.8660254037844386,0.0,0.0,,True,0.0,0.0,0.0,0.0,0.0,0.0,0.3473052528448203,0.0,0.0,0.0,2026-10-06 00:00:00,0.0,3.6,0.0,0.0,0.0,20,18.251279707495428,0.0,0.5000000000000001,0.0,0.0,0.0,0.0,0.0,22.6,Lampang,0.0,0.0,0.0,0.0,98,1.7011904761904764,0.0,0.0,0.0,0.0,0.0,0.0,2026.0,1.4586150226995167,0.0,0.0,0.0
0.0,0.0,0.0,0.0,0.0,0.0,0.898794046299167,0.0,11.4,3.3,0.0,987.6,0.0,0.0,0.0,0.0,0.0,0.9659258262890683,0.9377521321470804,0.0,0.0,0.4383711467890774,0.0,0.0,0.0,0.0,3.495921457460778,-0.8660254037844386,0.0,0.0,,True,0.25881904510252074,0.0,0.0,0.0,0.0,0.0,0.3473052528448203,0.0,0.0,0.0,2026-10-06 01:00:00,0.0,5.0,0.0,0.0,0.0,26,18.251279707495428,0.0,0.5000000000000001,0.0,0.0,0.0,0.0,0.0,22.5,Lampang,0.0,0.0,-1.0,0.0,98,1.6821428571428574,0.0,0.0,0.0,0.0,0.0,0.0,2026.0,1.4586150226995167,0.0,0.0,0.0
0.0,0.0,0.0,0.0,0.0,0.0,0.7313537016191705,0.0,11.4,0.7,0.0,987.1,0.0,0.0,0.0,0.0,0.0,0.8660254037844387,0.9377521321470804,0.0,0.0,0.6819983600624985,0.0,0.0,0.0,0.0,3.496806122910518,-0.8660254037844386,0.0,0.0,,True,0.49999999999999994,0.0,0.0,0.0,0.0,0.0,0.3473052528448203,0.0,0.0,0.0,2026-10-06 02:00:00,0.0,4.2,0.0,0.0,0.0,43,18.251279707495428,0.0,0.5000000000000001,0.0,0.0,0.0,0.0,0.0,22.2,Lampang,0.0,0.0,-1.0,0.0,98,1.6642857142857144,0.0,0.0,0.0,0.0,0.0,0.0,2026.0,0.5306282510621704,0.0,0.0,0.0
0.0,0.0,0.0,0.0,0.0,0.0,0.8660254037844387,0.0,11.4,0.7,0.0,987.2,0.0,0.0,0.0,0.0,0.0,0.7071067811865476,0.9377521321470804,0.0,0.0,0.49999999999999994,0.0,0.0,0.0,0.0,3.4965408481089324,-0.8660254037844386,0.0,0.0,,True,0.7071067811865475,0.0,0.0,0.0,0.0,0.0,0.3473052528448203,0.0,0.0,0.0,2026-10-06 03:00:00,0.0,4.4,0.0,0.0,0.0,30,18.251279707495428,0.0,0.5000000000000001,0.0,0.0,0.0,0.0,0.0,22.0,Lampang,0.0,0.0,0.0,0.0,98,1.644047619047619,0.0,0.0,0.0,0.0,0.0,0.0,2026.0,0.5306282510621704,0.0,0.0,0.0
0.0,0.0,0.0,0.0,0.0,0.0,0.9510565162951535,0.0,11.4,0.7,0.0,987.4,0.0,0.0,0.0,0.0,0.0,0.5000000000000001,0.9377521321470804,0.0,0.0,0.3090169943749474,0.0,0.0,0.0,0.0,3.4931898436023645,-0.8660254037844386,0.0,0.0,,True,0.8660254037844386,0.0,0.0,0.0,0.0,0.0,0.3473052528448203,0.0,0.0,0.0,2026-10-06 04:00:00,0.0,4.7,0.0,0.0,0.0,18,18.251279707495428,0.0,0.5000000000000001,0.0,0.0,0.0,0.0,0.0,22.0,Lampang,0.0,0.0,0.0,0.0,98,1.619047619047619,0.0,0.0,0.0,0.0,0.0,0.0,2026.0,0.5306282510621704,0.0,0.0,0.0
0.0,0.0,0.0,0.0,0.0,0.0,0.9945218953682733,0.0,11.4,0.7,0.0,987.4,0.0,0.0,0.0,0.0,0.0,0.25881904510252074,0.9377521321470804,0.0,0.0,0.10452846326765347,0.0,0.0,0.0,0.0,3.4861228272652767,-0.8660254037844386,0.0,0.0,,True,0.9659258262890683,0.0,0.0,0.0,0.0,0.0,0.3473052528448203,0.0,0.0,0.0,2026-10-06 05:00:00,0.0,5.2,0.0,0.0,0.0,6,18.251279707495428,-1.0,0.5000000000000001,0.0,0.0,0.0,0.0,0.0,22.0,Lampang,0.0,0.0,-1.0,0.0,97,1.5898809523809525,0.0,0.0,0.0,0.0,0.0,0.0,2026.0,0.5306282510621704,0.0,0.0,0.0
0.0,0.0,0.0,0.0,0.0,0.0,0.9993908270190958,0.0,11.4,0.7,0.0,987.4,0.0,0.0,0.0,0.0,0.0,6.123233995736766e-17,0.9377521321470804,0.0,0.0,-0.034899496702500823,0.0,0.0,0.0,0.0,3.478796927275935,-0.8660254037844386,0.0,0.0,,True,1.0,0.0,0.0,0.0,0.0,0.0,0.3473052528448203,0.0,0.0,0.0,2026-10-06 06:00:00,0.0,5.6,0.0,0.0,0.0,358,18.251279707495428,0.0,0.5000000000000001,0.0,0.0,0.0,0.0,0.0,22.1,Lampang,0.0,0.0,-1.0,0.0,97,1.5607142857142857,0.0,0.0,0.0,0.0,0.0,0.0,2026.0,0.5306282510621704,0.0,0.0,0.0
0.0,0.0,0.0,0.0,0.0,0.0,0.9925461516413221,0.0,11.4,0.7,0.0,987.4,0.0,0.0,0.0,0.0,0.0,-0.25881904510252063,0.9377521321470804,0.0,0.0,-0.12186934340514723,0.0,0.0,0.0,0.0,3.472331058384978,-0.8660254037844386,0.0,0.0,,True,0.9659258262890683,0.0,0.0,0.0,0.0,0.0,0.3473052528448203,0.0,0.0,0.0,2026-10-06 07:00:00,0.0,5.8,0.0,0.0,0.0,353,18.251279707495428,-1.0,0.5000000000000001,0.0,0.0,0.0,0.0,0.0,22.3,Lampang,0.0,0.0,-2.0,0.0,96,1.5327380952380953,0.0,0.0,0.0,0.0,0.0,0.0,2026.0,0.5306282510621704,0.0,0.0,0.0
0.0,0.0,0.0,0.0,0.0,0.0,0.9876883405951377,0.0,11.4,0.8,0.0,987.3,0.0,0.0,0.0,0.0,0.0,-0.4999999999999998,0.9377521321470804,0.0,0.0,-0.15643446504023112,0.0,0.0,0.0,0.0,3.4606805001053655,-0.8660254037844386,0.0,0.0,,True,0.8660254037844387,0.0,0.0,0.0,0.0,0.0,0.3473052528448203,0.0,0.0,0.0,2026-10-06 08:00:00,0.0,5.7,0.0,0.0,0.0,351,18.251279707495428,-1.0,0.5000000000000001,0.0,0.0,0.0,0.0,0.0,22.8,Lampang,0.0,0.0,-1.0,0.0,95,1.5,0.0,0.0,0.0,0.0,0.0,0.0,2026.0,0.5877866649021191,0.0,0.0,0.0
0.0,0.0,0.0,0.0,0.0,0.0,0.984807753012208,0.0,11.4,0.8,0.0,987.1,0.0,0.0,0.0,0.0,0.0,-0.7071067811865475,0.9377521321470804,0.0,0.0,-0.1736481776669304,0.0,0.0,0.0,0.0,3.444188092784818,-0.8660254037844386,0.0,0.0,,True,0.7071067811865476,0.0,0.0,0.0,0.0,0.0,0.3473052528448203,0.0,0.0,0.0,2026-10-06 09:00:00,0.0,5.1,0.0,0.0,0.0,350,18.251279707495428,-2.0,0.5000000000000001,0.0,0.0,0.0,0.0,0.0,23.6,Lampang,0.0,0.0,-1.0,0.0,93,1.463690476190476,0.0,0.0,0.0,0.0,0.0,0.0,2026.0,0.5877866649021191,0.0,0.0,0.0
0.0,0.0,0.0,0.0,0.0,0.0,0.981627183447664,0.0,11.4,0.8,0.0,986.9,0.0,0.0,0.0,0.0,0.0,-0.8660254037844387,0.9377521321470804,0.0,0.0,-0.19080899537654467,0.0,0.0,0.0,0.0,3.413063835871287,-0.8660254037844386,0.0,0.0,,True,0.49999999999999994,0.0,0.0,0.0,0.0,0.0,0.3473052528448203,0.0,0.0,0.0,2026-10-06 10:00:00,0.0,4.6,0.0,0.0,0.0,349,18.251279707495428,-2.0,0.5000000000000001,0.0,0.0,0.0,0.0,0.0,24.5,Lampang,0.0,0.0,0.0,0.0,91,1.418452380952381,0.0,0.0,0.0,0.0,0.0,0.0,2026.0,0.5877866649021191,0.0,0.0,0.0
0.0,0.0,0.0,0.0,0.0,0.0,0.981627183447664,0.0,11.4,0.8,0.0,986.6,0.0,0.0,0.0,0.0,0.0,-0.9659258262890682,0.9377521321470804,0.0,0.0,-0.19080899537654467,0.0,0.0,0.0,0.0,3.3741446698980413,-0.8660254037844386,0.0,0.0,,True,0.258819045102521,0.0,0.0,0.0,0.0,0.0,0.3473052528448203,0.0,0.0,0.0,2026-10-06 11:00:00,0.0,3.7,0.0,0.0,0.0,349,18.251279707495428,-1.0,0.5000000000000001,0.0,0.0,0.0,0.0,0.0,25.3,Lampang,0.0,0.0,3.0,0.0,90,1.3696428571428572,0.0,0.0,0.0,0.0,0.0,0.0,2026.0,0.5877866649021191,0.0,0.0,0.0
0.0,0.0,0.0,0.0,0.0,0.0,0.981627183447664,0.0,11.4,0.8,0.0,986.5,0.0,0.0,0.0,0.0,0.0,-1.0,0.9377521321470804,0.0,0.0,-0.19080899537654467,0.0,0.0,0.0,0.0,3.332819475698672,-0.8660254037844386,0.0,0.0,,True,1.2246467991473532e-16,0.0,0.0,0.0,0.0,0.0,0.3473052528448203,0.0,0.0,0.0,2026-10-06 12:00:00,0.0,2.9,0.0,0.0,0.0,349,18.251279707495428,-1.0,0.5000000000000001,0.0,0.0,0.0,0.0,0.0,26.0,Lampang,0.0,0.0,7.0,0.0,89,1.3202380952380952,0.0,0.0,0.0,0.0,0.0,0.0,2026.0,0.5877866649021191,0.0,0.0,0.0
0.0,0.0,0.0,0.0,0.0,0.0,0.9876883405951377,0.0,11.4,0.8,0.0,986.3,0.0,0.0,0.0,0.0,0.0,-0.9659258262890683,0.9377521321470804,0.0,0.0,-0.15643446504023112,0.0,0.0,0.0,0.0,3.2889526398414706,-0.8660254037844386,0.0,0.0,,True,-0.2588190451025208,0.0,0.0,0.0,0.0,0.0,0.3473052528448203,0.0,0.0,0.0,2026-10-06 13:00:00,0.0,2.4,0.0,0.0,0.0,351,18.251279707495428,-1.0,0.5000000000000001,0.0,0.0,0.0,0.0,0.0,26.4,Lampang,0.0,0.0,8.0,0.0,88,1.2702380952380952,0.0,0.0,0.0,0.0,0.0,0.0,2026.0,0.5877866649021191,0.0,0.0,0.0
0.0,0.0,0.0,0.0,0.0,0.0,0.9945218953682733,0.0,11.4,0.8,0.0,986.2,0.0,0.0,0.0,0.0,0.0,-0.8660254037844388,0.9377521321470804,0.0,0.0,-0.10452846326765342,0.0,0.0,0.0,0.0,3.2437221330816848,-0.8660254037844386,0.0,0.0,,True,-0.4999999999999997,0.0,0.0,0.0,0.0,0.0,0.3473052528448203,0.0,0.0,0.0,2026-10-06 14:00:00,0.0,1.8,0.0,0.0,0.0,354,18.251279707495428,1.0,0.5000000000000001,0.0,0.0,0.0,0.0,0.0,26.4,Lampang,0.0,0.0,7.0,0.0,89,1.2202380952380953,0.0,0.0,0.0,0.0,0.0,0.0,2026.0,0.5877866649021191,0.0,0.0,0.0
0.0,0.0,0.0,0.0,0.0,0.0,1.0,0.0,11.4,0.8,0.0,986.2,0.0,0.0,0.0,0.0,0.0,-0.7071067811865479,0.9377521321470804,0.0,0.0,-2.4492935982947064e-16,0.0,0.0,0.0,0.0,3.1871735193611603,-0.8660254037844386,0.0,0.0,,True,-0.7071067811865471,0.0,0.0,0.0,0.0,0.0,0.3473052528448203,0.0,0.0,0.0,2026-10-06 15:00:00,0.0,1.3,0.0,0.0,0.0,360,18.251279707495428,0.0,0.5000000000000001,0.0,0.0,0.0,0.0,0.0,26.2,Lampang,0.0,0.0,2.0,0.0,89,1.1660714285714284,0.0,0.0,0.0,0.0,0.0,0.0,2026.0,0.5877866649021191,0.0,0.0,0.0
0.0,0.0,0.0,0.0,0.0,0.0,0.9702957262759965,0.0,11.4,0.8,0.0,986.2,0.0,0.0,0.0,0.0,0.0,-0.5000000000000004,0.9377521321470804,0.0,0.0,0.24192189559966773,0.0,0.0,0.0,0.0,3.119188246557158,-0.8660254037844386,0.0,0.0,,True,-0.8660254037844384,0.0,0.0,0.0,0.0,0.0,0.3473052528448203,0.0,0.0,0.0,2026-10-06 16:00:00,0.0,0.7,0.0,0.0,0.0,14,18.251279707495428,1.0,0.5000000000000001,0.0,0.0,0.0,0.0,0.0,25.8,Lampang,0.0,0.0,-2.0,0.0,90,1.1083333333333332,0.0,0.0,0.0,0.0,0.0,0.0,2026.0,0.5877866649021191,0.0,0.0,0.0
0.0,0.0,0.0,0.0,0.0,0.0,0.8910065241883679,0.0,11.4,0.8,0.0,986.2,0.0,0.0,0.0,0.0,0.0,-0.25881904510252063,0.9377521321470804,0.0,0.0,0.45399049973954675,0.0,0.0,0.0,0.0,3.050272979494312,-0.8660254037844386,0.0,0.0,,True,-0.9659258262890683,0.0,0.0,0.0,0.0,0.0,0.3473052528448203,0.0,0.0,0.0,2026-10-06 17:00:00,0.0,0.4,0.0,0.0,0.0,27,18.251279707495428,1.0,0.5000000000000001,0.0,0.0,0.0,0.0,0.0,25.3,Lampang,0.0,0.0,-3.0,0.0,91,1.0511904761904762,0.0,0.0,0.0,0.0,0.0,0.0,2026.0,0.5877866649021191,0.0,0.0,0.0
0.0,0.0,0.0,0.0,0.0,0.0,6.123233995736766e-17,0.0,11.4,0.8,0.0,986.3,0.0,0.0,0.0,0.0,0.0,-1.8369701987210297e-16,0.9377521321470804,0.0,0.0,1.0,0.0,0.0,0.0,0.0,2.9803774714705153,-0.8660254037844386,0.0,0.0,,True,-1.0,0.0,0.0,0.0,0.0,0.0,0.3473052528448203,0.0,0.0,0.0,2026-10-06 18:00:00,0.0,0.4,0.0,0.0,0.0,90,18.251279707495428,2.0,0.5000000000000001,0.0,0.0,0.0,0.0,0.0,24.8,Lampang,0.0,0.0,-2.0,0.0,93,0.9946428571428572,0.0,0.0,0.0,0.0,0.0,0.0,2026.0,0.5877866649021191,0.0,0.0,0.0
0.0,0.0,0.0,0.0,0.0,0.0,-0.4539904997395467,0.0,11.4,0.8,0.0,986.3,0.0,0.0,0.0,0.0,0.0,0.2588190451025203,0.9377521321470804,0.0,0.0,0.8910065241883679,0.0,0.0,0.0,0.0,2.9344013183166973,-0.8660254037844386,0.0,0.0,,True,-0.9659258262890684,0.0,0.0,0.0,0.0,0.0,0.3473052528448203,0.0,0.0,0.0,2026-10-06 19:00:00,0.0,0.4,0.0,0.0,0.0,117,18.251279707495428,1.0,0.5000000000000001,0.0,0.0,0.0,0.0,0.0,24.5,Lampang,0.0,0.0,-2.0,0.0,94,0.9482142857142858,0.0,0.0,0.0,0.0,0.0,0.0,2026.0,0.5877866649021191,0.0,0.0,0.0
0.0,0.0,0.0,0.0,0.0,0.0,-0.7071067811865475,0.0,11.4,0.0,0.0,986.5,0.0,0.0,0.0,0.0,0.0,0.5000000000000001,0.9377521321470804,0.0,0.0,0.7071067811865476,0.0,0.0,0.0,0.0,2.871646163180265,-0.8660254037844386,0.0,0.0,,True,-0.8660254037844386,0.0,0.0,0.0,0.0,0.0,0.3473052528448203,0.0,0.0,0.0,2026-10-06 20:00:00,0.0,0.3,0.0,0.0,0.0,135,18.251279707495428,1.0,0.5000000000000001,0.0,0.0,0.0,0.0,0.0,24.2,Lampang,0.0,0.0,-2.0,0.0,95,0.8958333333333334,0.0,0.0,0.0,0.0,0.0,0.0,2026.0,0.0,0.0,0.0,0.0
0.0,0.0,0.0,0.0,0.0,0.0,0.7071067811865474,0.0,11.4,0.0,0.0,986.8,0.0,0.0,0.0,0.0,0.0,0.7071067811865474,0.9377521321470804,0.0,0.0,-0.7071067811865477,0.0,0.0,0.0,0.0,2.8098415251146296,-0.8660254037844386,0.0,0.0,,True,-0.7071067811865477,0.0,0.0,0.0,0.0,0.0,0.3473052528448203,0.0,0.0,0.0,2026-10-06 21:00:00,0.0,0.3,0.0,0.0,0.0,315,18.251279707495428,1.0,0.5000000000000001,0.0,0.0,0.0,0.0,0.0,23.9,Lampang,0.0,0.0,-2.0,0.0,96,0.8446428571428571,0.0,0.0,0.0,0.0,0.0,0.0,2026.0,0.0,0.0,0.0,0.0
0.0,0.0,0.0,0.0,0.0,0.0,0.7071067811865474,0.0,11.4,0.0,0.0,987.0,0.0,0.0,0.0,0.0,0.0,0.8660254037844384,0.9377521321470804,0.0,0.0,-0.7071067811865477,0.0,0.0,0.0,0.0,2.738739507535548,-0.8660254037844386,0.0,0.0,,True,-0.5000000000000004,0.0,0.0,0.0,0.0,0.0,0.3473052528448203,0.0,0.0,0.0,2026-10-06 22:00:00,0.0,0.8,0.0,0.0,0.0,315,18.251279707495428,1.0,0.5000000000000001,0.0,0.0,0.0,0.0,0.0,23.6,Lampang,0.0,0.0,-1.0,0.0,97,0.7910714285714286,0.0,0.0,0.0,0.0,0.0,0.0,2026.0,0.0,0.0,0.0,0.0
0.0,0.0,0.0,0.0,0.0,0.0,0.7660444431189778,0.0,11.4,0.0,0.0,987.3,0.0,0.0,0.0,0.0,0.0,0.9659258262890681,0.9377521321470804,0.0,0.0,-0.6427876096865396,0.0,0.0,0.0,0.0,2.6590207138084856,-0.8660254037844386,0.0,0.0,,True,-0.25881904510252157,0.0,0.0,0.0,0.0,0.0,0.3473052528448203,0.0,0.0,0.0,2026-10-06 23:00:00,0.0,1.4,0.0,0.0,0.0,320,18.251279707495428,1.0,0.5000000000000001,0.0,0.0,0.0,0.0,0.0,23.3,Lampang,0.0,0.0,0.0,0.0,98,0.7357142857142858,0.0,0.0,0.0,0.0,0.0,0.0,2026.0,0.0,0.0,0.0,0.0
,,14.3,,,,,,,0.0,,978.3,,,,,,,,,,,,,0.0,,,,,,14.3,False,,,,,,,,,,,2026-09-22 23:00:00,,2.6,,,,106,,,,,,,0.0,,24.3,Lamphun,,,,0.0,91,,,,,,,,,,,,
,,15.2,,,,,,,0.0,,978.0,,,,,,,,,,,,,0.0,,,,,,15.2,False,,,,,,,,,,,2026-09-23 00:00:00,,0.3,,,,135,,,,,,,0.0,,24.0,Lamphun,,,,0.0,92,,,,,,,,,,,,
,,16.1,,,,,,,0.0,,977.7,,,,,,,,,,,,,0.0,,,,,,16.1,False,,,,,,,,,,,2026-09-23 01:00:00,,1.5,,,,97,,,,,,,0.0,,23.9,Lamphun,,,,0.0,92,,,,,,,,,,,,
,,16.4,,,,,,,0.0,,977.3,,,,,,,,,,,,,0.0,,,,,,16.4,False,,,,,,,,,,,2026-09-23 02:00:00,,1.3,,,,98,,,,,,,0.0,,23.6,Lamphun,,,,0.0,92,,,,,,,,,,,,
,,16.2,,,,,,,0.0,,977.2,,,,,,,,,,,,,0.0,,,,,,16.2,False,,,,,,,,,,,2026-09-23 03:00:00,,1.9,,,,34,,,,,,,0.0,,23.7,Lamphun,,,,0.0,91,,,,,,,,,,,,
,,15.8,,,,,,,0.0,,976.9,,,,,,,,,,,,,0.0,,,,,,15.8,False,,,,,,,,,,,2026-09-23 04:00:00,,0.9,,,,11,,,,,,,0.0,,23.4,Lamphun,,,,0.0,91,,,,,,,,,,,,
,,15.4,,,,,,,0.0,,976.7,,,,,,,,,,,,,0.0,,,,,,15.4,False,,,,,,,,,,,2026-09-23 05:00:00,,0.4,,,,360,,,,,,,0.0,,23.1,Lamphun,,,,0.0,92,,,,,,,,,,,,
,,15.4,,,,,,,0.0,,977.0,,,,,,,,,,,,,0.0,,,,,,15.4,False,,,,,,,,,,,2026-09-23 06:00:00,,0.4,,,,333,,,,,,,0.0,,23.0,Lamphun,,,,0.0,92,,,,,,,,,,,,
,,9.7,,,,,,,0.0,,978.1,,,,,,,,,,,,,0.0,,,,,,9.7,False,,,,,,,,,,,2026-09-23 07:00:00,,3.2,,,,3,,,,,,,0.0,,23.9,Lamphun,,,,0.0,90,,,,,,,,,,,,
,,11.0,,,,,,,0.0,,979.0,,,,,,,,,,,,,0.0,,,,,,11.0,False,,,,,,,,,,,2026-09-23 08:00:00,,1.5,,,,21,,,,,,,0.0,,25.6,Lamphun,,,,0.0,85,,,,,,,,,,,,
,,7.9,,,,,,,0.0,,979.6,,,,,,,,,,,,,0.0,,,,,,7.9,False,,,,,,,,,,,2026-09-23 09:00:00,,2.8,,,,333,,,,,,,0.0,,27.6,Lamphun,,,,0.0,77,,,,,,,,,,,,
,,6.4,,,,,,,0.0,,979.7,,,,,,,,,,,,,0.0,,,,,,6.4,False,,,,,,,,,,,2026-09-23 10:00:00,,5.0,,,,334,,,,,,,0.0,,29.5,Lamphun,,,,0.0,67,,,,,,,,,,,,
,,6.7,,,,,,,0.1,,979.3,,,,,,,,,,,,,0.0,,,,,,6.7,False,,,,,,,,,,,2026-09-23 11:00:00,,1.6,,,,6,,,,,,,0.0,,30.7,Lamphun,,,,0.0,59,,,,,,,,,,,,
,,7.2,,,,,,,0.3,,978.7,,,,,,,,,,,,,0.0,,,,,,7.2,False,,,,,,,,,,,2026-09-23 12:00:00,,2.2,,,,171,,,,,,,0.0,,31.3,Lamphun,,,,0.0,58,,,,,,,,,,,,
,,7.5,,,,,,,0.1,,978.1,,,,,,,,,,,,,0.0,,,,,,7.5,False,,,,,,,,,,,2026-09-23 13:00:00,,2.7,,,,262,,,,,,,0.0,,32.0,Lamphun,,,,0.0,56,,,,,,,,,,,,
,,7.6,,,,,,,0.1,,976.7,,,,,,,,,,,,,0.0,,,,,,7.6,False,,,,,,,,,,,2026-09-23 14:00:00,,1.3,,,,286,,,,,,,0.0,,32.4,Lamphun,,,,0.0,54,,,,,,,,,,,,
,,7.7,,,,,,,0.1,,975.3,,,,,,,,,,,,,0.0,,,,,,7.7,False,,,,,,,,,,,2026-09-23 15:00:00,,2.2,,,,95,,,,,,,0.0,,32.6,Lamphun,,,,0.0,50,,,,,,,,,,,,
,,7.8,,,,,,,0.0,,975.1,,,,,,,,,,,,,0.0,,,,,,7.8,False,,,,,,,,,,,2026-09-23 16:00:00,,3.4,,,,90,,,,,,,0.0,,32.5,Lamphun,,,,0.0,50,,,,,,,,,,,,
,,7.8,,,,,,,0.0,,975.0,,,,,,,,,,,,,0.0,,,,,,7.8,False,,,,,,,,,,,2026-09-23 17:00:00,,0.6,,,,162,,,,,,,0.0,,32.2,Lamphun,,,,0.0,50,,,,,,,,,,,,
,,9.5,,,,,,,0.0,,975.1,,,,,,,,,,,,,0.0,,,,,,9.5,False,,,,,,,,,,,2026-09-23 18:00:00,,0.9,,,,259,,,,,,,0.0,,30.4,Lamphun,,,,0.0,67,,,,,,,,,,,,
,,16.2,,,,,,,0.0,,975.5,,,,,,,,,,,,,0.0,,,,,,16.2,False,,,,,,,,,,,2026-09-23 19:00:00,,4.9,,,,180,,,,,,,0.0,,28.6,Lamphun,,,,0.0,71,,,,,,,,,,,,
,,17.5,,,,,,,0.0,,976.6,,,,,,,,,,,,,0.0,,,,,,17.5,False,,,,,,,,,,,2026-09-23 20:00:00,,6.5,,,,174,,,,,,,0.0,,27.4,Lamphun,,,,0.0,72,,,,,,,,,,,,
,,18.5,,,,,,,0.0,,977.4,,,,,,,,,,,,,0.0,,,,,,18.5,False,,,,,,,,,,,2026-09-23 21:00:00,,6.0,,,,177,,,,,,,0.0,,26.4,Lamphun,,,,0.0,76,,,,,,,,,,,,
,,19.7,,,,,,,0.0,,978.0,,,,,,,,,,,,,0.0,,,,,,19.7,False,,,,,,,,,,,2026-09-23 22:00:00,,3.4,,,,198,,,,,,,0.0,,25.9,Lamphun,,,,0.0,81,,,,,,,,,,,,
,,20.7,,,,,,,0.0,,978.5,,,,,,,,,,,,,0.0,,,,,,20.7,False,,,,,,,,,,,2026-09-23 23:00:00,,1.0,,,,225,,,,,,,0.0,,25.8,Lamphun,,,,0.0,81,,,,,,,,,,,,
,,21.2,,,,,,,0.0,,978.1,,,,,,,,,,,,,0.0,,,,,,21.2,False,,,,,,,,,,,2026-09-24 00:00:00,,0.6,,,,56,,,,,,,0.0,,25.5,Lamphun,,,,0.0,82,,,,,,,,,,,,
,,21.9,,,,,,,0.0,,977.9,,,,,,,,,,,,,0.0,,,,,,21.9,False,,,,,,,,,,,2026-09-24 01:00:00,,1.1,,,,90,,,,,,,0.0,,25.2,Lamphun,,,,0.0,85,,,,,,,,,,,,
,,21.6,,,,,,,0.0,,977.5,,,,,,,,,,,,,0.0,,,,,,21.6,False,,,,,,,,,,,2026-09-24 02:00:00,,0.3,,,,135,,,,,,,0.0,,25.2,Lamphun,,,,0.0,84,,,,,,,,,,,,
,,21.0,,,,,,,0.0,,977.3,,,,,,,,,,,,,0.0,,,,,,21.0,False,,,,,,,,,,,2026-09-24 03:00:00,,1.6,,,,354,,,,,,,0.0,,24.7,Lamphun,,,,0.0,87,,,,,,,,,,,,
,,20.1,,,,,,,0.0,,977.3,,,,,,,,,,,,,0.0,,,,,,20.1,False,,,,,,,,,,,2026-09-24 04:00:00,,1.4,,,,40,,,,,,,0.0,,24.2,Lamphun,,,,0.0,89,,,,,,,,,,,,
,,19.1,,,,,,,0.0,,977.3,,,,,,,,,,,,,0.0,,,,,,19.1,False,,,,,,,,,,,2026-09-24 05:00:00,,2.2,,,,42,,,,,,,0.0,,24.0,Lamphun,,,,0.0,88,,,,,,,,,,,,
,,18.3,,,,,,,0.0,,977.7,,,,,,,,,,,,,0.0,,,,,,18.3,False,,,,,,,,,,,2026-09-24 06:00:00,,1.1,,,,351,,,,,,,0.0,,23.8,Lamphun,,,,0.0,88,,,,,,,,,,,,
,,14.5,,,,,,,0.0,,978.7,,,,,,,,,,,,,0.0,,,,,,14.5,False,,,,,,,,,,,2026-09-24 07:00:00,,2.5,,,,330,,,,,,,0.0,,24.2,Lamphun,,,,0.0,91,,,,,,,,,,,,
,,15.3,,,,,,,0.0,,979.3,,,,,,,,,,,,,0.0,,,,,,15.3,False,,,,,,,,,,,2026-09-24 08:00:00,,1.1,,,,261,,,,,,,0.0,,26.0,Lamphun,,,,0.0,84,,,,,,,,,,,,
,,15.3,,,,,,,0.0,,979.5,,,,,,,,,,,,,0.0,,,,,,15.3,False,,,,,,,,,,,2026-09-24 09:00:00,,1.5,,,,330,,,,,,,0.0,,27.7,Lamphun,,,,0.0,78,,,,,,,,,,,,
,,12.7,,,,,,,0.0,,979.4,,,,,,,,,,,,,0.0,,,,,,12.7,False,,,,,,,,,,,2026-09-24 10:00:00,,2.2,,,,9,,,,,,,0.0,,29.5,Lamphun,,,,0.0,70,,,,,,,,,,,,
,,10.9,,,,,,,0.0,,978.9,,,,,,,,,,,,,0.0,,,,,,10.9,False,,,,,,,,,,,2026-09-24 11:00:00,,3.6,,,,20,,,,,,,0.0,,30.8,Lamphun,,,,0.0,64,,,,,,,,,,,,
,,10.1,,,,,,,0.0,,978.2,,,,,,,,,,,,,0.0,,,,,,10.1,False,,,,,,,,,,,2026-09-24 12:00:00,,2.3,,,,342,,,,,,,0.0,,31.6,Lamphun,,,,0.0,59,,,,,,,,,,,,
,,9.6,,,,,,,0.0,,977.9,,,,,,,,,,,,,0.0,,,,,,9.6,False,,,,,,,,,,,2026-09-24 13:00:00,,2.1,,,,290,,,,,,,0.0,,31.3,Lamphun,,,,0.0,57,,,,,,,,,,,,
,,9.3,,,,,,,0.1,,976.1,,,,,,,,,,,,,0.0,,,,,,9.3,False,,,,,,,,,,,2026-09-24 14:00:00,,2.6,,,,192,,,,,,,0.0,,31.1,Lamphun,,,,0.0,60,,,,,,,,,,,,
,,10.0,,,,,,,0.1,,975.0,,,,,,,,,,,,,0.0,,,,,,10.0,False,,,,,,,,,,,2026-09-24 15:00:00,,5.4,,,,180,,,,,,,0.0,,31.0,Lamphun,,,,0.0,64,,,,,,,,,,,,
,,10.2,,,,,,,0.1,,974.8,,,,,,,,,,,,,0.0,,,,,,10.2,False,,,,,,,,,,,2026-09-24 16:00:00,,9.3,,,,148,,,,,,,0.0,,30.4,Lamphun,,,,0.0,67,,,,,,,,,,,,
,,10.1,,,,,,,0.2,,975.3,,,,,,,,,,,,,0.0,,,,,,10.1,False,,,,,,,,,,,2026-09-24 17:00:00,,11.6,,,,165,,,,,,,0.0,,28.6,Lamphun,,,,0.0,76,,,,,,,,,,,,
,,11.1,,,,,,,0.0,,975.7,,,,,,,,,,,,,0.0,,,,,,11.1,False,,,,,,,,,,,2026-09-24 18:00:00,,9.5,,,,151,,,,,,,0.0,,27.9,Lamphun,,,,0.0,79,,,,,,,,,,,,
,,11.2,,,,,,,0.0,,976.5,,,,,,,,,,,,,0.0,,,,,,11.2,False,,,,,,,,,,,2026-09-24 19:00:00,,0.4,,,,180,,,,,,,0.0,,27.8,Lamphun,,,,0.0,79,,,,,,,,,,,,
,,10.4,,,,,,,0.0,,977.1,,,,,,,,,,,,,0.0,,,,,,10.4,False,,,,,,,,,,,2026-09-24 20:00:00,,0.7,,,,166,,,,,,,0.0,,27.1,Lamphun,,,,0.0,82,,,,,,,,,,,,
,,9.7,,,,,,,0.0,,977.9,,,,,,,,,,,,,0.0,,,,,,9.7,False,,,,,,,,,,,2026-09-24 21:00:00,,1.5,,,,187,,,,,,,0.0,,26.4,Lamphun,,,,0.0,87,,,,,,,,,,,,
,,9.9,,,,,,,0.0,,978.7,,,,,,,,,,,,,0.0,,,,,,9.9,False,,,,,,,,,,,2026-09-24 22:00:00,,1.6,,,,180,,,,,,,0.0,,26.0,Lamphun,,,,0.0,89,,,,,,,,,,,,
,,10.1,,,,,,,0.0,,979.0,,,,,,,,,,,,,0.0,,,,,,10.1,False,,,,,,,,,,,2026-09-24 23:00:00,,2.4,,,,132,,,,,,,0.0,,26.2,Lamphun,,,,0.0,89,,,,,,,,,,,,
,,10.2,,,,,,,0.0,,978.6,,,,,,,,,,,,,0.0,,,,,,10.2,False,,,,,,,,,,,2026-09-25 00:00:00,,1.9,,,,119,,,,,,,0.0,,26.1,Lamphun,,,,0.0,90,,,,,,,,,,,,
,,10.2,,,,,,,0.0,,978.3,,,,,,,,,,,,,0.0,,,,,,10.2,False,,,,,,,,,,,2026-09-25 01:00:00,,3.6,,,,60,,,,,,,0.0,,25.8,Lamphun,,,,0.0,91,,,,,,,,,,,,
,,10.6,,,,,,,0.0,,977.9,,,,,,,,,,,,,0.0,,,,,,10.6,False,,,,,,,,,,,2026-09-25 02:00:00,,2.7,,,,23,,,,,,,0.0,,25.0,Lamphun,,,,0.0,94,,,,,,,,,,,,
,,12.0,,,,,,,0.0,,977.5,,,,,,,,,,,,,0.0,,,,,,12.0,False,,,,,,,,,,,2026-09-25 03:00:00,,3.5,,,,66,,,,,,,0.0,,24.7,Lamphun,,,,0.0,94,,,,,,,,,,,,
,,13.4,,,,,,,0.0,,977.1,,,,,,,,,,,,,0.0,,,,,,13.4,False,,,,,,,,,,,2026-09-25 04:00:00,,3.4,,,,43,,,,,,,0.0,,24.3,Lamphun,,,,0.0,94,,,,,,,,,,,,
,,14.9,,,,,,,0.0,,977.1,,,,,,,,,,,,,0.0,,,,,,14.9,False,,,,,,,,,,,2026-09-25 05:00:00,,1.5,,,,69,,,,,,,0.0,,24.1,Lamphun,,,,0.0,94,,,,,,,,,,,,
,,16.3,,,,,,,0.0,,977.5,,,,,,,,,,,,,0.0,,,,,,16.3,False,,,,,,,,,,,2026-09-25 06:00:00,,0.5,,,,180,,,,,,,0.0,,24.0,Lamphun,,,,0.0,94,,,,,,,,,,,,
,,12.8,,,,,,,0.0,,978.0,,,,,,,,,,,,,0.0,,,,,,12.8,False,,,,,,,,,,,2026-09-25 07:00:00,,4.7,,,,47,,,,,,,0.0,,25.5,Lamphun,,,,0.0,88,,,,,,,,,,,,
,,15.0,,,,,,,0.0,,978.7,,,,,,,,,,,,,0.0,,,,,,15.0,False,,,,,,,,,,,2026-09-25 08:00:00,,1.9,,,,29,,,,,,,0.0,,26.8,Lamphun,,,,0.0,84,,,,,,,,,,,,
,,10.6,,,,,,,0.0,,979.2,,,,,,,,,,,,,0.0,,,,,,10.6,False,,,,,,,,,,,2026-09-25 09:00:00,,2.0,,,,265,,,,,,,0.0,,28.1,Lamphun,,,,0.0,80,,,,,,,,,,,,
,,9.0,,,,,,,0.0,,979.3,,,,,,,,,,,,,0.0,,,,,,9.0,False,,,,,,,,,,,2026-09-25 10:00:00,,4.3,,,,268,,,,,,,0.0,,29.7,Lamphun,,,,0.0,71,,,,,,,,,,,,
,,8.1,,,,,,,0.0,,978.8,,,,,,,,,,,,,0.0,,,,,,8.1,False,,,,,,,,,,,2026-09-25 11:00:00,,4.7,,,,277,,,,,,,0.0,,30.8,Lamphun,,,,0.0,63,,,,,,,,,,,,
,,7.9,,,,,,,0.0,,977.9,,,,,,,,,,,,,0.0,,,,,,7.9,False,,,,,,,,,,,2026-09-25 12:00:00,,4.8,,,,283,,,,,,,0.0,,31.4,Lamphun,,,,0.0,60,,,,,,,,,,,,
,,7.0,,,,,,,0.7,,977.0,,,,,,,,,,,,,0.0,,,,,,7.0,False,,,,,,,,,,,2026-09-25 13:00:00,,1.3,,,,90,,,,,,,0.0,,31.4,Lamphun,,,,0.0,60,,,,,,,,,,,,
,,7.0,,,,,,,0.2,,975.0,,,,,,,,,,,,,0.0,,,,,,7.0,False,,,,,,,,,,,2026-09-25 14:00:00,,6.1,,,,92,,,,,,,0.0,,31.4,Lamphun,,,,0.0,62,,,,,,,,,,,,
,,7.1,,,,,,,0.1,,974.2,,,,,,,,,,,,,0.0,,,,,,7.1,False,,,,,,,,,,,2026-09-25 15:00:00,,5.5,,,,122,,,,,,,0.0,,31.3,Lamphun,,,,0.0,63,,,,,,,,,,,,
,,7.5,,,,,,,0.0,,974.3,,,,,,,,,,,,,0.0,,,,,,7.5,False,,,,,,,,,,,2026-09-25 16:00:00,,6.1,,,,120,,,,,,,0.0,,31.4,Lamphun,,,,0.0,61,,,,,,,,,,,,
,,7.7,,,,,,,0.2,,974.5,,,,,,,,,,,,,0.0,,,,,,7.7,False,,,,,,,,,,,2026-09-25 17:00:00,,9.2,,,,102,,,,,,,0.0,,29.9,Lamphun,,,,0.0,73,,,,,,,,,,,,
,,8.8,,,,,,,0.1,,975.3,,,,,,,,,,,,,0.0,,,,,,8.8,False,,,,,,,,,,,2026-09-25 18:00:00,,7.3,,,,164,,,,,,,0.0,,28.4,Lamphun,,,,0.0,79,,,,,,,,,,,,
,,11.1,,,,,,,0.0,,975.7,,,,,,,,,,,,,0.0,,,,,,11.1,False,,,,,,,,,,,2026-09-25 19:00:00,,6.3,,,,180,,,,,,,0.0,,27.7,Lamphun,,,,0.0,80,,,,,,,,,,,,
,,12.1,,,,,,,0.0,,975.8,,,,,,,,,,,,,0.0,,,,,,12.1,False,,,,,,,,,,,2026-09-25 20:00:00,,4.7,,,,212,,,,,,,0.0,,26.9,Lamphun,,,,0.0,83,,,,,,,,,,,,
,,12.9,,,,,,,0.0,,976.6,,,,,,,,,,,,,0.0,,,,,,12.9,False,,,,,,,,,,,2026-09-25 21:00:00,,4.0,,,,180,,,,,,,0.0,,26.5,Lamphun,,,,0.0,86,,,,,,,,,,,,
,,13.4,,,,,,,0.0,,977.3,,,,,,,,,,,,,0.0,,,,,,13.4,False,,,,,,,,,,,2026-09-25 22:00:00,,4.6,,,,144,,,,,,,0.0,,26.1,Lamphun,,,,0.0,89,,,,,,,,,,,,
,,13.9,,,,,,,0.0,,977.4,,,,,,,,,,,,,0.0,,,,,,13.9,False,,,,,,,,,,,2026-09-25 23:00:00,,2.8,,,,140,,,,,,,0.0,,25.5,Lamphun,,,,0.0,92,,,,,,,,,,,,
,,14.4,,,,,,,0.0,,977.1,,,,,,,,,,,,,0.0,,,,,,14.4,False,,,,,,,,,,,2026-09-26 00:00:00,,1.3,,,,106,,,,,,,0.0,,25.2,Lamphun,,,,0.0,94,,,,,,,,,,,,
,,14.6,,,,,,,0.0,,976.5,,,,,,,,,,,,,0.0,,,,,,14.6,False,,,,,,,,,,,2026-09-26 01:00:00,,3.9,,,,74,,,,,,,0.0,,25.4,Lamphun,,,,0.0,95,,,,,,,,,,,,
,,11.0,,,,,,,0.1,,976.0,,,,,,,,,,,,,0.0,,,,,,11.0,False,,,,,,,,,,,2026-09-26 02:00:00,,4.2,,,,95,,,,,,,0.0,,25.1,Lamphun,,,,0.0,94,,,,,,,,,,,,
,,5.7,,,,,,,0.4,,976.0,,,,,,,,,,,,,0.0,,,,,,5.7,False,,,,,,,,,,,2026-09-26 03:00:00,,6.4,,,,52,,,,,,,0.0,,25.5,Lamphun,,,,0.0,92,,,,,,,,,,,,
,,7.2,,,,,,,0.1,,975.9,,,,,,,,,,,,,0.0,,,,,,7.2,False,,,,,,,,,,,2026-09-26 04:00:00,,5.9,,,,108,,,,,,,0.0,,24.8,Lamphun,,,,0.0,93,,,,,,,,,,,,
,,7.3,,,,,,,0.0,,976.2,,,,,,,,,,,,,0.0,,,,,,7.3,False,,,,,,,,,,,2026-09-26 05:00:00,,3.8,,,,221,,,,,,,0.0,,24.3,Lamphun,,,,0.0,96,,,,,,,,,,,,
,,7.2,,,,,,,0.0,,976.4,,,,,,,,,,,,,0.0,,,,,,7.2,False,,,,,,,,,,,2026-09-26 06:00:00,,7.1,,,,261,,,,,,,0.0,,23.9,Lamphun,,,,0.0,97,,,,,,,,,,,,
,,2.2,,,,,,,0.0,,977.1,,,,,,,,,,,,,0.0,,,,,,2.2,False,,,,,,,,,,,2026-09-26 07:00:00,,1.8,,,,186,,,,,,,0.0,,24.1,Lamphun,,,,0.0,95,,,,,,,,,,,,
,,3.3,,,,,,,0.0,,977.9,,,,,,,,,,,,,0.0,,,,,,3.3,False,,,,,,,,,,,2026-09-26 08:00:00,,1.9,,,,158,,,,,,,0.0,,25.4,Lamphun,,,,0.0,90,,,,,,,,,,,,
,,3.0,,,,,,,0.0,,978.3,,,,,,,,,,,,,0.0,,,,,,3.0,False,,,,,,,,,,,2026-09-26 09:00:00,,0.9,,,,143,,,,,,,0.0,,27.2,Lamphun,,,,0.0,83,,,,,,,,,,,,
,,2.4,,,,,,,0.0,,978.2,,,,,,,,,,,,,0.0,,,,,,2.4,False,,,,,,,,,,,2026-09-26 10:00:00,,1.8,,,,281,,,,,,,0.0,,28.8,Lamphun,,,,0.0,77,,,,,,,,,,,,
,,2.2,,,,,,,0.1,,977.8,,,,,,,,,,,,,0.0,,,,,,2.2,False,,,,,,,,,,,2026-09-26 11:00:00,,1.1,,,,261,,,,,,,0.0,,30.1,Lamphun,,,,0.0,72,,,,,,,,,,,,
,,2.2,,,,,,,0.3,,976.6,,,,,,,,,,,,,0.0,,,,,,2.2,False,,,,,,,,,,,2026-09-26 12:00:00,,3.5,,,,111,,,,,,,0.0,,30.5,Lamphun,,,,0.0,70,,,,,,,,,,,,
,,2.4,,,,,,,0.3,,975.5,,,,,,,,,,,,,0.0,,,,,,2.4,False,,,,,,,,,,,2026-09-26 13:00:00,,2.6,,,,106,,,,,,,0.0,,31.7,Lamphun,,,,0.0,64,,,,,,,,,,,,
,,2.5,,,,,,,0.3,,974.1,,,,,,,,,,,,,0.0,,,,,,2.5,False,,,,,,,,,,,2026-09-26 14:00:00,,5.1,,,,54,,,,,,,0.0,,32.0,Lamphun,,,,0.0,62,,,,,,,,,,,,
,,2.6,,,,,,,0.2,,972.9,,,,,,,,,,,,,0.0,,,,,,2.6,False,,,,,,,,,,,2026-09-26 15:00:00,,4.7,,,,81,,,,,,,0.0,,32.5,Lamphun,,,,0.0,57,,,,,,,,,,,,
,,2.9,,,,,,,0.1,,972.3,,,,,,,,,,,,,0.0,,,,,,2.9,False,,,,,,,,,,,2026-09-26 16:00:00,,2.4,,,,81,,,,,,,0.0,,32.5,Lamphun,,,,0.0,56,,,,,,,,,,,,
,,3.2,,,,,,,0.1,,972.7,,,,,,,,,,,,,0.0,,,,,,3.2,False,,,,,,,,,,,2026-09-26 17:00:00,,6.5,,,,150,,,,,,,0.0,,31.4,Lamphun,,,,0.0,63,,,,,,,,,,,,
,,4.0,,,,,,,0.0,,973.3,,,,,,,,,,,,,0.0,,,,,,4.0,False,,,,,,,,,,,2026-09-26 18:00:00,,5.2,,,,192,,,,,,,0.0,,29.6,Lamphun,,,,0.0,74,,,,,,,,,,,,
,,12.7,,,,,,,0.0,,973.4,,,,,,,,,,,,,0.0,,,,,,12.7,False,,,,,,,,,,,2026-09-26 19:00:00,,5.9,,,,169,,,,,,,0.0,,28.4,Lamphun,,,,0.0,75,,,,,,,,,,,,
,,13.8,,,,,,,0.0,,974.4,,,,,,,,,,,,,0.0,,,,,,13.8,False,,,,,,,,,,,2026-09-26 20:00:00,,5.6,,,,173,,,,,,,0.0,,27.4,Lamphun,,,,0.0,79,,,,,,,,,,,,
,,14.3,,,,,,,0.0,,975.2,,,,,,,,,,,,,0.0,,,,,,14.3,False,,,,,,,,,,,2026-09-26 21:00:00,,3.3,,,,193,,,,,,,0.0,,27.1,Lamphun,,,,0.0,81,,,,,,,,,,,,
,,15.1,,,,,,,0.0,,975.8,,,,,,,,,,,,,0.0,,,,,,15.1,False,,,,,,,,,,,2026-09-26 22:00:00,,1.5,,,,225,,,,,,,0.0,,26.8,Lamphun,,,,0.0,82,,,,,,,,,,,,
,,15.7,,,,,,,0.0,,975.5,,,,,,,,,,,,,0.0,,,,,,15.7,False,,,,,,,,,,,2026-09-26 23:00:00,,0.2,,,,270,,,,,,,0.0,,26.6,Lamphun,,,,0.0,84,,,,,,,,,,,,
,,15.9,,,,,,,0.0,,975.5,,,,,,,,,,,,,0.0,,,,,,15.9,False,,,,,,,,,,,2026-09-27 00:00:00,,1.9,,,,112,,,,,,,0.0,,26.3,Lamphun,,,,0.0,84,,,,,,,,,,,,
,,14.1,,,,,,,0.0,,974.8,,,,,,,,,,,,,0.0,,,,,,14.1,False,,,,,,,,,,,2026-09-27 01:00:00,,6.8,,,,68,,,,,,,0.0,,26.4,Lamphun,,,,0.0,83,,,,,,,,,,,,
,,11.2,,,,,,,0.0,,974.5,,,,,,,,,,,,,0.0,,,,,,11.2,False,,,,,,,,,,,2026-09-27 02:00:00,,7.6,,,,71,,,,,,,0.0,,26.1,Lamphun,,,,0.0,79,,,,,,,,,,,,
,,9.7,,,,,,,0.0,,974.0,,,,,,,,,,,,,0.0,,,,,,9.7,False,,,,,,,,,,,2026-09-27 03:00:00,,7.6,,,,86,,,,,,,0.0,,25.7,Lamphun,,,,0.0,80,,,,,,,,,,,,
,,7.8,,,,,,,0.0,,973.9,,,,,,,,,,,,,0.0,,,,,,7.8,False,,,,,,,,,,,2026-09-27 04:00:00,,7.5,,,,105,,,,,,,0.0,,25.5,Lamphun,,,,0.0,81,,,,,,,,,,,,
,,6.3,,,,,,,0.0,,973.9,,,,,,,,,,,,,0.0,,,,,,6.3,False,,,,,,,,,,,2026-09-27 05:00:00,,6.1,,,,104,,,,,,,0.0,,25.2,Lamphun,,,,0.0,82,,,,,,,,,,,,
,,5.1,,,,,,,0.0,,974.3,,,,,,,,,,,,,0.0,,,,,,5.1,False,,,,,,,,,,,2026-09-27 06:00:00,,3.9,,,,106,,,,,,,0.0,,25.1,Lamphun,,,,0.0,83,,,,,,,,,,,,
,,5.6,,,,,,,0.0,,975.1,,,,,,,,,,,,,0.0,,,,,,5.6,False,,,,,,,,,,,2026-09-27 07:00:00,,6.8,,,,61,,,,,,,0.0,,26.0,Lamphun,,,,0.0,80,,,,,,,,,,,,
,,3.6,,,,,,,0.0,,975.9,,,,,,,,,,,,,0.0,,,,,,3.6,False,,,,,,,,,,,2026-09-27 08:00:00,,7.3,,,,79,,,,,,,0.0,,27.5,Lamphun,,,,0.0,74,,,,,,,,,,,,
,,3.0,,,,,,,0.0,,976.2,,,,,,,,,,,,,0.0,,,,,,3.0,False,,,,,,,,,,,2026-09-27 09:00:00,,8.0,,,,84,,,,,,,0.0,,28.7,Lamphun,,,,0.0,69,,,,,,,,,,,,
,,3.2,,,,,,,0.0,,976.3,,,,,,,,,,,,,0.0,,,,,,3.2,False,,,,,,,,,,,2026-09-27 10:00:00,,7.3,,,,101,,,,,,,0.0,,30.0,Lamphun,,,,0.0,63,,,,,,,,,,,,
,,3.4,,,,,,,0.2,,975.8,,,,,,,,,,,,,0.0,,,,,,3.4,False,,,,,,,,,,,2026-09-27 11:00:00,,7.3,,,,126,,,,,,,0.0,,30.8,Lamphun,,,,0.0,60,,,,,,,,,,,,
,,3.9,,,,,,,0.3,,974.7,,,,,,,,,,,,,0.0,,,,,,3.9,False,,,,,,,,,,,2026-09-27 12:00:00,,8.0,,,,130,,,,,,,0.0,,31.3,Lamphun,,,,0.0,58,,,,,,,,,,,,
,,4.2,,,,,,,0.2,,974.2,,,,,,,,,,,,,0.0,,,,,,4.2,False,,,,,,,,,,,2026-09-27 13:00:00,,6.3,,,,95,,,,,,,0.0,,32.1,Lamphun,,,,0.0,52,,,,,,,,,,,,
,,4.5,,,,,,,0.3,,972.5,,,,,,,,,,,,,0.0,,,,,,4.5,False,,,,,,,,,,,2026-09-27 14:00:00,,7.7,,,,65,,,,,,,0.0,,32.2,Lamphun,,,,0.0,52,,,,,,,,,,,,
,,4.8,,,,,,,0.4,,971.5,,,,,,,,,,,,,0.0,,,,,,4.8,False,,,,,,,,,,,2026-09-27 15:00:00,,6.2,,,,68,,,,,,,0.0,,32.0,Lamphun,,,,0.0,54,,,,,,,,,,,,
,,5.1,,,,,,,0.2,,971.0,,,,,,,,,,,,,0.0,,,,,,5.1,False,,,,,,,,,,,2026-09-27 16:00:00,,8.7,,,,103,,,,,,,0.0,,31.7,Lamphun,,,,0.0,57,,,,,,,,,,,,
,,5.2,,,,,,,0.2,,971.7,,,,,,,,,,,,,0.0,,,,,,5.2,False,,,,,,,,,,,2026-09-27 17:00:00,,14.8,,,,134,,,,,,,0.0,,30.2,Lamphun,,,,0.0,65,,,,,,,,,,,,
,,5.1,,,,,,,0.2,,972.7,,,,,,,,,,,,,0.0,,,,,,5.1,False,,,,,,,,,,,2026-09-27 18:00:00,,17.7,,,,147,,,,,,,0.0,,27.2,Lamphun,,,,0.0,76,,,,,,,,,,,,
,,6.7,,,,,,,5.7,,973.2,,,,,,,,,,,,,0.0,,,,,,6.7,False,,,,,,,,,,,2026-09-27 19:00:00,,8.5,,,,175,,,,,,,0.0,,26.7,Lamphun,,,,0.0,85,,,,,,,,,,,,
,,5.5,,,,,,,0.3,,974.2,,,,,,,,,,,,,0.0,,,,,,5.5,False,,,,,,,,,,,2026-09-27 20:00:00,,3.9,,,,248,,,,,,,0.0,,26.4,Lamphun,,,,0.0,89,,,,,,,,,,,,
,,4.7,,,,,,,0.1,,974.7,,,,,,,,,,,,,0.0,,,,,,4.7,False,,,,,,,,,,,2026-09-27 21:00:00,,2.6,,,,254,,,,,,,0.0,,26.5,Lamphun,,,,0.0,92,,,,,,,,,,,,
,,4.2,,,,,,,0.3,,975.4,,,,,,,,,,,,,0.0,,,,,,4.2,False,,,,,,,,,,,2026-09-27 22:00:00,,6.9,,,,147,,,,,,,0.0,,26.0,Lamphun,,,,0.0,91,,,,,,,,,,,,
,,3.8,,,,,,,0.3,,975.4,,,,,,,,,,,,,0.0,,,,,,3.8,False,,,,,,,,,,,2026-09-27 23:00:00,,8.4,,,,138,,,,,,,0.0,,24.7,Lamphun,,,,0.0,92,,,,,,,,,,,,
,,3.6,,,,,,,0.2,,975.5,,,,,,,,,,,,,0.0,,,,,,3.6,False,,,,,,,,,,,2026-09-28 00:00:00,,3.0,,,,155,,,,,,,0.0,,24.7,Lamphun,,,,0.0,92,,,,,,,,,,,,
,,3.5,,,,,,,0.0,,974.8,,,,,,,,,,,,,0.0,,,,,,3.5,False,,,,,,,,,,,2026-09-28 01:00:00,,0.4,,,,270,,,,,,,0.0,,24.9,Lamphun,,,,0.0,93,,,,,,,,,,,,
,,3.3,,,,,,,0.0,,974.7,,,,,,,,,,,,,0.0,,,,,,3.3,False,,,,,,,,,,,2026-09-28 02:00:00,,0.5,,,,135,,,,,,,0.0,,24.7,Lamphun,,,,0.0,91,,,,,,,,,,,,
,,2.2,,,,,,,0.0,,974.5,,,,,,,,,,,,,0.0,,,,,,2.2,False,,,,,,,,,,,2026-09-28 03:00:00,,0.3,,,,315,,,,,,,0.0,,24.7,Lamphun,,,,0.0,91,,,,,,,,,,,,
,,2.5,,,,,,,0.0,,974.0,,,,,,,,,,,,,0.0,,,,,,2.5,False,,,,,,,,,,,2026-09-28 04:00:00,,1.7,,,,328,,,,,,,0.0,,24.3,Lamphun,,,,0.0,92,,,,,,,,,,,,
,,2.4,,,,,,,0.0,,974.0,,,,,,,,,,,,,0.0,,,,,,2.4,False,,,,,,,,,,,2026-09-28 05:00:00,,2.8,,,,333,,,,,,,0.0,,24.1,Lamphun,,,,0.0,94,,,,,,,,,,,,
,,2.5,,,,,,,0.1,,974.3,,,,,,,,,,,,,0.0,,,,,,2.5,False,,,,,,,,,,,2026-09-28 06:00:00,,2.1,,,,15,,,,,,,0.0,,24.1,Lamphun,,,,0.0,94,,,,,,,,,,,,
,,3.8,,,,,,,1.0,,975.2,,,,,,,,,,,,,0.0,,,,,,3.8,False,,,,,,,,,,,2026-09-28 07:00:00,,6.9,,,,33,,,,,,,0.0,,25.0,Lamphun,,,,0.0,88,,,,,,,,,,,,
,,3.9,,,,,,,0.0,,975.9,,,,,,,,,,,,,0.0,,,,,,3.9,False,,,,,,,,,,,2026-09-28 08:00:00,,8.0,,,,50,,,,,,,0.0,,26.3,Lamphun,,,,0.0,82,,,,,,,,,,,,
,,3.7,,,,,,,0.0,,976.4,,,,,,,,,,,,,0.0,,,,,,3.7,False,,,,,,,,,,,2026-09-28 09:00:00,,7.1,,,,63,,,,,,,0.0,,27.8,Lamphun,,,,0.0,74,,,,,,,,,,,,
,,3.5,,,,,,,0.1,,976.7,,,,,,,,,,,,,0.0,,,,,,3.5,False,,,,,,,,,,,2026-09-28 10:00:00,,8.5,,,,72,,,,,,,0.0,,28.3,Lamphun,,,,0.0,72,,,,,,,,,,,,
,,3.3,,,,,,,0.4,,976.7,,,,,,,,,,,,,0.0,,,,,,3.3,False,,,,,,,,,,,2026-09-28 11:00:00,,5.0,,,,116,,,,,,,0.0,,27.3,Lamphun,,,,0.0,76,,,,,,,,,,,,
,,3.6,,,,,,,1.9,,976.2,,,,,,,,,,,,,0.0,,,,,,3.6,False,,,,,,,,,,,2026-09-28 12:00:00,,7.1,,,,96,,,,,,,0.0,,26.4,Lamphun,,,,0.0,84,,,,,,,,,,,,
,,3.5,,,,,,,0.9,,976.2,,,,,,,,,,,,,0.0,,,,,,3.5,False,,,,,,,,,,,2026-09-28 13:00:00,,8.4,,,,106,,,,,,,0.0,,25.8,Lamphun,,,,0.0,88,,,,,,,,,,,,
,,3.8,,,,,,,1.4,,975.3,,,,,,,,,,,,,0.0,,,,,,3.8,False,,,,,,,,,,,2026-09-28 14:00:00,,6.3,,,,97,,,,,,,0.0,,25.2,Lamphun,,,,0.0,89,,,,,,,,,,,,
,,3.7,,,,,,,0.9,,975.0,,,,,,,,,,,,,0.0,,,,,,3.7,False,,,,,,,,,,,2026-09-28 15:00:00,,5.8,,,,353,,,,,,,0.0,,25.2,Lamphun,,,,0.0,86,,,,,,,,,,,,
,,2.7,,,,,,,1.6,,974.4,,,,,,,,,,,,,0.0,,,,,,2.7,False,,,,,,,,,,,2026-09-28 16:00:00,,8.5,,,,27,,,,,,,0.0,,25.0,Lamphun,,,,0.0,90,,,,,,,,,,,,
,,2.3,,,,,,,2.4,,974.5,,,,,,,,,,,,,0.0,,,,,,2.3,False,,,,,,,,,,,2026-09-28 17:00:00,,9.1,,,,56,,,,,,,0.0,,24.7,Lamphun,,,,0.0,92,,,,,,,,,,,,
,,2.2,,,,,,,2.2,,974.5,,,,,,,,,,,,,0.0,,,,,,2.2,False,,,,,,,,,,,2026-09-28 18:00:00,,11.8,,,,64,,,,,,,0.0,,24.0,Lamphun,,,,0.0,91,,,,,,,,,,,,
,,4.0,,,,,,,0.9,,975.7,,,,,,,,,,,,,0.0,,,,,,4.0,False,,,,,,,,,,,2026-09-28 19:00:00,,9.0,,,,88,,,,,,,0.0,,24.0,Lamphun,,,,0.0,89,,,,,,,,,,,,
,,3.0,,,,,,,0.8,,976.5,,,,,,,,,,,,,0.0,,,,,,3.0,False,,,,,,,,,,,2026-09-28 20:00:00,,7.9,,,,77,,,,,,,0.0,,23.8,Lamphun,,,,0.0,90,,,,,,,,,,,,
,,2.6,,,,,,,1.2,,977.3,,,,,,,,,,,,,0.0,,,,,,2.6,False,,,,,,,,,,,2026-09-28 21:00:00,,6.8,,,,78,,,,,,,0.0,,23.8,Lamphun,,,,0.0,91,,,,,,,,,,,,
,,2.7,,,,,,,0.5,,977.8,,,,,,,,,,,,,0.0,,,,,,2.7,False,,,,,,,,,,,2026-09-28 22:00:00,,10.4,,,,101,,,,,,,0.0,,23.7,Lamphun,,,,0.0,91,,,,,,,,,,,,
,,2.8,,,,,,,0.4,,978.2,,,,,,,,,,,,,0.0,,,,,,2.8,False,,,,,,,,,,,2026-09-28 23:00:00,,11.3,,,,115,,,,,,,0.0,,23.7,Lamphun,,,,0.0,91,,,,,,,,,,,,
,,2.6,,,,,,,0.7,,978.1,,,,,,,,,,,,,0.0,,,,,,2.6,False,,,,,,,,,,,2026-09-29 00:00:00,,13.1,,,,115,,,,,,,0.0,,23.7,Lamphun,,,,0.0,92,,,,,,,,,,,,
,,2.2,,,,,,,1.9,,977.8,,,,,,,,,,,,,0.0,,,,,,2.2,False,,,,,,,,,,,2026-09-29 01:00:00,,7.7,,,,69,,,,,,,0.0,,23.8,Lamphun,,,,0.0,94,,,,,,,,,,,,
,,2.2,,,,,,,1.8,,977.0,,,,,,,,,,,,,0.0,,,,,,2.2,False,,,,,,,,,,,2026-09-29 02:00:00,,9.4,,,,88,,,,,,,0.0,,23.7,Lamphun,,,,0.0,93,,,,,,,,,,,,
,,2.9,,,,,,,1.9,,976.6,,,,,,,,,,,,,0.0,,,,,,2.9,False,,,,,,,,,,,2026-09-29 03:00:00,,11.7,,,,104,,,,,,,0.0,,23.8,Lamphun,,,,0.0,92,,,,,,,,,,,,
,,3.6,,,,,,,2.2,,976.5,,,,,,,,,,,,,0.0,,,,,,3.6,False,,,,,,,,,,,2026-09-29 04:00:00,,14.5,,,,121,,,,,,,0.0,,23.7,Lamphun,,,,0.0,91,,,,,,,,,,,,
,,3.6,,,,,,,1.1,,976.5,,,,,,,,,,,,,0.0,,,,,,3.6,False,,,,,,,,,,,2026-09-29 05:00:00,,16.8,,,,125,,,,,,,0.0,,23.6,Lamphun,,,,0.0,91,,,,,,,,,,,,
,,3.6,,,,,,,0.1,,977.2,,,,,,,,,,,,,0.0,,,,,,3.6,False,,,,,,,,,,,2026-09-29 06:00:00,,18.3,,,,137,,,,,,,0.0,,23.7,Lamphun,,,,0.0,90,,,,,,,,,,,,
,,4.9,,,,,,,0.0,,978.4,,,,,,,,,,,,,0.0,,,,,,4.9,False,,,,,,,,,,,2026-09-29 07:00:00,,12.5,,,,139,,,,,,,0.0,,24.2,Lamphun,,,,0.0,90,,,,,,,,,,,,
,,5.1,,,,,,,0.0,,979.3,,,,,,,,,,,,,0.0,,,,,,5.1,False,,,,,,,,,,,2026-09-29 08:00:00,,12.1,,,,147,,,,,,,0.0,,25.2,Lamphun,,,,0.0,86,,,,,,,,,,,,
,,5.4,,,,,,,0.0,,980.0,,,,,,,,,,,,,0.0,,,,,,5.4,False,,,,,,,,,,,2026-09-29 09:00:00,,10.4,,,,144,,,,,,,0.0,,25.7,Lamphun,,,,0.0,85,,,,,,,,,,,,
,,4.7,,,,,,,0.1,,979.9,,,,,,,,,,,,,0.0,,,,,,4.7,False,,,,,,,,,,,2026-09-29 10:00:00,,11.6,,,,144,,,,,,,0.0,,27.1,Lamphun,,,,0.0,79,,,,,,,,,,,,
,,5.2,,,,,,,0.5,,979.8,,,,,,,,,,,,,0.0,,,,,,5.2,False,,,,,,,,,,,2026-09-29 11:00:00,,17.4,,,,149,,,,,,,0.0,,26.7,Lamphun,,,,0.0,80,,,,,,,,,,,,
,,5.3,,,,,,,1.1,,979.0,,,,,,,,,,,,,0.0,,,,,,5.3,False,,,,,,,,,,,2026-09-29 12:00:00,,16.1,,,,147,,,,,,,0.0,,26.2,Lamphun,,,,0.0,85,,,,,,,,,,,,
,,5.3,,,,,,,0.0,,979.2,,,,,,,,,,,,,0.0,,,,,,5.3,False,,,,,,,,,,,2026-09-29 13:00:00,,12.2,,,,147,,,,,,,0.0,,27.6,Lamphun,,,,0.0,76,,,,,,,,,,,,
,,5.6,,,,,,,0.1,,977.8,,,,,,,,,,,,,0.0,,,,,,5.6,False,,,,,,,,,,,2026-09-29 14:00:00,,13.9,,,,146,,,,,,,0.0,,28.6,Lamphun,,,,0.0,73,,,,,,,,,,,,
,,5.9,,,,,,,0.1,,976.9,,,,,,,,,,,,,0.0,,,,,,5.9,False,,,,,,,,,,,2026-09-29 15:00:00,,11.5,,,,140,,,,,,,0.0,,28.7,Lamphun,,,,0.0,73,,,,,,,,,,,,
,,6.0,,,,,,,7.5,,976.9,,,,,,,,,,,,,0.0,,,,,,6.0,False,,,,,,,,,,,2026-09-29 16:00:00,,13.9,,,,170,,,,,,,0.0,,25.8,Lamphun,,,,0.0,90,,,,,,,,,,,,
,,5.8,,,,,,,0.8,,977.2,,,,,,,,,,,,,0.0,,,,,,5.8,False,,,,,,,,,,,2026-09-29 17:00:00,,2.2,,,,215,,,,,,,0.0,,25.9,Lamphun,,,,0.0,89,,,,,,,,,,,,
,,5.4,,,,,,,2.7,,977.1,,,,,,,,,,,,,0.0,,,,,,5.4,False,,,,,,,,,,,2026-09-29 18:00:00,,2.8,,,,195,,,,,,,0.0,,25.3,Lamphun,,,,0.0,92,,,,,,,,,,,,
,,9.4,,,,,,,0.2,,977.7,,,,,,,,,,,,,0.0,,,,,,9.4,False,,,,,,,,,,,2026-09-29 19:00:00,,1.5,,,,144,,,,,,,0.0,,25.9,Lamphun,,,,0.0,93,,,,,,,,,,,,
,,10.2,,,,,,,0.2,,978.1,,,,,,,,,,,,,0.0,,,,,,10.2,False,,,,,,,,,,,2026-09-29 20:00:00,,3.5,,,,152,,,,,,,0.0,,25.2,Lamphun,,,,0.0,94,,,,,,,,,,,,
,,11.1,,,,,,,0.0,,979.0,,,,,,,,,,,,,0.0,,,,,,11.1,False,,,,,,,,,,,2026-09-29 21:00:00,,3.8,,,,175,,,,,,,0.0,,24.9,Lamphun,,,,0.0,94,,,,,,,,,,,,
,,12.2,,,,,,,0.0,,979.7,,,,,,,,,,,,,0.0,,,,,,12.2,False,,,,,,,,,,,2026-09-29 22:00:00,,3.1,,,,187,,,,,,,0.0,,24.6,Lamphun,,,,0.0,94,,,,,,,,,,,,
,,13.1,,,,,,,0.0,,979.9,,,,,,,,,,,,,0.0,,,,,,13.1,False,,,,,,,,,,,2026-09-29 23:00:00,,1.1,,,,189,,,,,,,0.0,,24.5,Lamphun,,,,0.0,94,,,,,,,,,,,,
,,13.4,,,,,,,0.0,,979.6,,,,,,,,,,,,,0.0,,,,,,13.4,False,,,,,,,,,,,2026-09-30 00:00:00,,0.5,,,,270,,,,,,,0.0,,24.2,Lamphun,,,,0.0,96,,,,,,,,,,,,
,,13.1,,,,,,,0.0,,979.3,,,,,,,,,,,,,0.0,,,,,,13.1,False,,,,,,,,,,,2026-09-30 01:00:00,,0.2,,,,180,,,,,,,0.0,,24.3,Lamphun,,,,0.0,96,,,,,,,,,,,,
,,12.3,,,,,,,0.0,,978.9,,,,,,,,,,,,,0.0,,,,,,12.3,False,,,,,,,,,,,2026-09-30 02:00:00,,0.5,,,,225,,,,,,,0.0,,23.9,Lamphun,,,,0.0,98,,,,,,,,,,,,
,,11.6,,,,,,,0.0,,978.6,,,,,,,,,,,,,0.0,,,,,,11.6,False,,,,,,,,,,,2026-09-30 03:00:00,,0.2,,,,180,,,,,,,0.0,,23.6,Lamphun,,,,0.0,100,,,,,,,,,,,,
,,11.0,,,,,,,0.0,,978.9,,,,,,,,,,,,,0.0,,,,,,11.0,False,,,,,,,,,,,2026-09-30 04:00:00,,0.3,,,,45,,,,,,,0.0,,23.4,Lamphun,,,,0.0,100,,,,,,,,,,,,
,,10.2,,,,,,,0.0,,978.9,,,,,,,,,,,,,0.0,,,,,,10.2,False,,,,,,,,,,,2026-09-30 05:00:00,,1.8,,,,315,,,,,,,0.0,,23.4,Lamphun,,,,0.0,98,,,,,,,,,,,,
,,8.6,,,,,,,0.3,,979.2,,,,,,,,,,,,,0.0,,,,,,8.6,False,,,,,,,,,,,2026-09-30 06:00:00,,4.3,,,,255,,,,,,,0.0,,23.2,Lamphun,,,,0.0,97,,,,,,,,,,,,
,,7.6,,,,,,,1.0,,979.9,,,,,,,,,,,,,0.0,,,,,,7.6,False,,,,,,,,,,,2026-09-30 07:00:00,,1.9,,,,236,,,,,,,0.0,,23.1,Lamphun,,,,0.0,97,,,,,,,,,,,,
,,7.6,,,,,,,0.2,,980.7,,,,,,,,,,,,,0.0,,,,,,7.6,False,,,,,,,,,,,2026-09-30 08:00:00,,2.0,,,,85,,,,,,,0.0,,24.0,Lamphun,,,,0.0,93,,,,,,,,,,,,
,,6.8,,,,,,,0.0,,981.6,,,,,,,,,,,,,0.0,,,,,,6.8,False,,,,,,,,,,,2026-09-30 09:00:00,,2.2,,,,95,,,,,,,0.0,,25.8,Lamphun,,,,0.0,84,,,,,,,,,,,,
,,6.1,,,,,,,0.1,,981.7,,,,,,,,,,,,,0.0,,,,,,6.1,False,,,,,,,,,,,2026-09-30 10:00:00,,1.1,,,,99,,,,,,,0.0,,26.9,Lamphun,,,,0.0,80,,,,,,,,,,,,
10.116666666666665,6.833333333333333,0.0,0.0,7.816666666666666,10.2,-0.7771459614569709,8.700000000000001,21.9,0.2,0.0,981.4,0.0,0.0,3.4,1.3999999999999995,0.0,-0.9659258262890682,-0.20129852008866114,0.0,0.0,0.6293203910498374,13.4,-0.7000000000000002,0.0,0.0,5.0391730424558805,-1.0,3.3,1.3145552691140663,,True,0.258819045102521,10.2,7.6,0.0,0.0,0.0,0.9795299412524943,5.2,0.0,0.0,2026-09-30 11:00:00,0.0,3.5,0.0,6.8,0.0,141,17.79868982327849,-7.0,-1.8369701987210297e-16,0.6128258770283412,2.5566362449298277,13.1,0.0,2.906028217344078,28.3,Lamphun,6.1,3.4251292554685677,-7.0,0.0,73,8.27797619047619,7.6,0.0,0.0,0.0,0.0,6.037499999999999,2026.0,0.18232155679395462,13.4,0.0,13.4
9.024999999999999,4.3,0.0,0.0,6.116666666666666,8.6,-0.9510565162951535,8.483333333333333,21.9,0.4,0.0,980.3,0.0,0.0,3.9,-5.2,0.0,-1.0,-0.20129852008866114,0.0,0.0,0.3090169943749475,13.4,-6.1,0.0,0.0,5.077867586795164,-1.0,3.6,2.8416055711907346,,True,1.2246467991473532e-16,8.6,6.8,0.0,0.0,0.0,0.9795299412524943,5.3,0.0,0.0,2026-09-30 12:00:00,0.0,3.6,0.0,6.1,0.0,162,17.79868982327849,-4.0,-1.8369701987210297e-16,3.0539591789456955,3.623792902471111,13.4,0.0,3.3228585418113856,29.4,Lamphun,0.0,3.5114192435775404,-16.0,0.0,69,8.238095238095237,6.8,0.0,0.0,0.0,0.0,5.96875,2026.0,0.33647223662121295,13.4,0.0,13.4
7.908333333333332,2.033333333333333,0.0,0.0,4.683333333333334,7.6,-0.9945218953682733,8.262500000000001,21.9,0.2,0.0,979.3,0.0,0.0,4.2,-5.3,0.0,-0.9659258262890683,-0.20129852008866114,0.0,0.0,0.10452846326765373,13.4,0.0,0.0,0.0,5.116683839630824,-1.0,3.5,3.3508290848020814,,True,-0.2588190451025208,7.6,6.1,0.0,0.0,0.0,0.9795299412524943,5.3,0.0,0.0,2026-09-30 13:00:00,0.0,5.1,0.0,0.0,0.0,174,17.79868982327849,1.0,-1.8369701987210297e-16,2.875567576825293,4.132484791932761,13.1,0.0,3.683613771375423,29.9,Lamphun,0.0,3.598576469128684,-6.0,0.0,70,8.195238095238095,6.1,0.0,0.0,0.0,0.0,5.89375,2026.0,0.18232155679395462,13.1,0.0,13.4
6.8166666666666655,0.0,0.0,0.0,3.4166666666666665,7.6,-0.8090169943749476,8.041666666666666,21.9,0.3,0.0,978.3,0.0,0.0,4.5,-5.3,0.0,-0.8660254037844388,-0.20129852008866114,0.0,0.0,-0.587785252292473,13.4,0.0,0.0,0.0,5.155129172828627,-1.0,3.8,3.44403671421907,,True,-0.4999999999999997,7.6,0.0,0.0,0.0,0.0,0.9795299412524943,5.6,0.0,0.0,2026-09-30 14:00:00,0.0,8.9,0.0,0.0,0.0,216,17.79868982327849,7.0,-1.8369701987210297e-16,0.0,4.341818615383292,12.3,0.0,3.9998871511859213,28.9,Lamphun,0.0,3.680860312330378,4.0,0.0,77,8.150595238095239,0.0,0.0,0.0,0.0,0.0,5.820833333333333,2026.0,0.26236426446749106,12.3,0.0,13.4
5.791666666666667,0.0,0.0,0.0,2.15,6.8,-0.766044443118978,7.808333333333333,21.9,2.7,0.0,977.3,0.0,0.0,4.8,-5.6,0.0,-0.7071067811865479,-0.20129852008866114,0.0,0.0,-0.6427876096865393,13.4,0.0,0.0,0.0,5.192969823399197,-1.0,3.7,3.0472665346722354,,True,-0.7071067811865471,6.8,0.0,0.0,0.0,0.0,0.9795299412524943,5.9,0.0,0.0,2026-09-30 15:00:00,0.0,3.1,0.0,0.0,0.0,220,17.79868982327849,4.0,-1.8369701987210297e-16,0.0,4.37806242024432,11.6,0.0,4.288445393017018,28.0,Lamphun,0.0,3.763411203800202,8.0,0.0,81,8.105357142857143,0.0,0.0,0.0,0.0,0.0,5.741666666666667,2026.0,1.308332819650179,11.6,0.0,13.4
4.825,0.0,0.0,0.0,1.0166666666666666,6.1,-0.9271838545667873,7.5625,21.9,0.0,0.0,976.7,0.0,0.0,5.1,-5.9,0.0,-0.5000000000000004,-0.20129852008866114,0.0,0.0,0.37460659341591224,13.4,0.0,0.0,0.0,5.230192089880844,-1.0,2.7,2.2733357771247857,,True,-0.8660254037844384,6.1,0.0,0.0,0.0,0.0,0.9795299412524943,6.0,0.0,0.0,2026-09-30 16:00:00,0.0,1.0,0.0,0.0,0.0,158,17.79868982327849,-3.0,-1.8369701987210297e-16,0.0,4.268123123809808,11.0,0.0,4.551813969909872,28.4,Lamphun,0.0,3.841521485868443,-12.0,0.0,78,8.05952380952381,0.0,0.0,0.0,0.0,0.0,5.664583333333333,2026.0,0.0,11.0,0.0,13.4
3.908333333333333,0.0,0.0,0.0,0.0,0.0,-1.8369701987210297e-16,7.3125,21.9,0.1,0.0,976.2,0.0,0.0,5.2,-6.0,0.0,-0.25881904510252063,-0.20129852008866114,0.0,0.0,-1.0,13.4,0.0,0.0,0.0,5.26678224169235,-1.0,2.3,0.0,,True,-0.9659258262890683,0.0,0.0,0.0,0.0,0.0,0.9795299412524943,5.8,0.0,0.0,2026-09-30 17:00:00,0.0,0.0,0.0,0.0,0.0,270,17.79868982327849,-2.0,-1.8369701987210297e-16,0.0,4.0173495270168145,10.2,0.0,4.789338202368534,28.6,Lamphun,0.0,3.9037819981255213,-13.0,0.0,76,8.013095238095238,0.0,0.0,0.0,0.0,0.0,5.608333333333333,2026.0,0.09531017980432487,10.2,0.0,13.4
3.058333333333333,0.0,0.0,0.0,0.0,0.0,0.7986355100472928,7.070833333333334,21.9,0.1,0.0,976.5,0.0,0.0,5.1,-5.8,0.0,-1.8369701987210297e-16,-0.20129852008866114,0.0,0.0,0.6018150231520483,13.4,0.0,0.0,0.0,5.30271344136847,-1.0,2.2,0.0,,True,-1.0,0.0,0.0,0.0,0.0,0.0,0.9795299412524943,5.4,0.0,0.0,2026-09-30 18:00:00,0.0,0.9,0.0,0.0,0.0,37,17.79868982327849,8.0,-1.8369701987210297e-16,0.0,3.659339269443172,8.6,0.0,5.001206451669659,27.8,Lamphun,0.0,3.95783713995269,-8.0,0.0,84,7.966666666666667,0.0,0.0,0.0,0.0,0.0,5.560416666666666,2026.0,0.09531017980432487,8.6,0.0,13.4
2.3416666666666663,0.0,0.0,0.0,0.0,0.0,0.882947592858927,6.845833333333334,21.9,0.0,0.0,977.6,0.0,0.0,6.7,-5.4,0.0,0.2588190451025203,-0.20129852008866114,0.0,0.0,0.4694715627858908,13.4,0.0,0.0,0.0,5.336605839912628,-1.0,4.0,0.0,,True,-0.9659258262890684,0.0,0.0,0.0,0.0,0.0,0.9795299412524943,9.4,0.0,0.0,2026-09-30 19:00:00,0.0,3.5,0.0,0.0,0.0,28,17.79868982327849,6.0,-1.8369701987210297e-16,0.0,3.331280617953935,7.6,0.0,5.18925003947798,26.5,Lamphun,0.0,4.008895815523549,-3.0,0.0,90,7.910119047619048,0.0,0.0,0.0,0.0,0.0,5.514583333333333,2026.0,0.0,7.6,0.0,13.4
1.7083333333333333,0.0,0.0,0.0,0.0,0.0,0.7071067811865476,6.454166666666667,21.9,0.0,0.0,979.0,0.0,0.0,5.5,-9.4,0.0,0.5000000000000001,-0.20129852008866114,0.0,0.0,0.7071067811865475,13.4,0.0,0.0,0.0,5.332301897233748,-1.0,3.0,0.0,,True,-0.8660254037844386,0.0,0.0,0.0,0.0,0.0,0.9795299412524943,10.2,0.0,0.0,2026-09-30 20:00:00,0.0,2.5,0.0,0.0,0.0,45,17.79868982327849,2.0,-1.8369701987210297e-16,0.0,2.9747432195438686,7.6,0.0,5.334399307534282,26.1,Lamphun,0.0,4.08044913020205,-2.0,0.0,92,7.813690476190477,0.0,0.0,0.0,0.0,0.0,5.4312499999999995,2026.0,0.0,7.6,0.0,13.4
1.075,0.0,0.0,0.0,0.0,0.0,0.29237170472273677,6.029166666666666,21.9,0.0,0.0,980.1,0.0,0.0,4.7,-10.2,0.0,0.7071067811865474,-0.20129852008866114,0.0,0.0,0.9563047559630354,13.4,0.0,0.0,0.0,5.312958530298463,-1.0,2.6,0.0,,True,-0.7071067811865477,0.0,0.0,0.0,0.0,0.0,0.9795299412524943,11.1,0.0,0.0,2026-09-30 21:00:00,0.0,2.4,0.0,0.0,0.0,73,17.79868982327849,2.0,-1.8369701987210297e-16,0.0,2.4080161267455553,6.8,0.0,5.424595158985497,25.8,Lamphun,0.0,4.139754232338759,0.0,0.0,94,7.709523809523811,0.0,0.0,0.0,0.0,0.0,5.3687499999999995,2026.0,0.0,6.8,0.0,13.4
0.5083333333333333,0.0,0.0,0.0,0.0,0.0,-1.0,5.566666666666667,21.9,0.0,0.0,980.7,0.0,0.0,4.2,-11.1,0.0,0.8660254037844384,-0.20129852008866114,0.0,0.0,1.2246467991473532e-16,13.4,0.0,0.0,0.0,5.2797850901407495,-1.0,2.7,0.0,,True,-0.5000000000000004,0.0,0.0,0.0,0.0,0.0,0.9795299412524943,12.2,0.0,0.0,2026-09-30 22:00:00,0.0,0.2,0.0,0.0,0.0,180,17.79868982327849,1.0,-1.8369701987210297e-16,0.0,1.685950935097328,6.1,0.0,5.4456914671651715,25.4,Lamphun,0.0,4.192303940125154,1.0,0.0,95,7.599404761904763,0.0,0.0,0.0,0.0,0.0,5.314583333333333,2026.0,0.0,6.1,0.0,13.4
0.0,0.0,0.0,0.0,0.0,0.0,0.6691306063588578,5.058333333333334,21.9,0.0,0.0,980.8,0.0,0.0,3.8,-12.2,0.0,0.9659258262890681,-0.20129852008866114,0.0,0.0,-0.7431448254773946,13.4,0.0,0.0,0.0,5.2282465583434306,-1.0,2.8,0.0,,True,-0.25881904510252157,0.0,0.0,0.0,0.0,0.0,0.9795299412524943,13.1,0.0,0.0,2026-09-30 23:00:00,0.0,2.7,0.0,0.0,0.0,312,17.79868982327849,2.0,-1.8369701987210297e-16,0.0,0.0,0.0,0.0,5.3716785603343356,24.9,Lamphun,0.0,4.244792561349598,3.0,0.0,97,7.482142857142857,0.0,0.0,0.0,0.0,0.0,5.258333333333334,2026.0,0.0,0.0,0.0,13.4
0.0,0.0,0.0,0.0,0.0,0.0,0.22495105434386492,4.5125,21.9,0.0,0.0,980.4,0.0,0.0,3.6,-13.1,0.0,1.0,0.20129852008866006,0.0,0.0,-0.9743700647852352,13.4,0.0,0.0,0.0,5.158745814231434,-0.8660254037844386,2.6,0.0,,True,0.0,0.0,0.0,0.0,0.0,0.0,0.9795299412524945,13.4,0.0,0.0,2026-10-01 00:00:00,0.0,4.1,0.0,0.0,0.0,283,17.79868982327849,-1.0,0.5000000000000001,0.0,0.0,0.0,0.0,5.189276804141401,24.5,Lamphun,0.0,4.297092039973079,0.0,0.0,96,7.358928571428573,0.0,0.0,0.0,0.0,0.0,5.2,2026.0,0.0,0.0,0.0,13.4
0.0,0.0,0.0,0.0,0.0,0.0,-0.30901699437494756,3.954166666666667,21.9,0.0,0.0,979.7,0.0,0.0,3.5,-13.4,0.0,0.9659258262890683,0.20129852008866006,0.0,0.0,-0.9510565162951535,13.1,0.0,0.0,0.0,5.077277779055585,-0.8660254037844386,2.2,0.0,,True,0.25881904510252074,0.0,0.0,0.0,0.0,0.0,0.9795299412524945,13.1,0.0,0.0,2026-10-01 01:00:00,0.0,0.6,0.0,0.0,0.0,252,17.79868982327849,1.0,0.5000000000000001,0.0,0.0,0.0,0.0,4.916721398000456,24.1,Lamphun,0.0,4.345637579483847,1.0,0.0,97,7.232738095238095,0.0,0.0,0.0,0.0,0.0,5.145833333333333,2026.0,0.0,0.0,0.0,13.4
0.0,0.0,0.0,0.0,0.0,0.0,-0.9945218953682733,3.408333333333333,21.6,0.0,0.0,979.0,0.0,0.0,3.3,-13.1,0.0,0.8660254037844387,0.20129852008866006,0.0,0.0,-0.1045284632676535,12.3,0.0,0.0,0.0,4.979218149336782,-0.8660254037844386,2.2,0.0,,True,0.49999999999999994,0.0,0.0,0.0,0.0,0.0,0.9795299412524945,12.3,0.0,0.0,2026-10-01 02:00:00,0.0,1.6,0.0,0.0,0.0,186,17.79868982327849,0.0,0.5000000000000001,0.0,0.0,0.0,0.0,4.587202911966676,23.9,Lamphun,0.0,4.387862045841156,-1.0,0.0,97,7.102380952380953,0.0,0.0,0.0,0.0,0.0,5.1000000000000005,2026.0,0.0,0.0,0.0,13.4
0.0,0.0,0.0,0.0,0.0,0.0,-0.9335804264972017,2.8958333333333335,21.0,0.0,0.0,978.7,0.0,0.0,2.2,-12.3,0.0,0.7071067811865476,0.20129852008866006,0.0,0.0,0.3583679495453002,11.6,0.0,0.0,0.0,4.881113237767518,-0.8660254037844386,2.9,0.0,,True,0.7071067811865475,0.0,0.0,0.0,0.0,0.0,0.9795299412524945,11.6,0.0,0.0,2026-10-01 03:00:00,0.0,1.5,0.0,0.0,0.0,159,17.79868982327849,0.0,0.5000000000000001,0.0,0.0,0.0,0.0,4.23905248519315,23.8,Lamphun,0.0,4.429209783421368,-3.0,0.0,97,6.973809523809525,0.0,0.0,0.0,0.0,0.0,5.054166666666666,2026.0,0.0,0.0,0.0,13.4
0.0,0.0,0.0,0.0,0.0,0.0,-0.7071067811865475,2.4125,20.1,0.0,0.0,978.7,0.0,0.0,2.5,-11.6,0.0,0.5000000000000001,0.20129852008866006,0.0,0.0,0.7071067811865476,11.0,0.0,0.0,0.0,4.788328917363727,-0.8660254037844386,3.6,0.0,,True,0.8660254037844386,0.0,0.0,0.0,0.0,0.0,0.9795299412524945,11.0,0.0,0.0,2026-10-01 04:00:00,0.0,0.5,0.0,0.0,0.0,135,17.79868982327849,1.0,0.5000000000000001,0.0,0.0,0.0,0.0,3.86375384179686,23.7,Lamphun,0.0,4.477695010177297,-2.0,0.0,98,6.848809523809523,0.0,0.0,0.0,0.0,0.0,4.9937499999999995,2026.0,0.0,0.0,0.0,13.4
0.0,0.0,0.0,0.0,0.0,0.0,-0.8910065241883679,1.9541666666666666,19.1,0.0,0.0,978.8,0.0,0.0,2.4,-11.0,0.0,0.25881904510252074,0.20129852008866006,0.0,0.0,-0.4539904997395467,10.2,0.0,0.0,0.0,4.706142821667922,-0.8660254037844386,3.6,0.0,,True,0.9659258262890683,0.0,0.0,0.0,0.0,0.0,0.9795299412524945,10.2,0.0,0.0,2026-10-01 05:00:00,0.0,0.4,0.0,0.0,0.0,207,17.79868982327849,1.0,0.5000000000000001,0.0,0.0,0.0,0.0,3.4479437310116046,23.5,Lamphun,0.0,4.530252763827496,1.0,0.0,99,6.729166666666667,0.0,0.0,0.0,0.0,0.0,4.91875,2026.0,0.0,0.0,0.0,13.4
0.0,0.0,0.0,0.0,0.0,0.0,-0.4539904997395469,1.5291666666666666,18.3,0.0,0.0,979.2,0.0,0.0,2.5,-10.2,0.0,6.123233995736766e-17,0.20129852008866006,0.0,0.0,-0.8910065241883678,8.6,0.0,0.0,0.0,4.636102993217344,-0.8660254037844386,3.6,0.0,,True,1.0,0.0,0.0,0.0,0.0,0.0,0.9795299412524945,8.6,0.0,0.0,2026-10-01 06:00:00,0.0,0.4,0.0,0.0,0.0,243,17.79868982327849,0.0,0.5000000000000001,0.0,0.0,0.0,0.0,3.0056168483173114,23.5,Lamphun,0.0,4.580979982947608,2.0,0.0,99,6.615476190476191,0.0,0.0,0.0,0.0,0.0,4.84375,2026.0,0.0,0.0,0.0,13.4
0.0,0.0,0.0,0.0,0.0,0.0,-0.7071067811865477,1.1708333333333332,16.3,0.0,0.0,980.1,0.0,0.0,3.8,-8.6,0.0,-0.25881904510252063,0.20129852008866006,0.0,0.0,-0.7071067811865475,7.6,0.0,0.0,0.0,4.574868458699014,-0.8660254037844386,4.9,0.0,,True,0.9659258262890683,0.0,0.0,0.0,0.0,0.0,0.9795299412524945,7.6,0.0,0.0,2026-10-01 07:00:00,0.0,1.3,0.0,0.0,0.0,225,17.79868982327849,-2.0,0.5000000000000001,0.0,0.0,0.0,0.0,2.630506789997361,24.1,Lamphun,0.0,4.6299368358722415,0.0,0.0,97,6.506547619047619,0.0,0.0,0.0,0.0,0.0,4.76875,2026.0,0.0,0.0,0.0,13.4
0.0,0.0,0.0,0.0,0.0,0.0,-0.7071067811865475,0.8541666666666666,16.3,0.0,0.0,981.1,0.0,0.0,3.9,-7.6,0.0,-0.4999999999999998,0.20129852008866006,0.0,0.0,0.7071067811865476,7.6,0.0,0.0,0.0,4.560004170891596,-0.8660254037844386,5.1,0.0,,True,0.8660254037844387,0.0,0.0,0.0,0.0,0.0,0.9795299412524945,7.6,0.0,0.0,2026-10-01 08:00:00,0.0,1.0,0.0,0.0,0.0,135,17.79868982327849,-8.0,0.5000000000000001,0.0,0.0,0.0,0.0,2.270275160758174,25.4,Lamphun,0.0,4.679669385283063,-4.0,0.0,89,6.420238095238095,0.0,0.0,0.0,0.0,0.0,4.666666666666667,2026.0,0.0,0.0,0.0,13.4
0.0,0.0,0.0,0.0,0.0,0.0,-0.9205048534524404,0.5375,16.3,0.0,0.0,981.8,0.0,0.0,3.7,-7.6,0.0,-0.7071067811865475,0.20129852008866006,0.0,0.0,-0.39073112848927355,6.8,0.0,0.0,0.0,4.534462667892187,-0.8660254037844386,5.4,0.0,,True,0.7071067811865476,0.0,0.0,0.0,0.0,0.0,0.9795299412524945,6.8,0.0,0.0,2026-10-01 09:00:00,0.0,2.3,0.0,0.0,0.0,203,17.79868982327849,-5.0,0.5000000000000001,0.0,0.0,0.0,0.0,1.785546718328404,26.4,Lamphun,0.0,4.726289047415765,0.0,0.0,84,6.329166666666667,0.0,0.0,0.0,0.0,0.0,4.560416666666666,2026.0,0.0,0.0,0.0,13.4
0.0,0.0,0.0,0.0,0.0,0.0,-0.8910065241883679,0.25416666666666665,16.3,0.0,0.0,982.1,0.0,0.0,3.5,-6.8,0.0,-0.8660254037844387,0.20129852008866006,0.0,0.0,-0.4539904997395467,6.1,0.0,0.0,0.0,4.5069365786821365,-0.8660254037844386,4.7,0.0,,True,0.49999999999999994,0.0,0.0,0.0,0.0,0.0,0.9795299412524945,6.1,0.0,0.0,2026-10-01 10:00:00,0.0,2.8,0.0,0.0,0.0,207,17.79868982327849,-6.0,0.5000000000000001,0.0,0.0,0.0,0.0,1.2189405121753163,27.5,Lamphun,0.0,4.769040329009834,-2.0,0.0,78,6.238095238095238,0.0,0.0,0.0,0.0,0.0,4.447916666666667,2026.0,0.0,0.0,0.0,13.4
0.0,0.0,0.0,0.0,0.0,0.0,-0.7986355100472929,0.0,16.3,0.0,0.0,981.8,0.0,0.0,3.3,-6.1,0.0,-0.9659258262890682,0.20129852008866006,0.0,0.0,0.6018150231520482,0.0,0.0,0.0,0.0,4.504424907798997,-0.8660254037844386,5.2,0.0,,True,0.258819045102521,0.0,0.0,0.0,0.0,0.0,0.9795299412524945,0.0,0.0,0.0,2026-10-01 11:00:00,0.0,1.8,0.0,0.0,0.0,143,17.79868982327849,-3.0,0.5000000000000001,0.0,0.0,0.0,0.0,0.0,28.5,Lamphun,0.0,4.810925066969969,2.0,0.0,75,6.162500000000001,0.0,0.0,0.0,0.0,0.0,4.3500000000000005,2026.0,0.0,0.0,0.0,13.4
0.0,0.0,0.0,0.0,0.0,0.0,-0.7880107536067219,0.0,16.3,0.0,0.0,981.0,0.0,0.0,3.6,0.0,0.0,-1.0,0.20129852008866006,0.0,0.0,0.6156614753256584,0.0,0.0,0.0,0.0,4.514209739163766,-0.8660254037844386,5.3,0.0,,True,1.2246467991473532e-16,0.0,0.0,0.0,0.0,0.0,0.9795299412524945,0.0,0.0,0.0,2026-10-01 12:00:00,0.0,3.2,0.0,0.0,0.0,142,17.79868982327849,-5.0,0.5000000000000001,0.0,0.0,0.0,0.0,0.0,29.8,Lamphun,0.0,4.848961801824753,1.0,0.0,70,6.097619047619048,0.0,0.0,0.0,0.0,0.0,4.241666666666666,2026.0,0.0,0.0,0.0,13.4
0.0,0.0,0.0,0.0,0.0,0.0,-0.8746197071393957,0.0,16.3,0.0,0.0,979.7,0.0,0.0,3.5,0.0,0.0,-0.9659258262890683,0.20129852008866006,0.0,0.0,0.48480962024633717,0.0,0.0,0.0,0.0,4.5277410469344685,-0.8660254037844386,5.3,0.0,,True,-0.2588190451025208,0.0,0.0,0.0,0.0,0.0,0.9795299412524945,0.0,0.0,0.0,2026-10-01 13:00:00,0.0,4.5,0.0,0.0,0.0,151,17.79868982327849,-2.0,0.5000000000000001,0.0,0.0,0.0,0.0,0.0,30.8,Lamphun,0.0,4.883823478672558,-2.0,0.0,68,6.0375,0.0,0.0,0.0,0.0,0.0,4.1312500000000005,2026.0,0.0,0.0,0.0,13.4
0.0,0.0,0.0,0.0,0.0,0.0,-0.992546151641322,0.0,16.3,0.0,0.0,978.4,0.0,0.0,3.8,0.0,0.0,-0.8660254037844388,0.20129852008866006,0.0,0.0,0.12186934340514755,0.0,0.0,0.0,0.0,4.5429728431283145,-0.8660254037844386,5.6,0.0,,True,-0.4999999999999997,0.0,0.0,0.0,0.0,0.0,0.9795299412524945,0.0,0.0,0.0,2026-10-01 14:00:00,0.0,4.4,0.0,0.0,0.0,173,17.79868982327849,-3.0,0.5000000000000001,0.0,0.0,0.0,0.0,0.0,31.3,Lamphun,0.0,4.915958635460184,-12.0,0.0,65,5.980357142857143,0.0,0.0,0.0,0.0,0.0,4.020833333333333,2026.0,0.0,0.0,0.0,13.4
0.0,0.0,0.0,0.0,0.0,0.0,-0.9510565162951536,0.0,16.3,0.0,0.0,977.0,0.0,0.0,3.7,0.0,0.0,-0.7071067811865479,0.20129852008866006,0.0,0.0,-0.3090169943749473,0.0,0.0,0.0,0.0,4.5588186387431975,-0.8660254037844386,5.9,0.0,,True,-0.7071067811865471,0.0,0.0,0.0,0.0,0.0,0.9795299412524945,0.0,0.0,0.0,2026-10-01 15:00:00,0.0,3.4,0.0,0.0,0.0,198,17.79868982327849,-1.0,0.5000000000000001,0.0,0.0,0.0,0.0,0.0,31.6,Lamphun,0.0,4.943470370656181,-17.0,0.0,64,5.925000000000001,0.0,0.0,0.0,0.0,0.0,3.9041666666666663,2026.0,0.0,0.0,0.0,13.4
0.0,0.0,0.0,0.0,0.0,0.0,-0.9702957262759965,0.0,16.3,0.0,0.0,976.0,0.0,0.0,2.7,0.0,0.0,-0.5000000000000004,0.20129852008866006,0.0,0.0,-0.2419218955996675,0.0,0.0,0.0,0.0,4.570492680737078,-0.8660254037844386,6.0,0.0,,True,-0.8660254037844384,0.0,0.0,0.0,0.0,0.0,0.9795299412524945,0.0,0.0,0.0,2026-10-01 16:00:00,0.0,3.7,0.0,0.0,0.0,194,17.79868982327849,-3.0,0.5000000000000001,0.0,0.0,0.0,0.0,0.0,31.8,Lamphun,0.0,4.965617461185802,-17.0,0.0,61,5.865476190476191,0.0,0.0,0.0,0.0,0.0,3.78125,2026.0,0.0,0.0,0.0,13.4
0.0,0.0,0.0,0.0,0.0,0.0,-0.9563047559630355,0.0,16.3,0.0,0.0,975.7,0.0,0.0,2.3,0.0,0.0,-0.25881904510252063,0.20129852008866006,0.0,0.0,0.2923717047227366,0.0,0.0,0.0,0.0,4.5802475697775895,-0.8660254037844386,5.8,0.0,,True,-0.9659258262890683,0.0,0.0,0.0,0.0,0.0,0.9795299412524945,0.0,0.0,0.0,2026-10-01 17:00:00,0.0,3.8,0.0,0.0,0.0,163,17.79868982327849,1.0,0.5000000000000001,0.0,0.0,0.0,0.0,0.0,31.4,Lamphun,0.0,4.9836777856150904,-14.0,0.0,62,5.8047619047619055,0.0,0.0,0.0,0.0,0.0,3.65625,2026.0,0.0,0.0,0.0,13.4
0.0,0.0,0.0,0.0,0.0,0.0,-0.5735764363510462,0.0,16.3,0.0,0.0,976.2,0.0,0.0,2.2,0.0,0.0,-1.8369701987210297e-16,0.20129852008866006,0.0,0.0,0.8191520442889917,0.0,0.0,0.0,0.0,4.589749953358433,-0.8660254037844386,5.4,0.0,,True,-1.0,0.0,0.0,0.0,0.0,0.0,0.9795299412524945,0.0,0.0,0.0,2026-10-01 18:00:00,0.0,2.8,0.0,0.0,0.0,125,17.79868982327849,14.0,0.5000000000000001,0.0,0.0,0.0,0.0,0.0,29.6,Lamphun,0.0,5.0005203722268305,-8.0,0.0,76,5.744642857142857,0.0,0.0,0.0,0.0,0.0,3.535416666666667,2026.0,0.0,0.0,0.0,13.4
0.0,0.0,0.0,0.0,0.0,0.0,-0.6819983600624984,0.0,16.3,0.0,0.0,977.5,0.0,0.0,4.0,0.0,0.0,0.2588190451025203,0.20129852008866006,0.0,0.0,0.7313537016191706,0.0,0.0,0.0,0.0,4.592075768532743,-0.8660254037844386,9.4,0.0,,True,-0.9659258262890684,0.0,0.0,0.0,0.0,0.0,0.9795299412524945,0.0,0.0,0.0,2026-10-01 19:00:00,0.0,3.2,0.0,0.0,0.0,133,17.79868982327849,6.0,0.5000000000000001,0.0,0.0,0.0,0.0,0.0,28.1,Lamphun,0.0,5.018019180219976,-8.0,0.0,82,5.678571428571429,0.0,0.0,0.0,0.0,0.0,3.422916666666667,2026.0,0.0,0.0,0.0,13.4
0.0,0.0,0.0,0.0,0.0,0.0,-0.8746197071393959,0.0,16.3,0.0,0.0,978.7,0.0,0.0,3.0,0.0,0.0,0.5000000000000001,0.20129852008866006,0.0,0.0,-0.48480962024633695,0.0,0.0,0.0,0.0,4.592732477510238,-0.8660254037844386,10.2,0.0,,True,-0.8660254037844386,0.0,0.0,0.0,0.0,0.0,0.9795299412524945,0.0,0.0,0.0,2026-10-01 20:00:00,0.0,1.9,0.0,0.0,0.0,209,17.79868982327849,3.0,0.5000000000000001,0.0,0.0,0.0,0.0,0.0,27.7,Lamphun,0.0,4.964068374467549,-7.0,0.0,85,5.611904761904762,0.0,0.0,0.0,0.0,0.0,3.2270833333333333,2026.0,0.0,0.0,0.0,13.4
0.0,0.0,0.0,0.0,0.0,0.0,6.123233995736766e-17,0.0,16.3,0.0,0.0,980.3,0.0,0.0,2.6,0.0,0.0,0.7071067811865474,0.20129852008866006,0.0,0.0,1.0,0.0,0.0,0.0,0.0,4.597864411099694,-0.8660254037844386,11.1,0.0,,True,-0.7071067811865477,0.0,0.0,0.0,0.0,0.0,0.9795299412524945,0.0,0.0,0.0,2026-10-01 21:00:00,0.0,0.5,0.0,0.0,0.0,90,17.79868982327849,2.0,0.5000000000000001,0.0,0.0,0.0,0.0,0.0,27.3,Lamphun,0.0,4.878609329825002,-7.0,0.0,87,5.55,0.0,0.0,0.0,0.0,0.0,3.014583333333333,2026.0,0.0,0.0,0.0,13.4
0.0,0.0,0.0,0.0,0.0,0.0,0.27563735581699916,0.0,16.3,0.0,0.0,980.9,0.0,0.0,2.7,0.0,0.0,0.8660254037844384,0.20129852008866006,0.0,0.0,0.9612616959383189,0.0,0.0,0.0,0.0,4.606284488451484,-0.8660254037844386,12.2,0.0,,True,-0.5000000000000004,0.0,0.0,0.0,0.0,0.0,0.9795299412524945,0.0,0.0,0.0,2026-10-01 22:00:00,0.0,4.5,0.0,0.0,0.0,74,17.79868982327849,4.0,0.5000000000000001,0.0,0.0,0.0,0.0,0.0,26.3,Lamphun,0.0,4.75128637552213,-4.0,0.0,91,5.4922619047619055,0.0,0.0,0.0,0.0,0.0,2.7833333333333337,2026.0,0.0,0.0,0.0,13.4
0.0,0.0,0.0,0.0,0.0,0.0,0.7986355100472928,0.0,16.3,0.0,0.0,980.6,0.0,0.0,2.8,0.0,0.0,0.9659258262890681,0.20129852008866006,0.0,0.0,0.6018150231520483,0.0,0.0,0.0,0.0,4.6128400851095686,-0.8660254037844386,13.1,0.0,,True,-0.25881904510252157,0.0,0.0,0.0,0.0,0.0,0.9795299412524945,0.0,0.0,0.0,2026-10-01 23:00:00,0.0,1.8,0.0,0.0,0.0,37,17.79868982327849,2.0,0.5000000000000001,0.0,0.0,0.0,0.0,0.0,25.8,Lamphun,0.0,4.563348475139232,-4.0,0.0,93,5.433333333333333,0.0,0.0,0.0,0.0,0.0,2.529166666666667,2026.0,0.0,0.0,0.0,13.4
0.0,0.0,0.0,0.0,0.0,0.0,-0.7071067811865475,0.0,16.3,0.0,0.0,979.9,0.0,0.0,2.6,0.0,0.0,1.0,0.39435585511331855,0.0,0.0,0.7071067811865476,0.0,0.0,0.0,0.0,4.617441999716759,-0.8660254037844386,13.4,0.0,,True,0.0,0.0,0.0,0.0,0.0,0.0,0.9189578116202306,0.0,0.0,0.0,2026-10-02 00:00:00,0.0,0.3,0.0,0.0,0.0,135,17.79868982327849,0.0,0.5000000000000001,0.0,0.0,0.0,0.0,0.0,25.5,Lamphun,0.0,4.307546974497202,-3.0,0.0,93,5.373214285714286,0.0,0.0,0.0,0.0,0.0,2.25625,2026.0,0.0,0.0,0.0,13.4
0.0,0.0,0.0,0.0,0.0,0.0,-0.9743700647852352,0.0,16.3,0.0,0.0,979.3,0.0,0.0,2.2,0.0,0.0,0.9659258262890683,0.39435585511331855,0.0,0.0,-0.22495105434386498,0.0,0.0,0.0,0.0,4.620634200698716,-0.8660254037844386,13.1,0.0,,True,0.25881904510252074,0.0,0.0,0.0,0.0,0.0,0.9189578116202306,0.0,0.0,0.0,2026-10-02 01:00:00,0.0,1.7,0.0,0.0,0.0,193,17.79868982327849,3.0,0.5000000000000001,0.0,0.0,0.0,0.0,0.0,25.0,Lamphun,0.0,3.9994916126580664,-1.0,0.0,96,5.3125,0.0,0.0,0.0,0.0,0.0,1.9770833333333335,2026.0,0.0,0.0,0.0,13.1
0.0,0.0,0.0,0.0,0.0,0.0,-0.5877852522924732,0.0,16.3,0.0,0.0,978.7,0.0,0.0,2.2,0.0,0.0,0.8660254037844387,0.39435585511331855,0.0,0.0,-0.8090169943749473,0.0,0.0,0.0,0.0,4.623026904919054,-0.8660254037844386,12.3,0.0,,True,0.49999999999999994,0.0,0.0,0.0,0.0,0.0,0.9189578116202306,0.0,0.0,0.0,2026-10-02 02:00:00,0.0,1.5,0.0,0.0,0.0,234,17.79868982327849,1.0,0.5000000000000001,0.0,0.0,0.0,0.0,0.0,24.7,Lamphun,0.0,3.6640686818829633,0.0,0.0,97,5.251785714285714,0.0,0.0,0.0,0.0,0.0,1.7041666666666666,2026.0,0.0,0.0,0.0,12.3
0.0,0.0,0.0,0.0,0.0,0.0,-0.981627183447664,0.0,16.3,0.0,0.0,978.6,0.0,0.0,2.9,0.0,0.0,0.7071067811865476,0.39435585511331855,0.0,0.0,0.19080899537654497,0.0,0.0,0.0,0.0,4.621938183366549,-0.8660254037844386,11.6,0.0,,True,0.7071067811865475,0.0,0.0,0.0,0.0,0.0,0.9189578116202306,0.0,0.0,0.0,2026-10-02 03:00:00,0.0,0.9,0.0,0.0,0.0,169,17.79868982327849,1.0,0.5000000000000001,0.0,0.0,0.0,0.0,0.0,24.5,Lamphun,0.0,3.328850501257487,1.0,0.0,98,5.188690476190477,0.0,0.0,0.0,0.0,0.0,1.4479166666666667,2026.0,0.0,0.0,0.0,11.6
0.0,0.0,0.0,0.0,0.0,0.0,-0.5299192642332048,0.0,16.3,0.0,0.0,978.5,0.0,0.0,3.6,0.0,0.0,0.5000000000000001,0.39435585511331855,0.0,0.0,0.8480480961564261,0.0,0.0,0.0,0.0,4.608829479325649,-0.8660254037844386,11.0,0.0,,True,0.8660254037844386,0.0,0.0,0.0,0.0,0.0,0.9189578116202306,0.0,0.0,0.0,2026-10-02 04:00:00,0.0,2.3,0.0,0.0,0.0,122,17.79868982327849,0.0,0.5000000000000001,0.0,0.0,0.0,0.0,0.0,24.4,Lamphun,0.0,2.9865257302591584,0.0,0.0,98,5.1172619047619055,0.0,0.0,0.0,0.0,0.0,1.20625,2026.0,0.0,0.0,0.0,11.0
0.0,0.0,0.0,0.0,0.0,0.0,-0.8571673007021122,0.0,16.3,0.0,0.0,978.9,0.0,0.0,3.6,0.0,0.0,0.25881904510252074,0.39435585511331855,0.0,0.0,0.5150380749100544,0.0,0.0,0.0,0.0,4.580661829650716,-0.8660254037844386,10.2,0.0,,True,0.9659258262890683,0.0,0.0,0.0,0.0,0.0,0.9189578116202306,0.0,0.0,0.0,2026-10-02 05:00:00,0.0,1.0,0.0,0.0,0.0,149,17.79868982327849,-1.0,0.5000000000000001,0.0,0.0,0.0,0.0,0.0,24.3,Lamphun,0.0,2.62656616638319,-2.0,0.0,97,5.0375000000000005,0.0,0.0,0.0,0.0,0.0,0.9770833333333333,2026.0,0.0,0.0,0.0,10.2
0.0,0.0,0.0,0.0,0.0,0.0,-0.5591929034707466,0.0,16.3,0.0,0.0,979.4,0.0,0.0,3.6,0.0,0.0,6.123233995736766e-17,0.39435585511331855,0.0,0.0,-0.8290375725550418,0.0,0.0,0.0,0.0,4.532842954419787,-0.8660254037844386,8.6,0.0,,True,1.0,0.0,0.0,0.0,0.0,0.0,0.9189578116202306,0.0,0.0,0.0,2026-10-02 06:00:00,0.0,1.9,0.0,0.0,0.0,236,17.79868982327849,1.0,0.5000000000000001,0.0,0.0,0.0,0.0,0.0,24.0,Lamphun,0.0,2.2586398546593376,-1.0,0.0,98,4.9488095238095235,0.0,0.0,0.0,0.0,0.0,0.7645833333333333,2026.0,0.0,0.0,0.0,8.6
0.0,0.0,0.0,0.0,0.0,0.0,-0.4067366430758001,0.0,15.9,0.0,0.0,980.4,0.0,0.0,4.9,0.0,0.0,-0.25881904510252063,0.39435585511331855,0.0,0.0,-0.913545457642601,0.0,0.0,0.0,0.0,4.4627422331786,-0.8660254037844386,7.6,0.0,,True,0.9659258262890683,0.0,0.0,0.0,0.0,0.0,0.9189578116202306,0.0,0.0,0.0,2026-10-02 07:00:00,0.0,4.3,0.0,0.0,0.0,246,17.79868982327849,-3.0,0.5000000000000001,0.0,0.0,0.0,0.0,0.0,24.7,Lamphun,0.0,1.9499988871079443,-2.0,0.0,95,4.851785714285715,0.0,0.0,0.0,0.0,0.0,0.5854166666666666,2026.0,0.0,0.0,0.0,7.6
0.0,0.0,0.0,0.0,0.0,0.0,-0.2923717047227371,0.0,15.9,0.0,0.0,981.7,0.0,0.0,5.1,0.0,0.0,-0.4999999999999998,0.39435585511331855,0.0,0.0,-0.9563047559630353,0.0,0.0,0.0,0.0,4.435577175947551,-0.8660254037844386,7.6,0.0,,True,0.8660254037844387,0.0,0.0,0.0,0.0,0.0,0.9189578116202306,0.0,0.0,0.0,2026-10-02 08:00:00,0.0,1.9,0.0,0.0,0.0,253,17.79868982327849,-7.0,0.5000000000000001,0.0,0.0,0.0,0.0,0.0,26.3,Lamphun,0.0,1.6611667063810571,-1.0,0.0,88,4.775595238095239,0.0,0.0,0.0,0.0,0.0,0.4270833333333333,2026.0,0.0,0.0,0.0,7.6
0.0,0.0,0.0,0.0,0.0,0.0,-0.4539904997395469,0.0,15.9,0.0,0.0,982.4,0.0,0.0,5.4,0.0,0.0,-0.7071067811865475,0.39435585511331855,0.0,0.0,-0.8910065241883678,0.0,0.0,0.0,0.0,4.379483085327673,-0.8660254037844386,6.8,0.0,,True,0.7071067811865476,0.0,0.0,0.0,0.0,0.0,0.9189578116202306,0.0,0.0,0.0,2026-10-02 09:00:00,0.0,1.6,0.0,0.0,0.0,243,17.79868982327849,-6.0,0.5000000000000001,0.0,0.0,0.0,0.0,0.0,27.8,Lamphun,0.0,1.290858281983993,-2.0,0.0,82,4.686309523809523,0.0,0.0,0.0,0.0,0.0,0.26875,2026.0,0.0,0.0,0.0,6.8
0.0,0.0,0.0,0.0,0.0,0.0,-0.984807753012208,0.0,15.9,0.0,0.0,982.7,0.0,0.0,4.7,0.0,0.0,-0.8660254037844387,0.39435585511331855,0.0,0.0,-0.17364817766693047,0.0,0.0,0.0,0.0,4.370177249514815,-0.8660254037844386,6.1,0.0,,True,0.49999999999999994,0.0,0.0,0.0,0.0,0.0,0.9189578116202306,0.0,0.0,0.0,2026-10-02 10:00:00,0.0,2.0,0.0,0.0,0.0,190,17.79868982327849,-6.0,0.5000000000000001,0.0,0.0,0.0,0.0,0.0,29.1,Lamphun,0.0,0.8712394388009659,-2.0,0.0,76,4.623214285714286,0.0,0.0,0.0,0.0,0.0,0.12708333333333333,2026.0,0.0,0.0,0.0,6.1
0.0,0.0,0.0,0.0,0.0,0.0,-0.9135454576426008,0.0,15.9,0.1,0.0,982.2,0.0,0.0,5.2,0.0,0.0,-0.9659258262890682,0.39435585511331855,0.0,0.0,0.40673664307580043,0.0,0.0,0.0,0.0,4.371359150748189,-0.8660254037844386,0.0,0.0,,True,0.258819045102521,0.0,0.0,0.0,0.0,0.0,0.9189578116202306,0.0,0.0,0.0,2026-10-02 11:00:00,0.0,3.1,0.0,0.0,0.0,156,17.79868982327849,-4.0,0.5000000000000001,0.0,0.0,0.0,0.0,0.0,30.1,Lamphun,0.0,0.0,-3.0,0.0,72,4.569642857142857,0.0,0.0,0.0,0.0,0.0,0.0,2026.0,0.09531017980432487,0.0,0.0,0.0
0.0,0.0,0.0,0.0,0.0,0.0,-0.8290375725550416,0.0,15.9,0.0,0.0,980.9,0.0,0.0,5.3,0.0,0.0,-1.0,0.39435585511331855,0.0,0.0,0.5591929034707469,0.0,0.0,0.0,0.0,4.376821292427912,-0.8660254037844386,0.0,0.0,,True,1.2246467991473532e-16,0.0,0.0,0.0,0.0,0.0,0.9189578116202306,0.0,0.0,0.0,2026-10-02 12:00:00,0.0,4.1,0.0,0.0,0.0,146,17.79868982327849,-4.0,0.5000000000000001,0.0,0.0,0.0,0.0,0.0,30.9,Lamphun,0.0,0.0,-2.0,0.0,68,4.521428571428571,0.0,0.0,0.0,0.0,0.0,0.0,2026.0,0.0,0.0,0.0,0.0
0.0,0.0,0.0,0.0,0.0,0.0,-0.4539904997395467,0.0,15.9,0.0,0.0,979.5,0.0,0.0,5.3,0.0,0.0,-0.9659258262890683,0.39435585511331855,0.0,0.0,0.8910065241883679,0.0,0.0,0.0,0.0,4.382704060712615,-0.8660254037844386,0.0,0.0,,True,-0.2588190451025208,0.0,0.0,0.0,0.0,0.0,0.9189578116202306,0.0,0.0,0.0,2026-10-02 13:00:00,0.0,4.4,0.0,0.0,0.0,117,17.79868982327849,-4.0,0.5000000000000001,0.0,0.0,0.0,0.0,0.0,31.4,Lamphun,0.0,0.0,-4.0,0.0,64,4.474404761904762,0.0,0.0,0.0,0.0,0.0,0.0,2026.0,0.0,0.0,0.0,0.0
0.0,0.0,0.0,0.0,0.0,0.0,0.9961946980917455,0.0,15.9,0.0,0.0,978.2,0.0,0.0,5.6,0.0,0.0,-0.8660254037844388,0.39435585511331855,0.0,0.0,0.08715574274765817,0.0,0.0,0.0,0.0,4.391760372504531,-0.8660254037844386,0.0,0.0,,True,-0.4999999999999997,0.0,0.0,0.0,0.0,0.0,0.9189578116202306,0.0,0.0,0.0,2026-10-02 14:00:00,0.0,2.0,0.0,0.0,0.0,5,17.79868982327849,1.0,0.5000000000000001,0.0,0.0,0.0,0.0,0.0,31.3,Lamphun,0.0,0.0,0.0,0.0,65,4.432738095238095,0.0,0.0,0.0,0.0,0.0,0.0,2026.0,0.0,0.0,0.0,0.0
0.0,0.0,0.0,0.0,0.0,0.0,0.4694715627858904,0.0,15.9,0.1,0.0,976.9,0.0,0.0,5.9,0.0,0.0,-0.7071067811865479,0.39435585511331855,0.0,0.0,-0.8829475928589271,0.0,0.0,0.0,0.0,4.400403530699565,-0.8660254037844386,0.0,0.0,,True,-0.7071067811865471,0.0,0.0,0.0,0.0,0.0,0.9189578116202306,0.0,0.0,0.0,2026-10-02 15:00:00,0.0,6.5,0.0,0.0,0.0,298,17.79868982327849,9.0,0.5000000000000001,0.0,0.0,0.0,0.0,0.0,30.0,Lamphun,0.0,0.0,10.0,0.0,74,4.391071428571428,0.0,0.0,0.0,0.0,0.0,0.0,2026.0,0.09531017980432487,0.0,0.0,0.0
0.0,0.0,0.0,0.0,0.0,0.0,-0.6427876096865394,0.0,15.9,0.3,0.0,977.0,0.0,0.0,6.0,0.0,0.0,-0.5000000000000004,0.39435585511331855,0.0,0.0,0.766044443118978,0.0,0.0,0.0,0.0,4.408271285393355,-0.8660254037844386,0.0,0.0,,True,-0.8660254037844384,0.0,0.0,0.0,0.0,0.0,0.9189578116202306,0.0,0.0,0.0,2026-10-02 16:00:00,0.0,7.5,0.0,0.0,0.0,130,17.79868982327849,-3.0,0.5000000000000001,0.0,0.0,0.0,0.0,0.0,30.0,Lamphun,0.0,0.0,10.0,0.0,71,4.348809523809524,0.0,0.0,0.0,0.0,0.0,0.0,2026.0,0.26236426446749106,0.0,0.0,0.0
0.0,0.0,0.0,0.0,0.0,0.0,-0.6293203910498373,0.0,15.9,0.1,0.0,977.4,0.0,0.0,5.8,0.0,0.0,-0.25881904510252063,0.39435585511331855,0.0,0.0,0.777145961456971,0.0,0.0,0.0,0.0,4.414105557979343,-0.8660254037844386,0.0,0.0,,True,-0.9659258262890683,0.0,0.0,0.0,0.0,0.0,0.9189578116202306,0.0,0.0,0.0,2026-10-02 17:00:00,0.0,10.0,0.0,0.0,0.0,129,17.79868982327849,4.0,0.5000000000000001,0.0,0.0,0.0,0.0,0.0,29.1,Lamphun,0.0,0.0,13.0,0.0,75,4.304166666666667,0.0,0.0,0.0,0.0,0.0,0.0,2026.0,0.09531017980432487,0.0,0.0,0.0
0.0,0.0,0.0,0.0,0.0,0.0,0.7313537016191707,0.0,15.9,0.0,0.0,978.1,0.0,0.0,5.4,0.0,0.0,-1.8369701987210297e-16,0.39435585511331855,0.0,0.0,-0.6819983600624983,0.0,0.0,0.0,0.0,4.418581121466949,-0.8660254037844386,0.0,0.0,,True,-1.0,0.0,0.0,0.0,0.0,0.0,0.9189578116202306,0.0,0.0,0.0,2026-10-02 18:00:00,0.0,2.9,0.0,0.0,0.0,317,17.79868982327849,10.0,0.5000000000000001,0.0,0.0,0.0,0.0,0.0,27.7,Lamphun,0.0,0.0,9.0,0.0,85,4.258333333333334,0.0,0.0,0.0,0.0,0.0,0.0,2026.0,0.0,0.0,0.0,0.0
0.0,0.0,0.0,0.0,0.0,0.0,-0.6691306063588581,0.0,15.9,0.0,0.0,978.7,0.0,0.0,9.4,0.0,0.0,0.2588190451025203,0.39435585511331855,0.0,0.0,-0.7431448254773944,0.0,0.0,0.0,0.0,4.416590777168575,-0.8660254037844386,0.0,0.0,,True,-0.9659258262890684,0.0,0.0,0.0,0.0,0.0,0.9189578116202306,0.0,0.0,0.0,2026-10-02 19:00:00,0.0,2.2,0.0,0.0,0.0,228,17.79868982327849,7.0,0.5000000000000001,0.0,0.0,0.0,0.0,0.0,26.7,Lamphun,0.0,0.0,10.0,0.0,92,4.205952380952381,0.0,0.0,0.0,0.0,0.0,0.0,2026.0,0.0,0.0,0.0,0.0
0.0,0.0,0.0,0.0,0.0,0.0,-0.7660444431189779,0.0,15.9,0.0,0.0,979.8,0.0,0.0,10.2,0.0,0.0,0.5000000000000001,0.39435585511331855,0.0,0.0,0.6427876096865395,0.0,0.0,0.0,0.0,4.395941579090883,-0.8660254037844386,0.0,0.0,,True,-0.8660254037844386,0.0,0.0,0.0,0.0,0.0,0.9189578116202306,0.0,0.0,0.0,2026-10-02 20:00:00,0.0,2.8,0.0,0.0,0.0,140,17.79868982327849,-1.0,0.5000000000000001,0.0,0.0,0.0,0.0,0.0,26.6,Lamphun,0.0,0.0,6.0,0.0,91,4.1398809523809526,0.0,0.0,0.0,0.0,0.0,0.0,2026.0,0.0,0.0,0.0,0.0
0.0,0.0,0.0,0.0,0.0,0.0,-0.9135454576426008,0.0,15.9,0.0,0.0,980.6,0.0,0.0,11.1,0.0,0.0,0.7071067811865474,0.39435585511331855,0.0,0.0,0.40673664307580043,0.0,0.0,0.0,0.0,4.363939371340383,-0.8660254037844386,0.0,0.0,,True,-0.7071067811865477,0.0,0.0,0.0,0.0,0.0,0.9189578116202306,0.0,0.0,0.0,2026-10-02 21:00:00,0.0,3.5,0.0,0.0,0.0,156,17.79868982327849,0.0,0.5000000000000001,0.0,0.0,0.0,0.0,0.0,26.4,Lamphun,0.0,0.0,4.0,0.0,91,4.067857142857143,0.0,0.0,0.0,0.0,0.0,0.0,2026.0,0.0,0.0,0.0,0.0
0.0,0.0,0.0,0.0,0.0,0.0,-0.9205048534524404,0.0,15.9,0.0,0.0,980.7,0.0,0.0,12.2,0.0,0.0,0.8660254037844384,0.39435585511331855,0.0,0.0,0.39073112848927377,0.0,0.0,0.0,0.0,4.321138936574902,-0.8660254037844386,0.0,0.0,,True,-0.5000000000000004,0.0,0.0,0.0,0.0,0.0,0.9189578116202306,0.0,0.0,0.0,2026-10-02 22:00:00,0.0,2.7,0.0,0.0,0.0,157,17.79868982327849,2.0,0.5000000000000001,0.0,0.0,0.0,0.0,0.0,25.9,Lamphun,0.0,0.0,2.0,0.0,93,3.9910714285714284,0.0,0.0,0.0,0.0,0.0,0.0,2026.0,0.0,0.0,0.0,0.0
0.0,0.0,0.0,0.0,0.0,0.0,-0.9876883405951377,0.0,15.9,0.0,0.0,980.4,0.0,0.0,13.1,0.0,0.0,0.9659258262890681,0.39435585511331855,0.0,0.0,0.15643446504023098,0.0,0.0,0.0,0.0,4.270098493277438,-0.8660254037844386,0.0,0.0,,True,-0.25881904510252157,0.0,0.0,0.0,0.0,0.0,0.9189578116202306,0.0,0.0,0.0,2026-10-02 23:00:00,0.0,2.4,0.0,0.0,0.0,171,17.79868982327849,3.0,0.5000000000000001,0.0,0.0,0.0,0.0,0.0,25.5,Lamphun,0.0,0.0,3.0,0.0,96,3.911309523809524,0.0,0.0,0.0,0.0,0.0,0.0,2026.0,0.0,0.0,0.0,0.0
0.0,0.0,0.0,0.0,0.0,0.0,-1.0,0.0,15.9,0.0,0.0,980.0,0.0,0.0,13.4,0.0,0.0,1.0,0.5712682150947923,0.0,0.0,1.2246467991473532e-16,0.0,0.0,0.0,0.0,4.209995798792481,-0.8660254037844386,0.0,0.0,,True,0.0,0.0,0.0,0.0,0.0,0.0,0.8207634412072763,0.0,0.0,0.0,2026-10-03 00:00:00,0.0,1.3,0.0,0.0,0.0,180,17.79868982327849,2.0,0.5000000000000001,0.0,0.0,0.0,0.0,0.0,25.1,Lamphun,0.0,0.0,5.0,0.0,98,3.8285714285714287,0.0,0.0,0.0,0.0,0.0,0.0,2026.0,0.0,0.0,0.0,0.0
0.0,0.0,0.0,0.0,0.0,0.0,-0.8191520442889919,0.0,15.9,0.0,0.0,979.5,0.0,0.0,13.1,0.0,0.0,0.9659258262890683,0.5712682150947923,0.0,0.0,0.5735764363510459,0.0,0.0,0.0,0.0,4.139898368728556,-0.8660254037844386,0.0,0.0,,True,0.25881904510252074,0.0,0.0,0.0,0.0,0.0,0.8207634412072763,0.0,0.0,0.0,2026-10-03 01:00:00,0.0,2.8,0.0,0.0,0.0,145,17.79868982327849,2.0,0.5000000000000001,0.0,0.0,0.0,0.0,0.0,24.5,Lamphun,0.0,0.0,4.0,0.0,100,3.7428571428571424,0.0,0.0,0.0,0.0,0.0,0.0,2026.0,0.0,0.0,0.0,0.0
0.0,0.0,0.0,0.0,0.0,0.0,-0.6293203910498373,0.0,15.9,0.0,0.0,979.0,0.0,0.0,12.3,0.0,0.0,0.8660254037844387,0.5712682150947923,0.0,0.0,0.777145961456971,0.0,0.0,0.0,0.0,4.06361178751578,-0.8660254037844386,0.0,0.0,,True,0.49999999999999994,0.0,0.0,0.0,0.0,0.0,0.8207634412072763,0.0,0.0,0.0,2026-10-03 02:00:00,0.0,3.7,0.0,0.0,0.0,129,17.79868982327849,-1.0,0.5000000000000001,0.0,0.0,0.0,0.0,0.0,24.3,Lamphun,0.0,0.0,2.0,0.0,99,3.6559523809523813,0.0,0.0,0.0,0.0,0.0,0.0,2026.0,0.0,0.0,0.0,0.0
0.0,0.0,0.0,0.0,0.0,0.0,-0.848048096156426,0.0,15.9,0.0,0.0,978.7,0.0,0.0,11.6,0.0,0.0,0.7071067811865476,0.5712682150947923,0.0,0.0,0.5299192642332049,0.0,0.0,0.0,0.0,4.033258137264966,-0.8660254037844386,0.0,0.0,,True,0.7071067811865475,0.0,0.0,0.0,0.0,0.0,0.8207634412072763,0.0,0.0,0.0,2026-10-03 03:00:00,0.0,2.7,0.0,0.0,0.0,148,17.79868982327849,0.0,0.5000000000000001,0.0,0.0,0.0,0.0,0.0,24.1,Lamphun,0.0,0.0,1.0,0.0,99,3.5904761904761906,0.0,0.0,0.0,0.0,0.0,0.0,2026.0,0.0,0.0,0.0,0.0
0.0,0.0,0.0,0.0,0.0,0.0,-0.9510565162951535,0.0,15.9,0.0,0.0,978.7,0.0,0.0,11.0,0.0,0.0,0.5000000000000001,0.5712682150947923,0.0,0.0,0.3090169943749475,0.0,0.0,0.0,0.0,4.039339878308624,-0.8660254037844386,0.0,0.0,,True,0.8660254037844386,0.0,0.0,0.0,0.0,0.0,0.8207634412072763,0.0,0.0,0.0,2026-10-03 04:00:00,0.0,1.1,0.0,0.0,0.0,162,17.79868982327849,1.0,0.5000000000000001,0.0,0.0,0.0,0.0,0.0,23.9,Lamphun,0.0,0.0,2.0,0.0,100,3.556547619047619,0.0,0.0,0.0,0.0,0.0,0.0,2026.0,0.0,0.0,0.0,0.0
0.0,0.0,0.0,0.0,0.0,0.0,-0.9335804264972017,0.0,15.9,0.0,0.0,979.1,0.0,0.0,10.2,0.0,0.0,0.25881904510252074,0.5712682150947923,0.0,0.0,0.3583679495453002,0.0,0.0,0.0,0.0,4.038651436804684,-0.8660254037844386,0.0,0.0,,True,0.9659258262890683,0.0,0.0,0.0,0.0,0.0,0.8207634412072763,0.0,0.0,0.0,2026-10-03 05:00:00,0.0,1.5,0.0,0.0,0.0,159,17.79868982327849,0.0,0.5000000000000001,0.0,0.0,0.0,0.0,0.0,23.9,Lamphun,0.0,0.0,3.0,0.0,100,3.513690476190476,0.0,0.0,0.0,0.0,0.0,0.0,2026.0,0.0,0.0,0.0,0.0
0.0,0.0,0.0,0.0,0.0,0.0,-0.848048096156426,0.0,15.9,0.0,0.0,979.8,0.0,0.0,8.6,0.0,0.0,6.123233995736766e-17,0.5712682150947923,0.0,0.0,0.5299192642332049,0.0,0.0,0.0,0.0,4.036950751728598,-0.8660254037844386,0.0,0.0,,True,1.0,0.0,0.0,0.0,0.0,0.0,0.8207634412072763,0.0,0.0,0.0,2026-10-03 06:00:00,0.0,1.7,0.0,0.0,0.0,148,17.79868982327849,0.0,0.5000000000000001,0.0,0.0,0.0,0.0,0.0,23.7,Lamphun,0.0,0.0,2.0,0.0,100,3.4702380952380953,0.0,0.0,0.0,0.0,0.0,0.0,2026.0,0.0,0.0,0.0,0.0
0.0,0.0,0.0,0.0,0.0,0.0,-0.5150380749100543,0.0,15.9,0.0,0.0,980.7,0.0,0.0,7.6,0.0,0.0,-0.25881904510252063,0.5712682150947923,0.0,0.0,0.8571673007021123,0.0,0.0,0.0,0.0,4.0353453617018475,-0.8660254037844386,0.0,0.0,,True,0.9659258262890683,0.0,0.0,0.0,0.0,0.0,0.8207634412072763,0.0,0.0,0.0,2026-10-03 07:00:00,0.0,2.1,0.0,0.0,0.0,121,17.79868982327849,-3.0,0.5000000000000001,0.0,0.0,0.0,0.0,0.0,24.2,Lamphun,0.0,0.0,2.0,0.0,97,3.427380952380952,0.0,0.0,0.0,0.0,0.0,0.0,2026.0,0.0,0.0,0.0,0.0
0.0,0.0,0.0,0.0,0.0,0.0,-0.12186934340514737,0.0,15.9,0.0,0.0,981.5,0.0,0.0,7.6,0.0,0.0,-0.4999999999999998,0.5712682150947923,0.0,0.0,0.9925461516413221,0.0,0.0,0.0,0.0,4.042869762726391,-0.8660254037844386,0.0,0.0,,True,0.8660254037844387,0.0,0.0,0.0,0.0,0.0,0.8207634412072763,0.0,0.0,0.0,2026-10-03 08:00:00,0.0,1.5,0.0,0.0,0.0,97,17.79868982327849,-6.0,0.5000000000000001,0.0,0.0,0.0,0.0,0.0,25.7,Lamphun,0.0,0.0,3.0,0.0,91,3.4142857142857146,0.0,0.0,0.0,0.0,0.0,0.0,2026.0,0.0,0.0,0.0,0.0
0.0,0.0,0.0,0.0,0.0,0.0,-0.8290375725550416,0.0,15.9,0.1,0.0,982.0,0.0,0.0,6.8,0.0,0.0,-0.7071067811865475,0.5712682150947923,0.0,0.0,0.5591929034707469,0.0,0.0,0.0,0.0,4.051385108949828,-0.8660254037844386,0.0,0.0,,True,0.7071067811865476,0.0,0.0,0.0,0.0,0.0,0.8207634412072763,0.0,0.0,0.0,2026-10-03 09:00:00,0.0,0.6,0.0,0.0,0.0,146,17.79868982327849,-9.0,0.5000000000000001,0.0,0.0,0.0,0.0,0.0,27.4,Lamphun,0.0,0.0,0.0,0.0,82,3.394642857142857,0.0,0.0,0.0,0.0,0.0,0.0,2026.0,0.09531017980432487,0.0,0.0,0.0
0.0,0.0,0.0,0.0,0.0,0.0,-0.8746197071393959,0.0,15.9,0.1,0.0,982.0,0.0,0.0,6.1,0.0,0.0,-0.8660254037844387,0.5712682150947923,0.0,0.0,-0.48480962024633695,0.0,0.0,0.0,0.0,4.0596881948982135,-0.8660254037844386,0.0,0.0,,True,0.49999999999999994,0.0,0.0,0.0,0.0,0.0,0.8207634412072763,0.0,0.0,0.0,2026-10-03 10:00:00,0.0,1.9,0.0,0.0,0.0,209,17.79868982327849,-4.0,0.5000000000000001,0.0,0.0,0.0,0.0,0.0,28.8,Lamphun,0.0,0.0,2.0,0.0,78,3.3767857142857145,0.0,0.0,0.0,0.0,0.0,0.0,2026.0,0.09531017980432487,0.0,0.0,0.0
0.0,0.0,0.0,0.0,0.0,0.0,-0.9876883405951378,0.0,15.9,0.1,0.0,981.3,0.0,0.0,0.0,0.0,0.0,-0.9659258262890682,0.5712682150947923,0.0,0.0,-0.15643446504023073,0.0,0.0,0.0,0.0,4.067315826895459,-0.8660254037844386,0.0,0.0,,True,0.258819045102521,0.0,0.0,0.0,0.0,0.0,0.8207634412072763,0.0,0.0,0.0,2026-10-03 11:00:00,0.0,2.4,0.0,0.0,0.0,189,17.79868982327849,-2.0,0.5000000000000001,0.0,0.0,0.0,0.0,0.0,29.8,Lamphun,0.0,0.0,4.0,0.0,76,3.3625000000000007,0.0,0.0,0.0,0.0,0.0,0.0,2026.0,0.09531017980432487,0.0,0.0,0.0
0.0,0.0,0.0,0.0,0.0,0.0,-0.9659258262890682,0.0,15.9,0.2,0.0,980.0,0.0,0.0,0.0,0.0,0.0,-1.0,0.5712682150947923,0.0,0.0,0.258819045102521,0.0,0.0,0.0,0.0,4.074572677328811,-0.8660254037844386,0.0,0.0,,True,1.2246467991473532e-16,0.0,0.0,0.0,0.0,0.0,0.8207634412072763,0.0,0.0,0.0,2026-10-03 12:00:00,0.0,2.8,0.0,0.0,0.0,165,17.79868982327849,-2.0,0.5000000000000001,0.0,0.0,0.0,0.0,0.0,30.4,Lamphun,0.0,0.0,6.0,0.0,74,3.349404761904762,0.0,0.0,0.0,0.0,0.0,0.0,2026.0,0.18232155679395462,0.0,0.0,0.0
0.0,0.0,0.0,0.0,0.0,0.0,-0.587785252292473,0.0,15.9,0.2,0.0,978.5,0.0,0.0,0.0,0.0,0.0,-0.9659258262890683,0.5712682150947923,0.0,0.0,0.8090169943749475,0.0,0.0,0.0,0.0,4.081774613992438,-0.8660254037844386,0.0,0.0,,True,-0.2588190451025208,0.0,0.0,0.0,0.0,0.0,0.8207634412072763,0.0,0.0,0.0,2026-10-03 13:00:00,0.0,5.8,0.0,0.0,0.0,126,17.79868982327849,-4.0,0.5000000000000001,0.0,0.0,0.0,0.0,0.0,31.1,Lamphun,0.0,0.0,6.0,0.0,70,3.3363095238095237,0.0,0.0,0.0,0.0,0.0,0.0,2026.0,0.18232155679395462,0.0,0.0,0.0
0.0,0.0,0.0,0.0,0.0,0.0,-0.05233595624294384,0.0,15.9,0.3,0.0,976.7,0.0,0.0,0.0,0.0,0.0,-0.8660254037844388,0.5712682150947923,0.0,0.0,0.9986295347545738,0.0,0.0,0.0,0.0,4.089219648388484,-0.8660254037844386,0.0,0.0,,True,-0.4999999999999997,0.0,0.0,0.0,0.0,0.0,0.8207634412072763,0.0,0.0,0.0,2026-10-03 14:00:00,0.0,6.0,0.0,0.0,0.0,93,17.79868982327849,2.0,0.5000000000000001,0.0,0.0,0.0,0.0,0.0,30.4,Lamphun,0.0,0.0,7.0,0.0,72,3.3220238095238095,0.0,0.0,0.0,0.0,0.0,0.0,2026.0,0.26236426446749106,0.0,0.0,0.0
0.0,0.0,0.0,0.0,0.0,0.0,-0.6156614753256581,0.0,15.9,0.3,0.0,976.0,0.0,0.0,0.0,0.0,0.0,-0.7071067811865479,0.5712682150947923,0.0,0.0,-0.7880107536067221,0.0,0.0,0.0,0.0,4.096725920208248,-0.8660254037844386,0.0,0.0,,True,-0.7071067811865471,0.0,0.0,0.0,0.0,0.0,0.8207634412072763,0.0,0.0,0.0,2026-10-03 15:00:00,0.0,8.5,0.0,0.0,0.0,232,17.79868982327849,3.0,0.5000000000000001,0.0,0.0,0.0,0.0,0.0,29.5,Lamphun,0.0,0.0,1.0,0.0,75,3.3071428571428574,0.0,0.0,0.0,0.0,0.0,0.0,2026.0,0.26236426446749106,0.0,0.0,0.0
0.0,0.0,0.0,0.0,0.0,0.0,-0.9455185755993167,0.0,15.9,0.2,0.0,976.0,0.0,0.0,0.0,0.0,0.0,-0.5000000000000004,0.5712682150947923,0.0,0.0,-0.32556815445715676,0.0,0.0,0.0,0.0,4.104272116121762,-0.8660254037844386,0.0,0.0,,True,-0.8660254037844384,0.0,0.0,0.0,0.0,0.0,0.8207634412072763,0.0,0.0,0.0,2026-10-03 16:00:00,0.0,6.1,0.0,0.0,0.0,199,17.79868982327849,3.0,0.5000000000000001,0.0,0.0,0.0,0.0,0.0,29.1,Lamphun,0.0,0.0,7.0,0.0,78,3.2916666666666665,0.0,0.0,0.0,0.0,0.0,0.0,2026.0,0.18232155679395462,0.0,0.0,0.0
0.0,0.0,0.0,0.0,0.0,0.0,-0.9510565162951536,0.0,15.9,0.4,0.0,976.3,0.0,0.0,0.0,0.0,0.0,-0.25881904510252063,0.5712682150947923,0.0,0.0,-0.3090169943749473,0.0,0.0,0.0,0.0,4.111974340754688,-0.8660254037844386,0.0,0.0,,True,-0.9659258262890683,0.0,0.0,0.0,0.0,0.0,0.8207634412072763,0.0,0.0,0.0,2026-10-03 17:00:00,0.0,5.3,0.0,0.0,0.0,198,17.79868982327849,2.0,0.5000000000000001,0.0,0.0,0.0,0.0,0.0,28.8,Lamphun,0.0,0.0,5.0,0.0,80,3.274404761904762,0.0,0.0,0.0,0.0,0.0,0.0,2026.0,0.33647223662121295,0.0,0.0,0.0
0.0,0.0,0.0,0.0,0.0,0.0,-1.0,0.0,15.9,1.0,0.0,976.6,0.0,0.0,0.0,0.0,0.0,-1.8369701987210297e-16,0.5712682150947923,0.0,0.0,1.2246467991473532e-16,0.0,0.0,0.0,0.0,4.119679236943833,-0.8660254037844386,0.0,0.0,,True,-1.0,0.0,0.0,0.0,0.0,0.0,0.8207634412072763,0.0,0.0,0.0,2026-10-03 18:00:00,0.0,2.7,0.0,0.0,0.0,180,17.79868982327849,10.0,0.5000000000000001,0.0,0.0,0.0,0.0,0.0,27.4,Lamphun,0.0,0.0,5.0,0.0,90,3.2553571428571426,0.0,0.0,0.0,0.0,0.0,0.0,2026.0,0.6931471805599453,0.0,0.0,0.0
0.0,0.0,0.0,0.0,0.0,0.0,6.123233995736766e-17,0.0,15.9,0.0,0.0,977.6,0.0,0.0,0.0,0.0,0.0,0.2588190451025203,0.5712682150947923,0.0,0.0,1.0,0.0,0.0,0.0,0.0,4.126859463738342,-0.8660254037844386,0.0,0.0,,True,-0.9659258262890684,0.0,0.0,0.0,0.0,0.0,0.8207634412072763,0.0,0.0,0.0,2026-10-03 19:00:00,0.0,1.1,0.0,0.0,0.0,90,17.79868982327849,1.0,0.5000000000000001,0.0,0.0,0.0,0.0,0.0,27.4,Lamphun,0.0,0.0,-1.0,0.0,91,3.231547619047619,0.0,0.0,0.0,0.0,0.0,0.0,2026.0,0.0,0.0,0.0,0.0
0.0,0.0,0.0,0.0,0.0,0.0,-0.39073112848927377,0.0,15.9,0.0,0.0,978.4,0.0,0.0,0.0,0.0,0.0,0.5000000000000001,0.5712682150947923,0.0,0.0,0.9205048534524403,0.0,0.0,0.0,0.0,4.068632951369603,-0.8660254037844386,0.0,0.0,,True,-0.8660254037844386,0.0,0.0,0.0,0.0,0.0,0.8207634412072763,0.0,0.0,0.0,2026-10-03 20:00:00,0.0,1.4,0.0,0.0,0.0,113,17.79868982327849,3.0,0.5000000000000001,0.0,0.0,0.0,0.0,0.0,26.8,Lamphun,0.0,0.0,3.0,0.0,94,3.1559523809523804,0.0,0.0,0.0,0.0,0.0,0.0,2026.0,0.0,0.0,0.0,0.0
0.0,0.0,0.0,0.0,0.0,0.0,-0.8571673007021122,0.0,15.9,0.0,0.0,979.4,0.0,0.0,0.0,0.0,0.0,0.7071067811865474,0.5712682150947923,0.0,0.0,0.5150380749100544,0.0,0.0,0.0,0.0,3.99148256999526,-0.8660254037844386,0.0,0.0,,True,-0.7071067811865477,0.0,0.0,0.0,0.0,0.0,0.8207634412072763,0.0,0.0,0.0,2026-10-03 21:00:00,0.0,2.1,0.0,0.0,0.0,149,17.79868982327849,2.0,0.5000000000000001,0.0,0.0,0.0,0.0,0.0,26.2,Lamphun,0.0,0.0,5.0,0.0,96,3.0738095238095235,0.0,0.0,0.0,0.0,0.0,0.0,2026.0,0.0,0.0,0.0,0.0
0.0,0.0,0.0,0.0,0.0,0.0,-0.9335804264972017,0.0,15.9,0.0,0.0,979.8,0.0,0.0,0.0,0.0,0.0,0.8660254037844384,0.5712682150947923,0.0,0.0,0.3583679495453002,0.0,0.0,0.0,0.0,3.9026612653180726,-0.8660254037844386,0.0,0.0,,True,-0.5000000000000004,0.0,0.0,0.0,0.0,0.0,0.8207634412072763,0.0,0.0,0.0,2026-10-03 22:00:00,0.0,3.1,0.0,0.0,0.0,159,17.79868982327849,2.0,0.5000000000000001,0.0,0.0,0.0,0.0,0.0,25.7,Lamphun,0.0,0.0,5.0,0.0,98,2.988690476190476,0.0,0.0,0.0,0.0,0.0,0.0,2026.0,0.0,0.0,0.0,0.0
0.0,0.0,0.0,0.0,0.0,0.0,-0.8746197071393957,0.0,15.9,0.0,0.0,979.4,0.0,0.0,0.0,0.0,0.0,0.9659258262890681,0.5712682150947923,0.0,0.0,0.48480962024633717,0.0,0.0,0.0,0.0,3.795093764059662,-0.8660254037844386,0.0,0.0,,True,-0.25881904510252157,0.0,0.0,0.0,0.0,0.0,0.8207634412072763,0.0,0.0,0.0,2026-10-03 23:00:00,0.0,3.3,0.0,0.0,0.0,151,17.79868982327849,1.0,0.5000000000000001,0.0,0.0,0.0,0.0,0.0,25.2,Lamphun,0.0,0.0,3.0,0.0,99,2.8988095238095237,0.0,0.0,0.0,0.0,0.0,0.0,2026.0,0.0,0.0,0.0,0.0
0.0,0.0,0.0,0.0,0.0,0.0,-0.7313537016191705,0.0,15.9,0.0,0.0,978.6,0.0,0.0,0.0,0.0,0.0,1.0,0.7247927872291199,0.0,0.0,0.6819983600624986,0.0,0.0,0.0,0.0,3.6699594348441185,-0.8660254037844386,0.0,0.0,,True,0.0,0.0,0.0,0.0,0.0,0.0,0.6889669190756866,0.0,0.0,0.0,2026-10-04 00:00:00,0.0,3.2,0.0,0.0,0.0,137,17.79868982327849,1.0,0.5000000000000001,0.0,0.0,0.0,0.0,0.0,24.8,Lamphun,0.0,0.0,2.0,0.0,100,2.805357142857143,0.0,0.0,0.0,0.0,0.0,0.0,2026.0,0.0,0.0,0.0,0.0
0.0,0.0,0.0,0.0,0.0,0.0,-0.6427876096865394,0.0,14.1,0.0,0.0,977.9,0.0,0.0,0.0,0.0,0.0,0.9659258262890683,0.7247927872291199,0.0,0.0,0.766044443118978,0.0,0.0,0.0,0.0,3.5335304703701107,-0.8660254037844386,0.0,0.0,,True,0.25881904510252074,0.0,0.0,0.0,0.0,0.0,0.6889669190756866,0.0,0.0,0.0,2026-10-04 01:00:00,0.0,3.1,0.0,0.0,0.0,130,17.79868982327849,0.0,0.5000000000000001,0.0,0.0,0.0,0.0,0.0,24.5,Lamphun,0.0,0.0,0.0,0.0,100,2.7107142857142854,0.0,0.0,0.0,0.0,0.0,0.0,2026.0,0.0,0.0,0.0,0.0
0.0,0.0,0.0,0.0,0.0,0.0,-0.743144825477394,0.0,13.4,0.0,0.0,977.6,0.0,0.0,0.0,0.0,0.0,0.8660254037844387,0.7247927872291199,0.0,0.0,0.6691306063588583,0.0,0.0,0.0,0.0,3.427887611619021,-0.8660254037844386,0.0,0.0,,True,0.49999999999999994,0.0,0.0,0.0,0.0,0.0,0.6889669190756866,0.0,0.0,0.0,2026-10-04 02:00:00,0.0,2.7,0.0,0.0,0.0,138,17.79868982327849,0.0,0.5000000000000001,0.0,0.0,0.0,0.0,0.0,24.3,Lamphun,0.0,0.0,1.0,0.0,100,2.6267857142857145,0.0,0.0,0.0,0.0,0.0,0.0,2026.0,0.0,0.0,0.0,0.0
0.0,0.0,0.0,0.0,0.0,0.0,-0.9135454576426008,0.0,13.4,0.0,0.0,977.4,0.0,0.0,0.0,0.0,0.0,0.7071067811865476,0.7247927872291199,0.0,0.0,0.40673664307580043,0.0,0.0,0.0,0.0,3.368907903463397,-0.8660254037844386,0.0,0.0,,True,0.7071067811865475,0.0,0.0,0.0,0.0,0.0,0.6889669190756866,0.0,0.0,0.0,2026-10-04 03:00:00,0.0,2.2,0.0,0.0,0.0,156,17.79868982327849,0.0,0.5000000000000001,0.0,0.0,0.0,0.0,0.0,24.2,Lamphun,0.0,0.0,1.0,0.0,100,2.5601190476190476,0.0,0.0,0.0,0.0,0.0,0.0,2026.0,0.0,0.0,0.0,0.0
0.0,0.0,0.0,0.0,0.0,0.0,-1.0,0.0,13.4,0.0,0.0,977.4,0.0,0.0,0.0,0.0,0.0,0.5000000000000001,0.7247927872291199,0.0,0.0,1.2246467991473532e-16,0.0,0.0,0.0,0.0,3.3289307660796243,-0.8660254037844386,0.0,0.0,,True,0.8660254037844386,0.0,0.0,0.0,0.0,0.0,0.6889669190756866,0.0,0.0,0.0,2026-10-04 04:00:00,0.0,2.0,0.0,0.0,0.0,180,17.79868982327849,-1.0,0.5000000000000001,0.0,0.0,0.0,0.0,0.0,24.2,Lamphun,0.0,0.0,-1.0,0.0,99,2.5023809523809524,0.0,0.0,0.0,0.0,0.0,0.0,2026.0,0.0,0.0,0.0,0.0
0.0,0.0,0.0,0.0,0.0,0.0,-0.9510565162951536,0.0,13.4,0.5,0.0,977.8,0.0,0.0,0.0,0.0,0.0,0.25881904510252074,0.7247927872291199,0.0,0.0,-0.3090169943749473,0.0,0.0,0.0,0.0,3.309055079859196,-0.8660254037844386,0.0,0.0,,True,0.9659258262890683,0.0,0.0,0.0,0.0,0.0,0.6889669190756866,0.0,0.0,0.0,2026-10-04 05:00:00,0.0,2.3,0.0,0.0,0.0,198,17.79868982327849,1.0,0.5000000000000001,0.0,0.0,0.0,0.0,0.0,24.0,Lamphun,0.0,0.0,0.0,0.0,100,2.455952380952381,0.0,0.0,0.0,0.0,0.0,0.0,2026.0,0.4054651081081644,0.0,0.0,0.0
0.0,0.0,0.0,0.0,0.0,0.0,-0.8480480961564261,0.0,13.4,0.5,0.0,978.3,0.0,0.0,0.0,0.0,0.0,6.123233995736766e-17,0.7247927872291199,0.0,0.0,-0.5299192642332048,0.0,0.0,0.0,0.0,3.3009673885261845,-0.8660254037844386,0.0,0.0,,True,1.0,0.0,0.0,0.0,0.0,0.0,0.6889669190756866,0.0,0.0,0.0,2026-10-04 06:00:00,0.0,2.7,0.0,0.0,0.0,212,17.79868982327849,0.0,0.5000000000000001,0.0,0.0,0.0,0.0,0.0,23.9,Lamphun,0.0,0.0,0.0,0.0,100,2.4184523809523815,0.0,0.0,0.0,0.0,0.0,0.0,2026.0,0.4054651081081644,0.0,0.0,0.0
0.0,0.0,0.0,0.0,0.0,0.0,-0.788010753606722,0.0,13.4,0.5,0.0,979.0,0.0,0.0,0.0,0.0,0.0,-0.25881904510252063,0.7247927872291199,0.0,0.0,-0.6156614753256582,0.0,0.0,0.0,0.0,3.299617754265339,-0.8660254037844386,0.0,0.0,,True,0.9659258262890683,0.0,0.0,0.0,0.0,0.0,0.6889669190756866,0.0,0.0,0.0,2026-10-04 07:00:00,0.0,3.0,0.0,0.0,0.0,218,17.79868982327849,-2.0,0.5000000000000001,0.0,0.0,0.0,0.0,0.0,24.3,Lamphun,0.0,0.0,1.0,0.0,98,2.3880952380952385,0.0,0.0,0.0,0.0,0.0,0.0,2026.0,0.4054651081081644,0.0,0.0,0.0
0.0,0.0,0.0,0.0,0.0,0.0,-0.766044443118978,0.0,13.4,0.1,0.0,979.7,0.0,0.0,0.0,0.0,0.0,-0.4999999999999998,0.7247927872291199,0.0,0.0,-0.6427876096865393,0.0,0.0,0.0,0.0,3.2952854042846744,-0.8660254037844386,0.0,0.0,,True,0.8660254037844387,0.0,0.0,0.0,0.0,0.0,0.6889669190756866,0.0,0.0,0.0,2026-10-04 08:00:00,0.0,3.1,0.0,0.0,0.0,220,17.79868982327849,-5.0,0.5000000000000001,0.0,0.0,0.0,0.0,0.0,25.4,Lamphun,0.0,0.0,2.0,0.0,93,2.354761904761905,0.0,0.0,0.0,0.0,0.0,0.0,2026.0,0.09531017980432487,0.0,0.0,0.0
0.0,0.0,0.0,0.0,0.0,0.0,-0.7313537016191706,0.0,13.4,0.1,0.0,980.3,0.0,0.0,0.0,0.0,0.0,-0.7071067811865475,0.7247927872291199,0.0,0.0,-0.6819983600624984,0.0,0.0,0.0,0.0,3.298821338330135,-0.8660254037844386,0.0,0.0,,True,0.7071067811865476,0.0,0.0,0.0,0.0,0.0,0.6889669190756866,0.0,0.0,0.0,2026-10-04 09:00:00,0.0,2.9,0.0,0.0,0.0,223,17.79868982327849,-6.0,0.5000000000000001,0.0,0.0,0.0,0.0,0.0,26.9,Lamphun,0.0,0.0,5.0,0.0,87,2.3333333333333335,0.0,0.0,0.0,0.0,0.0,0.0,2026.0,0.09531017980432487,0.0,0.0,0.0
0.0,0.0,0.0,0.0,0.0,0.0,-0.8746197071393959,0.0,13.4,0.1,0.0,980.6,0.0,0.0,0.0,0.0,0.0,-0.8660254037844387,0.7247927872291199,0.0,0.0,-0.48480962024633695,0.0,0.0,0.0,0.0,3.3032809825131597,-0.8660254037844386,0.0,0.0,,True,0.49999999999999994,0.0,0.0,0.0,0.0,0.0,0.6889669190756866,0.0,0.0,0.0,2026-10-04 10:00:00,0.0,2.3,0.0,0.0,0.0,209,17.79868982327849,-6.0,0.5000000000000001,0.0,0.0,0.0,0.0,0.0,28.3,Lamphun,0.0,0.0,3.0,0.0,81,2.3154761904761907,0.0,0.0,0.0,0.0,0.0,0.0,2026.0,0.09531017980432487,0.0,0.0,0.0
0.0,0.0,0.0,0.0,0.0,0.0,-0.7771459614569709,0.0,13.4,0.1,0.0,979.9,0.0,0.0,0.0,0.0,0.0,-0.9659258262890682,0.7247927872291199,0.0,0.0,0.6293203910498374,0.0,0.0,0.0,0.0,3.3073491913418196,-0.8660254037844386,0.0,0.0,,True,0.258819045102521,0.0,0.0,0.0,0.0,0.0,0.6889669190756866,0.0,0.0,0.0,2026-10-04 11:00:00,0.0,2.3,0.0,0.0,0.0,141,17.79868982327849,-4.0,0.5000000000000001,0.0,0.0,0.0,0.0,0.0,29.2,Lamphun,0.0,0.0,1.0,0.0,77,2.2964285714285717,0.0,0.0,0.0,0.0,0.0,0.0,2026.0,0.09531017980432487,0.0,0.0,0.0
0.0,0.0,0.0,0.0,0.0,0.0,-0.29237170472273666,0.0,13.4,0.1,0.0,978.7,0.0,0.0,0.0,0.0,0.0,-1.0,0.7247927872291199,0.0,0.0,0.9563047559630355,0.0,0.0,0.0,0.0,3.3109349509516353,-0.8660254037844386,0.0,0.0,,True,1.2246467991473532e-16,0.0,0.0,0.0,0.0,0.0,0.6889669190756866,0.0,0.0,0.0,2026-10-04 12:00:00,0.0,5.1,0.0,0.0,0.0,107,17.79868982327849,-4.0,0.5000000000000001,0.0,0.0,0.0,0.0,0.0,30.0,Lamphun,0.0,0.0,-1.0,0.0,73,2.276190476190476,0.0,0.0,0.0,0.0,0.0,0.0,2026.0,0.09531017980432487,0.0,0.0,0.0
0.0,0.0,0.0,0.0,0.0,0.0,-0.1736481776669303,0.0,13.4,0.1,0.0,977.6,0.0,0.0,0.0,0.0,0.0,-0.9659258262890683,0.7247927872291199,0.0,0.0,0.984807753012208,0.0,0.0,0.0,0.0,3.3131398859986296,-0.8660254037844386,0.0,0.0,,True,-0.2588190451025208,0.0,0.0,0.0,0.0,0.0,0.6889669190756866,0.0,0.0,0.0,2026-10-04 13:00:00,0.0,6.2,0.0,0.0,0.0,100,17.79868982327849,-2.0,0.5000000000000001,0.0,0.0,0.0,0.0,0.0,30.5,Lamphun,0.0,0.0,1.0,0.0,71,2.2529761904761907,0.0,0.0,0.0,0.0,0.0,0.0,2026.0,0.09531017980432487,0.0,0.0,0.0
0.0,0.0,0.0,0.0,0.0,0.0,-0.05233595624294384,0.0,13.4,0.0,0.0,976.6,0.0,0.0,0.0,0.0,0.0,-0.8660254037844388,0.7247927872291199,0.0,0.0,0.9986295347545738,0.0,0.0,0.0,0.0,3.3141997093897073,-0.8660254037844386,0.0,0.0,,True,-0.4999999999999997,0.0,0.0,0.0,0.0,0.0,0.6889669190756866,0.0,0.0,0.0,2026-10-04 14:00:00,0.0,3.4,0.0,0.0,0.0,93,17.79868982327849,-1.0,0.5000000000000001,0.0,0.0,0.0,0.0,0.0,30.7,Lamphun,0.0,0.0,-2.0,0.0,70,2.2279761904761903,0.0,0.0,0.0,0.0,0.0,0.0,2026.0,0.0,0.0,0.0,0.0
0.0,0.0,0.0,0.0,0.0,0.0,0.6018150231520479,0.0,13.4,0.0,0.0,975.6,0.0,0.0,0.0,0.0,0.0,-0.7071067811865479,0.7247927872291199,0.0,0.0,-0.798635510047293,0.0,0.0,0.0,0.0,3.3139134557634797,-0.8660254037844386,0.0,0.0,,True,-0.7071067811865471,0.0,0.0,0.0,0.0,0.0,0.6889669190756866,0.0,0.0,0.0,2026-10-04 15:00:00,0.0,1.8,0.0,0.0,0.0,307,17.79868982327849,-1.0,0.5000000000000001,0.0,0.0,0.0,0.0,0.0,30.7,Lamphun,0.0,0.0,-6.0,0.0,69,2.201190476190476,0.0,0.0,0.0,0.0,0.0,0.0,2026.0,0.0,0.0,0.0,0.0
0.0,0.0,0.0,0.0,0.0,0.0,0.22495105434386492,0.0,13.4,0.0,0.0,975.1,0.0,0.0,0.0,0.0,0.0,-0.5000000000000004,0.7247927872291199,0.0,0.0,-0.9743700647852352,0.0,0.0,0.0,0.0,3.312075711927786,-0.8660254037844386,0.0,0.0,,True,-0.8660254037844384,0.0,0.0,0.0,0.0,0.0,0.6889669190756866,0.0,0.0,0.0,2026-10-04 16:00:00,0.0,5.0,0.0,0.0,0.0,283,17.79868982327849,2.0,0.5000000000000001,0.0,0.0,0.0,0.0,0.0,30.3,Lamphun,0.0,0.0,-7.0,0.0,71,2.1726190476190474,0.0,0.0,0.0,0.0,0.0,0.0,2026.0,0.0,0.0,0.0,0.0
0.0,0.0,0.0,0.0,0.0,0.0,-0.22495105434386525,0.0,13.4,0.1,0.0,975.3,0.0,0.0,0.0,0.0,0.0,-0.25881904510252063,0.7247927872291199,0.0,0.0,-0.9743700647852351,0.0,0.0,0.0,0.0,3.308475714049223,-0.8660254037844386,0.0,0.0,,True,-0.9659258262890683,0.0,0.0,0.0,0.0,0.0,0.6889669190756866,0.0,0.0,0.0,2026-10-04 17:00:00,0.0,5.5,0.0,0.0,0.0,257,17.79868982327849,4.0,0.5000000000000001,0.0,0.0,0.0,0.0,0.0,29.2,Lamphun,0.0,0.0,-5.0,0.0,75,2.1422619047619045,0.0,0.0,0.0,0.0,0.0,0.0,2026.0,0.09531017980432487,0.0,0.0,0.0
0.0,0.0,0.0,0.0,0.0,0.0,-0.7071067811865477,0.0,13.4,0.1,0.0,976.1,0.0,0.0,0.0,0.0,0.0,-1.8369701987210297e-16,0.7247927872291199,0.0,0.0,-0.7071067811865475,0.0,0.0,0.0,0.0,3.3040456008908894,-0.8660254037844386,0.0,0.0,,True,-1.0,0.0,0.0,0.0,0.0,0.0,0.6889669190756866,0.0,0.0,0.0,2026-10-04 18:00:00,0.0,6.4,0.0,0.0,0.0,225,17.79868982327849,6.0,0.5000000000000001,0.0,0.0,0.0,0.0,0.0,27.7,Lamphun,0.0,0.0,-9.0,0.0,81,2.1113095238095236,0.0,0.0,0.0,0.0,0.0,0.0,2026.0,0.09531017980432487,0.0,0.0,0.0
0.0,0.0,0.0,0.0,0.0,0.0,-0.8910065241883679,0.0,13.4,0.1,0.0,977.0,0.0,0.0,0.0,0.0,0.0,0.2588190451025203,0.7247927872291199,0.0,0.0,-0.4539904997395467,0.0,0.0,0.0,0.0,3.2998728759957445,-0.8660254037844386,0.0,0.0,,True,-0.9659258262890684,0.0,0.0,0.0,0.0,0.0,0.6889669190756866,0.0,0.0,0.0,2026-10-04 19:00:00,0.0,7.2,0.0,0.0,0.0,207,17.79868982327849,6.0,0.5000000000000001,0.0,0.0,0.0,0.0,0.0,26.6,Lamphun,0.0,0.0,-4.0,0.0,87,2.080952380952381,0.0,0.0,0.0,0.0,0.0,0.0,2026.0,0.09531017980432487,0.0,0.0,0.0
0.0,0.0,0.0,0.0,0.0,0.0,-0.9563047559630354,0.0,13.4,0.0,0.0,978.0,0.0,0.0,0.0,0.0,0.0,0.5000000000000001,0.7247927872291199,0.0,0.0,-0.29237170472273677,0.0,0.0,0.0,0.0,3.284257732279977,-0.8660254037844386,0.0,0.0,,True,-0.8660254037844386,0.0,0.0,0.0,0.0,0.0,0.6889669190756866,0.0,0.0,0.0,2026-10-04 20:00:00,0.0,5.6,0.0,0.0,0.0,197,17.79868982327849,3.0,0.5000000000000001,0.0,0.0,0.0,0.0,0.0,26.0,Lamphun,0.0,0.0,-4.0,0.0,90,2.0410714285714286,0.0,0.0,0.0,0.0,0.0,0.0,2026.0,0.0,0.0,0.0,0.0
0.0,0.0,0.0,0.0,0.0,0.0,-0.9975640502598242,0.0,13.4,0.0,0.0,979.0,0.0,0.0,0.0,0.0,0.0,0.7071067811865474,0.7247927872291199,0.0,0.0,0.06975647374412552,0.0,0.0,0.0,0.0,3.2770198545300464,-0.8660254037844386,0.0,0.0,,True,-0.7071067811865477,0.0,0.0,0.0,0.0,0.0,0.6889669190756866,0.0,0.0,0.0,2026-10-04 21:00:00,0.0,2.7,0.0,0.0,0.0,176,17.79868982327849,3.0,0.5000000000000001,0.0,0.0,0.0,0.0,0.0,25.7,Lamphun,0.0,0.0,-3.0,0.0,93,2.0083333333333333,0.0,0.0,0.0,0.0,0.0,0.0,2026.0,0.0,0.0,0.0,0.0
0.0,0.0,0.0,0.0,0.0,0.0,-0.4539904997395467,0.0,13.4,0.0,0.0,979.6,0.0,0.0,0.0,0.0,0.0,0.8660254037844384,0.7247927872291199,0.0,0.0,0.8910065241883679,0.0,0.0,0.0,0.0,3.273982192416218,-0.8660254037844386,0.0,0.0,,True,-0.5000000000000004,0.0,0.0,0.0,0.0,0.0,0.6889669190756866,0.0,0.0,0.0,2026-10-04 22:00:00,0.0,1.6,0.0,0.0,0.0,117,17.79868982327849,1.0,0.5000000000000001,0.0,0.0,0.0,0.0,0.0,25.4,Lamphun,0.0,0.0,-4.0,0.0,94,1.9803571428571427,0.0,0.0,0.0,0.0,0.0,0.0,2026.0,0.0,0.0,0.0,0.0
0.0,0.0,0.0,0.0,0.0,0.0,6.123233995736766e-17,0.0,13.4,0.0,0.0,979.2,0.0,0.0,0.0,0.0,0.0,0.9659258262890681,0.7247927872291199,0.0,0.0,1.0,0.0,0.0,0.0,0.0,3.272972999186116,-0.8660254037844386,0.0,0.0,,True,-0.25881904510252157,0.0,0.0,0.0,0.0,0.0,0.6889669190756866,0.0,0.0,0.0,2026-10-04 23:00:00,0.0,1.4,0.0,0.0,0.0,90,17.79868982327849,2.0,0.5000000000000001,0.0,0.0,0.0,0.0,0.0,25.1,Lamphun,0.0,0.0,-3.0,0.0,96,1.9553571428571428,0.0,0.0,0.0,0.0,0.0,0.0,2026.0,0.0,0.0,0.0,0.0
0.0,0.0,0.0,0.0,0.0,0.0,0.24192189559966767,0.0,13.4,0.0,0.0,978.5,0.0,0.0,0.0,0.0,0.0,1.0,0.8486442574947509,0.0,0.0,0.9702957262759965,0.0,0.0,0.0,0.0,3.2732773918179996,-0.8660254037844386,0.0,0.0,,True,0.0,0.0,0.0,0.0,0.0,0.0,0.5289640103269624,0.0,0.0,0.0,2026-10-05 00:00:00,0.0,0.7,0.0,0.0,0.0,76,17.79868982327849,1.0,0.5000000000000001,0.0,0.0,0.0,0.0,0.0,24.8,Lamphun,0.0,0.0,-3.0,0.0,97,1.9327380952380955,0.0,0.0,0.0,0.0,0.0,0.0,2026.0,0.0,0.0,0.0,0.0
0.0,0.0,0.0,0.0,0.0,0.0,0.7071067811865476,0.0,13.4,0.0,0.0,977.9,0.0,0.0,0.0,0.0,0.0,0.9659258262890683,0.8486442574947509,0.0,0.0,0.7071067811865475,0.0,0.0,0.0,0.0,3.2740761255083215,-0.8660254037844386,0.0,0.0,,True,0.25881904510252074,0.0,0.0,0.0,0.0,0.0,0.5289640103269624,0.0,0.0,0.0,2026-10-05 01:00:00,0.0,0.3,0.0,0.0,0.0,45,17.79868982327849,1.0,0.5000000000000001,0.0,0.0,0.0,0.0,0.0,24.5,Lamphun,0.0,0.0,-2.0,0.0,98,1.911309523809524,0.0,0.0,0.0,0.0,0.0,0.0,2026.0,0.0,0.0,0.0,0.0
0.0,0.0,0.0,0.0,0.0,0.0,-0.4539904997395467,0.0,13.4,0.0,0.0,977.6,0.0,0.0,0.0,0.0,0.0,0.8660254037844387,0.8486442574947509,0.0,0.0,0.8910065241883679,0.0,0.0,0.0,0.0,3.275036133847157,-0.8660254037844386,0.0,0.0,,True,0.49999999999999994,0.0,0.0,0.0,0.0,0.0,0.5289640103269624,0.0,0.0,0.0,2026-10-05 02:00:00,0.0,0.4,0.0,0.0,0.0,117,17.79868982327849,1.0,0.5000000000000001,0.0,0.0,0.0,0.0,0.0,24.2,Lamphun,0.0,0.0,-1.0,0.0,99,1.8904761904761906,0.0,0.0,0.0,0.0,0.0,0.0,2026.0,0.0,0.0,0.0,0.0
0.0,0.0,0.0,0.0,0.0,0.0,-0.6018150231520484,0.0,13.4,0.0,0.0,977.4,0.0,0.0,0.0,0.0,0.0,0.7071067811865476,0.8486442574947509,0.0,0.0,0.7986355100472927,0.0,0.0,0.0,0.0,3.2764192520309976,-0.8660254037844386,0.0,0.0,,True,0.7071067811865475,0.0,0.0,0.0,0.0,0.0,0.5289640103269624,0.0,0.0,0.0,2026-10-05 03:00:00,0.0,0.9,0.0,0.0,0.0,127,17.79868982327849,1.0,0.5000000000000001,0.0,0.0,0.0,0.0,0.0,23.9,Lamphun,0.0,0.0,0.0,0.0,100,1.8708333333333331,0.0,0.0,0.0,0.0,0.0,0.0,2026.0,0.0,0.0,0.0,0.0
0.0,0.0,0.0,0.0,0.0,0.0,-0.4539904997395467,0.0,13.4,0.0,0.0,977.4,0.0,0.0,0.0,0.0,0.0,0.5000000000000001,0.8486442574947509,0.0,0.0,0.8910065241883679,0.0,0.0,0.0,0.0,3.279472537144058,-0.8660254037844386,0.0,0.0,,True,0.8660254037844386,0.0,0.0,0.0,0.0,0.0,0.5289640103269624,0.0,0.0,0.0,2026-10-05 04:00:00,0.0,1.2,0.0,0.0,0.0,117,17.79868982327849,0.0,0.5000000000000001,0.0,0.0,0.0,0.0,0.0,23.8,Lamphun,0.0,0.0,1.0,0.0,100,1.8577380952380953,0.0,0.0,0.0,0.0,0.0,0.0,2026.0,0.0,0.0,0.0,0.0
0.0,0.0,0.0,0.0,0.0,0.0,0.5591929034707468,0.0,13.4,0.8,0.0,977.8,0.0,0.0,0.0,0.0,0.0,0.25881904510252074,0.8486442574947509,0.0,0.0,0.8290375725550417,0.0,0.0,0.0,0.0,3.2821953205817866,-0.8660254037844386,0.0,0.0,,True,0.9659258262890683,0.0,0.0,0.0,0.0,0.0,0.5289640103269624,0.0,0.0,0.0,2026-10-05 05:00:00,0.0,1.3,0.0,0.0,0.0,56,17.79868982327849,-1.0,0.5000000000000001,0.0,0.0,0.0,0.0,0.0,23.7,Lamphun,0.0,0.0,-1.0,0.0,99,1.842857142857143,0.0,0.0,0.0,0.0,0.0,0.0,2026.0,0.5877866649021191,0.0,0.0,0.0
0.0,0.0,0.0,0.0,0.0,0.0,0.9510565162951535,0.0,13.4,0.8,0.0,978.5,0.0,0.0,0.0,0.0,0.0,6.123233995736766e-17,0.8486442574947509,0.0,0.0,0.3090169943749474,0.0,0.0,0.0,0.0,3.284961093796257,-0.8660254037844386,0.0,0.0,,True,1.0,0.0,0.0,0.0,0.0,0.0,0.5289640103269624,0.0,0.0,0.0,2026-10-05 06:00:00,0.0,2.8,0.0,0.0,0.0,18,17.79868982327849,-1.0,0.5000000000000001,0.0,0.0,0.0,0.0,0.0,23.6,Lamphun,0.0,0.0,-2.0,0.0,98,1.8285714285714287,0.0,0.0,0.0,0.0,0.0,0.0,2026.0,0.5877866649021191,0.0,0.0,0.0
0.0,0.0,0.0,0.0,0.0,0.0,0.984807753012208,0.0,13.4,0.8,0.0,979.2,0.0,0.0,0.0,0.0,0.0,-0.25881904510252063,0.8486442574947509,0.0,0.0,0.17364817766693033,0.0,0.0,0.0,0.0,3.2875473126278254,-0.8660254037844386,0.0,0.0,,True,0.9659258262890683,0.0,0.0,0.0,0.0,0.0,0.5289640103269624,0.0,0.0,0.0,2026-10-05 07:00:00,0.0,4.0,0.0,0.0,0.0,10,17.79868982327849,-2.0,0.5000000000000001,0.0,0.0,0.0,0.0,0.0,23.8,Lamphun,0.0,0.0,-2.0,0.0,96,1.8136904761904757,0.0,0.0,0.0,0.0,0.0,0.0,2026.0,0.5877866649021191,0.0,0.0,0.0
0.0,0.0,0.0,0.0,0.0,0.0,0.9961946980917455,0.0,13.4,0.2,0.0,980.0,0.0,0.0,0.0,0.0,0.0,-0.4999999999999998,0.8486442574947509,0.0,0.0,0.08715574274765817,0.0,0.0,0.0,0.0,3.286875603516689,-0.8660254037844386,0.0,0.0,,True,0.8660254037844387,0.0,0.0,0.0,0.0,0.0,0.5289640103269624,0.0,0.0,0.0,2026-10-05 08:00:00,0.0,4.3,0.0,0.0,0.0,5,17.79868982327849,-4.0,0.5000000000000001,0.0,0.0,0.0,0.0,0.0,24.4,Lamphun,0.0,0.0,-1.0,0.0,92,1.7910714285714284,0.0,0.0,0.0,0.0,0.0,0.0,2026.0,0.18232155679395462,0.0,0.0,0.0
0.0,0.0,0.0,0.0,0.0,0.0,0.9961946980917455,0.0,13.4,0.2,0.0,980.9,0.0,0.0,0.0,0.0,0.0,-0.7071067811865475,0.8486442574947509,0.0,0.0,-0.08715574274765832,0.0,0.0,0.0,0.0,3.285670936567045,-0.8660254037844386,0.0,0.0,,True,0.7071067811865476,0.0,0.0,0.0,0.0,0.0,0.5289640103269624,0.0,0.0,0.0,2026-10-05 09:00:00,0.0,4.2,0.0,0.0,0.0,355,17.79868982327849,-3.0,0.5000000000000001,0.0,0.0,0.0,0.0,0.0,25.2,Lamphun,0.0,0.0,2.0,0.0,89,1.7678571428571428,0.0,0.0,0.0,0.0,0.0,0.0,2026.0,0.18232155679395462,0.0,0.0,0.0
0.0,0.0,0.0,0.0,0.0,0.0,0.9702957262759965,0.0,13.4,0.2,0.0,981.2,0.0,0.0,0.0,0.0,0.0,-0.8660254037844387,0.8486442574947509,0.0,0.0,-0.24192189559966787,0.0,0.0,0.0,0.0,3.285046462066634,-0.8660254037844386,0.0,0.0,,True,0.49999999999999994,0.0,0.0,0.0,0.0,0.0,0.5289640103269624,0.0,0.0,0.0,2026-10-05 10:00:00,0.0,3.7,0.0,0.0,0.0,346,17.79868982327849,-4.0,0.5000000000000001,0.0,0.0,0.0,0.0,0.0,26.1,Lamphun,0.0,0.0,4.0,0.0,85,1.7458333333333333,0.0,0.0,0.0,0.0,0.0,0.0,2026.0,0.18232155679395462,0.0,0.0,0.0
0.0,0.0,0.0,0.0,0.0,0.0,0.8910065241883678,0.0,13.4,0.2,0.0,980.4,0.0,0.0,0.0,0.0,0.0,-0.9659258262890682,0.8486442574947509,0.0,0.0,-0.45399049973954697,0.0,0.0,0.0,0.0,3.284953975179503,-0.8660254037844386,0.0,0.0,,True,0.258819045102521,0.0,0.0,0.0,0.0,0.0,0.5289640103269624,0.0,0.0,0.0,2026-10-05 11:00:00,0.0,2.8,0.0,0.0,0.0,333,17.79868982327849,-4.0,0.5000000000000001,0.0,0.0,0.0,0.0,0.0,27.2,Lamphun,0.0,0.0,4.0,0.0,81,1.7249999999999996,0.0,0.0,0.0,0.0,0.0,0.0,2026.0,0.18232155679395462,0.0,0.0,0.0
0.0,0.0,0.0,0.0,0.0,0.0,0.559192903470747,0.0,13.4,0.2,0.0,979.0,0.0,0.0,0.0,0.0,0.0,-1.0,0.8486442574947509,0.0,0.0,-0.8290375725550416,0.0,0.0,0.0,0.0,3.28534369675112,-0.8660254037844386,0.0,0.0,,True,1.2246467991473532e-16,0.0,0.0,0.0,0.0,0.0,0.5289640103269624,0.0,0.0,0.0,2026-10-05 12:00:00,0.0,1.9,0.0,0.0,0.0,304,17.79868982327849,-3.0,0.5000000000000001,0.0,0.0,0.0,0.0,0.0,28.3,Lamphun,0.0,0.0,5.0,0.0,78,1.7053571428571428,0.0,0.0,0.0,0.0,0.0,0.0,2026.0,0.18232155679395462,0.0,0.0,0.0
0.0,0.0,0.0,0.0,0.0,0.0,-0.2079116908177598,0.0,13.4,0.2,0.0,977.8,0.0,0.0,0.0,0.0,0.0,-0.9659258262890683,0.8486442574947509,0.0,0.0,-0.9781476007338056,0.0,0.0,0.0,0.0,3.284656435559108,-0.8660254037844386,0.0,0.0,,True,-0.2588190451025208,0.0,0.0,0.0,0.0,0.0,0.5289640103269624,0.0,0.0,0.0,2026-10-05 13:00:00,0.0,2.6,0.0,0.0,0.0,258,17.79868982327849,-1.0,0.5000000000000001,0.0,0.0,0.0,0.0,0.0,28.8,Lamphun,0.0,0.0,6.0,0.0,77,1.6839285714285712,0.0,0.0,0.0,0.0,0.0,0.0,2026.0,0.18232155679395462,0.0,0.0,0.0
0.0,0.0,0.0,0.0,0.0,0.0,-0.43837114678907774,0.0,13.4,1.7,0.0,976.9,0.0,0.0,0.0,0.0,0.0,-0.8660254037844388,0.8486442574947509,0.0,0.0,-0.8987940462991668,0.0,0.0,0.0,0.0,3.284171264671136,-0.8660254037844386,0.0,0.0,,True,-0.4999999999999997,0.0,0.0,0.0,0.0,0.0,0.5289640103269624,0.0,0.0,0.0,2026-10-05 14:00:00,0.0,5.0,0.0,0.0,0.0,244,17.79868982327849,4.0,0.5000000000000001,0.0,0.0,0.0,0.0,0.0,28.0,Lamphun,0.0,0.0,11.0,0.0,81,1.663095238095238,0.0,0.0,0.0,0.0,0.0,0.0,2026.0,0.9932517730102834,0.0,0.0,0.0
0.0,0.0,0.0,0.0,0.0,0.0,-0.48480962024633684,0.0,13.4,1.7,0.0,976.3,0.0,0.0,0.0,0.0,0.0,-0.7071067811865479,0.8486442574947509,0.0,0.0,-0.874619707139396,0.0,0.0,0.0,0.0,3.2824612951556653,-0.8660254037844386,0.0,0.0,,True,-0.7071067811865471,0.0,0.0,0.0,0.0,0.0,0.5289640103269624,0.0,0.0,0.0,2026-10-05 15:00:00,0.0,8.1,0.0,0.0,0.0,241,17.79868982327849,6.0,0.5000000000000001,0.0,0.0,0.0,0.0,0.0,26.7,Lamphun,0.0,0.0,18.0,0.0,87,1.6404761904761906,0.0,0.0,0.0,0.0,0.0,0.0,2026.0,0.9932517730102834,0.0,0.0,0.0
0.0,0.0,0.0,0.0,0.0,0.0,-0.5000000000000004,0.0,13.4,1.7,0.0,976.2,0.0,0.0,0.0,0.0,0.0,-0.5000000000000004,0.8486442574947509,0.0,0.0,-0.8660254037844384,0.0,0.0,0.0,0.0,3.2809812680150676,-0.8660254037844386,0.0,0.0,,True,-0.8660254037844384,0.0,0.0,0.0,0.0,0.0,0.5289640103269624,0.0,0.0,0.0,2026-10-05 16:00:00,0.0,10.0,0.0,0.0,0.0,240,17.79868982327849,5.0,0.5000000000000001,0.0,0.0,0.0,0.0,0.0,25.5,Lamphun,0.0,0.0,21.0,0.0,92,1.6184523809523808,0.0,0.0,0.0,0.0,0.0,0.0,2026.0,0.9932517730102834,0.0,0.0,0.0
0.0,0.0,0.0,0.0,0.0,0.0,-0.5150380749100545,0.0,13.4,0.8,0.0,976.9,0.0,0.0,0.0,0.0,0.0,-0.25881904510252063,0.8486442574947509,0.0,0.0,-0.8571673007021121,0.0,0.0,0.0,0.0,3.2822566348139275,-0.8660254037844386,0.0,0.0,,True,-0.9659258262890683,0.0,0.0,0.0,0.0,0.0,0.5289640103269624,0.0,0.0,0.0,2026-10-05 17:00:00,0.0,10.2,0.0,0.0,0.0,239,17.79868982327849,2.0,0.5000000000000001,0.0,0.0,0.0,0.0,0.0,24.8,Lamphun,0.0,0.0,19.0,0.0,94,1.6023809523809522,0.0,0.0,0.0,0.0,0.0,0.0,2026.0,0.5877866649021191,0.0,0.0,0.0
0.0,0.0,0.0,0.0,0.0,0.0,-0.5150380749100545,0.0,13.4,0.8,0.0,978.1,0.0,0.0,0.0,0.0,0.0,-1.8369701987210297e-16,0.8486442574947509,0.0,0.0,-0.8571673007021121,0.0,0.0,0.0,0.0,3.2841144634371253,-0.8660254037844386,0.0,0.0,,True,-1.0,0.0,0.0,0.0,0.0,0.0,0.5289640103269624,0.0,0.0,0.0,2026-10-05 18:00:00,0.0,9.2,0.0,0.0,0.0,239,17.79868982327849,0.0,0.5000000000000001,0.0,0.0,0.0,0.0,0.0,24.4,Lamphun,0.0,0.0,13.0,0.0,94,1.588690476190476,0.0,0.0,0.0,0.0,0.0,0.0,2026.0,0.5877866649021191,0.0,0.0,0.0
0.0,0.0,0.0,0.0,0.0,0.0,-0.544639035015027,0.0,13.4,0.8,0.0,979.2,0.0,0.0,0.0,0.0,0.0,0.2588190451025203,0.8486442574947509,0.0,0.0,-0.838670567945424,0.0,0.0,0.0,0.0,3.2860364209754778,-0.8660254037844386,0.0,0.0,,True,-0.9659258262890684,0.0,0.0,0.0,0.0,0.0,0.5289640103269624,0.0,0.0,0.0,2026-10-05 19:00:00,0.0,7.9,0.0,0.0,0.0,237,17.79868982327849,0.0,0.5000000000000001,0.0,0.0,0.0,0.0,0.0,24.0,Lamphun,0.0,0.0,7.0,0.0,94,1.575595238095238,0.0,0.0,0.0,0.0,0.0,0.0,2026.0,0.5877866649021191,0.0,0.0,0.0
0.0,0.0,0.0,0.0,0.0,0.0,-0.7071067811865477,0.0,13.4,1.7,0.0,980.2,0.0,0.0,0.0,0.0,0.0,0.5000000000000001,0.8486442574947509,0.0,0.0,-0.7071067811865475,0.0,0.0,0.0,0.0,3.2828735455369578,-0.8660254037844386,0.0,0.0,,True,-0.8660254037844386,0.0,0.0,0.0,0.0,0.0,0.5289640103269624,0.0,0.0,0.0,2026-10-05 20:00:00,0.0,6.4,0.0,0.0,0.0,225,17.79868982327849,1.0,0.5000000000000001,0.0,0.0,0.0,0.0,0.0,23.5,Lamphun,0.0,0.0,5.0,0.0,95,1.5517857142857143,0.0,0.0,0.0,0.0,0.0,0.0,2026.0,0.9932517730102834,0.0,0.0,0.0
0.0,0.0,0.0,0.0,0.0,0.0,-0.9396926207859084,0.0,13.4,1.7,0.0,981.1,0.0,0.0,0.0,0.0,0.0,0.7071067811865474,0.8486442574947509,0.0,0.0,-0.34202014332566866,0.0,0.0,0.0,0.0,3.2831066580650847,-0.8660254037844386,0.0,0.0,,True,-0.7071067811865477,0.0,0.0,0.0,0.0,0.0,0.5289640103269624,0.0,0.0,0.0,2026-10-05 21:00:00,0.0,5.2,0.0,0.0,0.0,200,17.79868982327849,1.0,0.5000000000000001,0.0,0.0,0.0,0.0,0.0,23.1,Lamphun,0.0,0.0,3.0,0.0,96,1.5339285714285713,0.0,0.0,0.0,0.0,0.0,0.0,2026.0,0.9932517730102834,0.0,0.0,0.0
0.0,0.0,0.0,0.0,0.0,0.0,-0.9975640502598242,0.0,13.4,1.7,0.0,981.7,0.0,0.0,0.0,0.0,0.0,0.8660254037844384,0.8486442574947509,0.0,0.0,-0.06975647374412527,0.0,0.0,0.0,0.0,3.284172721100116,-0.8660254037844386,0.0,0.0,,True,-0.5000000000000004,0.0,0.0,0.0,0.0,0.0,0.5289640103269624,0.0,0.0,0.0,2026-10-05 22:00:00,0.0,5.1,0.0,0.0,0.0,184,17.79868982327849,1.0,0.5000000000000001,0.0,0.0,0.0,0.0,0.0,22.8,Lamphun,0.0,0.0,3.0,0.0,97,1.5184523809523809,0.0,0.0,0.0,0.0,0.0,0.0,2026.0,0.9932517730102834,0.0,0.0,0.0
0.0,0.0,0.0,0.0,0.0,0.0,-0.9743700647852352,0.0,13.4,1.9,0.0,981.7,0.0,0.0,0.0,0.0,0.0,0.9659258262890681,0.8486442574947509,0.0,0.0,-0.22495105434386498,0.0,0.0,0.0,0.0,3.2849576423476354,-0.8660254037844386,0.0,0.0,,True,-0.25881904510252157,0.0,0.0,0.0,0.0,0.0,0.5289640103269624,0.0,0.0,0.0,2026-10-05 23:00:00,0.0,5.0,0.0,0.0,0.0,193,17.79868982327849,0.0,0.5000000000000001,0.0,0.0,0.0,0.0,0.0,22.6,Lamphun,0.0,0.0,1.0,0.0,97,1.5023809523809524,0.0,0.0,0.0,0.0,0.0,0.0,2026.0,1.0647107369924282,0.0,0.0,0.0
0.0,0.0,0.0,0.0,0.0,0.0,-0.8480480961564261,0.0,13.4,1.9,0.0,981.4,0.0,0.0,0.0,0.0,0.0,1.0,0.9377521321470804,0.0,0.0,-0.5299192642332048,0.0,0.0,0.0,0.0,3.285434770719556,-0.8660254037844386,0.0,0.0,,True,0.0,0.0,0.0,0.0,0.0,0.0,0.3473052528448203,0.0,0.0,0.0,2026-10-06 00:00:00,0.0,5.1,0.0,0.0,0.0,212,17.79868982327849,0.0,0.5000000000000001,0.0,0.0,0.0,0.0,0.0,22.4,Lamphun,0.0,0.0,0.0,0.0,97,1.4857142857142858,0.0,0.0,0.0,0.0,0.0,0.0,2026.0,1.0647107369924282,0.0,0.0,0.0
0.0,0.0,0.0,0.0,0.0,0.0,-0.6946583704589973,0.0,13.4,1.9,0.0,981.1,0.0,0.0,0.0,0.0,0.0,0.9659258262890683,0.9377521321470804,0.0,0.0,-0.7193398003386512,0.0,0.0,0.0,0.0,3.2862730287517397,-0.8660254037844386,0.0,0.0,,True,0.25881904510252074,0.0,0.0,0.0,0.0,0.0,0.3473052528448203,0.0,0.0,0.0,2026-10-06 01:00:00,0.0,5.7,0.0,0.0,0.0,226,17.79868982327849,0.0,0.5000000000000001,0.0,0.0,0.0,0.0,0.0,22.4,Lamphun,0.0,0.0,-1.0,0.0,97,1.4702380952380953,0.0,0.0,0.0,0.0,0.0,0.0,2026.0,1.0647107369924282,0.0,0.0,0.0
0.0,0.0,0.0,0.0,0.0,0.0,0.15643446504023092,0.0,13.4,0.2,0.0,980.6,0.0,0.0,0.0,0.0,0.0,0.8660254037844387,0.9377521321470804,0.0,0.0,0.9876883405951378,0.0,0.0,0.0,0.0,3.2877219539155833,-0.8660254037844386,0.0,0.0,,True,0.49999999999999994,0.0,0.0,0.0,0.0,0.0,0.3473052528448203,0.0,0.0,0.0,2026-10-06 02:00:00,0.0,3.5,0.0,0.0,0.0,81,17.79868982327849,-1.0,0.5000000000000001,0.0,0.0,0.0,0.0,0.0,23.5,Lamphun,0.0,0.0,-3.0,0.0,96,1.4571428571428573,0.0,0.0,0.0,0.0,0.0,0.0,2026.0,0.18232155679395462,0.0,0.0,0.0
0.0,0.0,0.0,0.0,0.0,0.0,0.052335956242943966,0.0,13.4,0.2,0.0,980.8,0.0,0.0,0.0,0.0,0.0,0.7071067811865476,0.9377521321470804,0.0,0.0,0.9986295347545738,0.0,0.0,0.0,0.0,3.2891181040659405,-0.8660254037844386,0.0,0.0,,True,0.7071067811865475,0.0,0.0,0.0,0.0,0.0,0.3473052528448203,0.0,0.0,0.0,2026-10-06 03:00:00,0.0,3.4,0.0,0.0,0.0,87,17.79868982327849,1.0,0.5000000000000001,0.0,0.0,0.0,0.0,0.0,23.3,Lamphun,0.0,0.0,-3.0,0.0,97,1.444047619047619,0.0,0.0,0.0,0.0,0.0,0.0,2026.0,0.18232155679395462,0.0,0.0,0.0
0.0,0.0,0.0,0.0,0.0,0.0,-0.1736481776669303,0.0,13.4,0.2,0.0,980.9,0.0,0.0,0.0,0.0,0.0,0.5000000000000001,0.9377521321470804,0.0,0.0,0.984807753012208,0.0,0.0,0.0,0.0,3.2890415671243964,-0.8660254037844386,0.0,0.0,,True,0.8660254037844386,0.0,0.0,0.0,0.0,0.0,0.3473052528448203,0.0,0.0,0.0,2026-10-06 04:00:00,0.0,3.1,0.0,0.0,0.0,100,17.79868982327849,1.0,0.5000000000000001,0.0,0.0,0.0,0.0,0.0,23.0,Lamphun,0.0,0.0,-2.0,0.0,98,1.4267857142857143,0.0,0.0,0.0,0.0,0.0,0.0,2026.0,0.18232155679395462,0.0,0.0,0.0
0.0,0.0,0.0,0.0,0.0,0.0,-0.42261826174069933,0.0,13.4,0.2,0.0,981.0,0.0,0.0,0.0,0.0,0.0,0.25881904510252074,0.9377521321470804,0.0,0.0,0.90630778703665,0.0,0.0,0.0,0.0,3.286539266255533,-0.8660254037844386,0.0,0.0,,True,0.9659258262890683,0.0,0.0,0.0,0.0,0.0,0.3473052528448203,0.0,0.0,0.0,2026-10-06 05:00:00,0.0,3.0,0.0,0.0,0.0,115,17.79868982327849,1.0,0.5000000000000001,0.0,0.0,0.0,0.0,0.0,22.8,Lamphun,0.0,0.0,0.0,0.0,99,1.405357142857143,0.0,0.0,0.0,0.0,0.0,0.0,2026.0,0.18232155679395462,0.0,0.0,0.0
0.0,0.0,0.0,0.0,0.0,0.0,-0.6156614753256583,0.0,13.4,0.2,0.0,981.0,0.0,0.0,0.0,0.0,0.0,6.123233995736766e-17,0.9377521321470804,0.0,0.0,0.788010753606722,0.0,0.0,0.0,0.0,3.2838952327472115,-0.8660254037844386,0.0,0.0,,True,1.0,0.0,0.0,0.0,0.0,0.0,0.3473052528448203,0.0,0.0,0.0,2026-10-06 06:00:00,0.0,3.2,0.0,0.0,0.0,128,17.79868982327849,-1.0,0.5000000000000001,0.0,0.0,0.0,0.0,0.0,22.8,Lamphun,0.0,0.0,0.0,0.0,98,1.3839285714285714,0.0,0.0,0.0,0.0,0.0,0.0,2026.0,0.18232155679395462,0.0,0.0,0.0
0.0,0.0,0.0,0.0,0.0,0.0,-0.6560590289905072,0.0,13.4,0.2,0.0,981.0,0.0,0.0,0.0,0.0,0.0,-0.25881904510252063,0.9377521321470804,0.0,0.0,0.7547095802227721,0.0,0.0,0.0,0.0,3.2811091239599652,-0.8660254037844386,0.0,0.0,,True,0.9659258262890683,0.0,0.0,0.0,0.0,0.0,0.3473052528448203,0.0,0.0,0.0,2026-10-06 07:00:00,0.0,3.6,0.0,0.0,0.0,131,17.79868982327849,-1.0,0.5000000000000001,0.0,0.0,0.0,0.0,0.0,23.0,Lamphun,0.0,0.0,1.0,0.0,97,1.3624999999999998,0.0,0.0,0.0,0.0,0.0,0.0,2026.0,0.18232155679395462,0.0,0.0,0.0
0.0,0.0,0.0,0.0,0.0,0.0,-0.587785252292473,0.0,13.4,0.4,0.0,980.9,0.0,0.0,0.0,0.0,0.0,-0.4999999999999998,0.9377521321470804,0.0,0.0,0.8090169943749475,0.0,0.0,0.0,0.0,3.271297737731753,-0.8660254037844386,0.0,0.0,,True,0.8660254037844387,0.0,0.0,0.0,0.0,0.0,0.3473052528448203,0.0,0.0,0.0,2026-10-06 08:00:00,0.0,4.2,0.0,0.0,0.0,126,17.79868982327849,-2.0,0.5000000000000001,0.0,0.0,0.0,0.0,0.0,23.6,Lamphun,0.0,0.0,3.0,0.0,95,1.3333333333333333,0.0,0.0,0.0,0.0,0.0,0.0,2026.0,0.33647223662121295,0.0,0.0,0.0
0.0,0.0,0.0,0.0,0.0,0.0,-0.484809620246337,0.0,13.4,0.4,0.0,980.7,0.0,0.0,0.0,0.0,0.0,-0.7071067811865475,0.9377521321470804,0.0,0.0,0.8746197071393959,0.0,0.0,0.0,0.0,3.25984635913219,-0.8660254037844386,0.0,0.0,,True,0.7071067811865476,0.0,0.0,0.0,0.0,0.0,0.3473052528448203,0.0,0.0,0.0,2026-10-06 09:00:00,0.0,5.2,0.0,0.0,0.0,119,17.79868982327849,-5.0,0.5000000000000001,0.0,0.0,0.0,0.0,0.0,24.5,Lamphun,0.0,0.0,1.0,0.0,90,1.3029761904761903,0.0,0.0,0.0,0.0,0.0,0.0,2026.0,0.33647223662121295,0.0,0.0,0.0
0.0,0.0,0.0,0.0,0.0,0.0,-0.37460659341591207,0.0,13.4,0.4,0.0,980.4,0.0,0.0,0.0,0.0,0.0,-0.8660254037844387,0.9377521321470804,0.0,0.0,0.9271838545667874,0.0,0.0,0.0,0.0,3.245882999803397,-0.8660254037844386,0.0,0.0,,True,0.49999999999999994,0.0,0.0,0.0,0.0,0.0,0.3473052528448203,0.0,0.0,0.0,2026-10-06 10:00:00,0.0,6.2,0.0,0.0,0.0,112,17.79868982327849,-4.0,0.5000000000000001,0.0,0.0,0.0,0.0,0.0,25.5,Lamphun,0.0,0.0,1.0,0.0,86,1.2708333333333333,0.0,0.0,0.0,0.0,0.0,0.0,2026.0,0.33647223662121295,0.0,0.0,0.0
0.0,0.0,0.0,0.0,0.0,0.0,-0.30901699437494734,0.0,13.4,0.4,0.0,980.1,0.0,0.0,0.0,0.0,0.0,-0.9659258262890682,0.9377521321470804,0.0,0.0,0.9510565162951536,0.0,0.0,0.0,0.0,3.236447409851533,-0.8660254037844386,0.0,0.0,,True,0.258819045102521,0.0,0.0,0.0,0.0,0.0,0.3473052528448203,0.0,0.0,0.0,2026-10-06 11:00:00,0.0,7.2,0.0,0.0,0.0,108,17.79868982327849,-4.0,0.5000000000000001,0.0,0.0,0.0,0.0,0.0,26.5,Lamphun,0.0,0.0,1.0,0.0,82,1.2428571428571429,0.0,0.0,0.0,0.0,0.0,0.0,2026.0,0.33647223662121295,0.0,0.0,0.0
0.0,0.0,0.0,0.0,0.0,0.0,-0.27563735581699905,0.0,13.4,0.4,0.0,979.9,0.0,0.0,0.0,0.0,0.0,-1.0,0.9377521321470804,0.0,0.0,0.9612616959383189,0.0,0.0,0.0,0.0,3.2232933750134958,-0.8660254037844386,0.0,0.0,,True,1.2246467991473532e-16,0.0,0.0,0.0,0.0,0.0,0.3473052528448203,0.0,0.0,0.0,2026-10-06 12:00:00,0.0,8.0,0.0,0.0,0.0,106,17.79868982327849,-3.0,0.5000000000000001,0.0,0.0,0.0,0.0,0.0,27.3,Lamphun,0.0,0.0,1.0,0.0,79,1.2119047619047618,0.0,0.0,0.0,0.0,0.0,0.0,2026.0,0.33647223662121295,0.0,0.0,0.0
0.0,0.0,0.0,0.0,0.0,0.0,-0.24192189559966779,0.0,13.4,0.4,0.0,979.7,0.0,0.0,0.0,0.0,0.0,-0.9659258262890683,0.9377521321470804,0.0,0.0,0.9702957262759965,0.0,0.0,0.0,0.0,3.209032247841563,-0.8660254037844386,0.0,0.0,,True,-0.2588190451025208,0.0,0.0,0.0,0.0,0.0,0.3473052528448203,0.0,0.0,0.0,2026-10-06 13:00:00,0.0,8.2,0.0,0.0,0.0,104,17.79868982327849,-1.0,0.5000000000000001,0.0,0.0,0.0,0.0,0.0,27.7,Lamphun,0.0,0.0,1.0,0.0,78,1.1803571428571429,0.0,0.0,0.0,0.0,0.0,0.0,2026.0,0.33647223662121295,0.0,0.0,0.0
0.0,0.0,0.0,0.0,0.0,0.0,-0.25881904510252085,0.0,13.4,1.4,0.0,979.6,0.0,0.0,0.0,0.0,0.0,-0.8660254037844388,0.9377521321470804,0.0,0.0,0.9659258262890683,0.0,0.0,0.0,0.0,3.1943959130691835,-0.8660254037844386,0.0,0.0,,True,-0.4999999999999997,0.0,0.0,0.0,0.0,0.0,0.3473052528448203,0.0,0.0,0.0,2026-10-06 14:00:00,0.0,7.6,0.0,0.0,0.0,105,17.79868982327849,1.0,0.5000000000000001,0.0,0.0,0.0,0.0,0.0,27.6,Lamphun,0.0,0.0,-2.0,0.0,79,1.1488095238095237,0.0,0.0,0.0,0.0,0.0,0.0,2026.0,0.8754687373538999,0.0,0.0,0.0
0.0,0.0,0.0,0.0,0.0,0.0,-0.27563735581699905,0.0,13.4,1.4,0.0,979.7,0.0,0.0,0.0,0.0,0.0,-0.7071067811865479,0.9377521321470804,0.0,0.0,0.9612616959383189,0.0,0.0,0.0,0.0,3.176944250886791,-0.8660254037844386,0.0,0.0,,True,-0.7071067811865471,0.0,0.0,0.0,0.0,0.0,0.3473052528448203,0.0,0.0,0.0,2026-10-06 15:00:00,0.0,6.7,0.0,0.0,0.0,106,17.79868982327849,2.0,0.5000000000000001,0.0,0.0,0.0,0.0,0.0,27.2,Lamphun,0.0,0.0,-6.0,0.0,81,1.1154761904761903,0.0,0.0,0.0,0.0,0.0,0.0,2026.0,0.8754687373538999,0.0,0.0,0.0
0.0,0.0,0.0,0.0,0.0,0.0,-0.3420201433256687,0.0,13.4,1.4,0.0,979.7,0.0,0.0,0.0,0.0,0.0,-0.5000000000000004,0.9377521321470804,0.0,0.0,0.9396926207859084,0.0,0.0,0.0,0.0,3.1564042782392545,-0.8660254037844386,0.0,0.0,,True,-0.8660254037844384,0.0,0.0,0.0,0.0,0.0,0.3473052528448203,0.0,0.0,0.0,2026-10-06 16:00:00,0.0,5.4,0.0,0.0,0.0,110,17.79868982327849,4.0,0.5000000000000001,0.0,0.0,0.0,0.0,0.0,26.5,Lamphun,0.0,0.0,-7.0,0.0,85,1.0803571428571428,0.0,0.0,0.0,0.0,0.0,0.0,2026.0,0.8754687373538999,0.0,0.0,0.0
0.0,0.0,0.0,0.0,0.0,0.0,-0.4539904997395467,0.0,13.4,1.4,0.0,979.7,0.0,0.0,0.0,0.0,0.0,-0.25881904510252063,0.9377521321470804,0.0,0.0,0.8910065241883679,0.0,0.0,0.0,0.0,3.1344050648479067,-0.8660254037844386,0.0,0.0,,True,-0.9659258262890683,0.0,0.0,0.0,0.0,0.0,0.3473052528448203,0.0,0.0,0.0,2026-10-06 17:00:00,0.0,4.0,0.0,0.0,0.0,117,17.79868982327849,4.0,0.5000000000000001,0.0,0.0,0.0,0.0,0.0,25.8,Lamphun,0.0,0.0,-5.0,0.0,89,1.0446428571428572,0.0,0.0,0.0,0.0,0.0,0.0,2026.0,0.8754687373538999,0.0,0.0,0.0
0.0,0.0,0.0,0.0,0.0,0.0,-0.6156614753256583,0.0,13.4,1.4,0.0,979.8,0.0,0.0,0.0,0.0,0.0,-1.8369701987210297e-16,0.9377521321470804,0.0,0.0,0.788010753606722,0.0,0.0,0.0,0.0,3.1137108446230037,-0.8660254037844386,0.0,0.0,,True,-1.0,0.0,0.0,0.0,0.0,0.0,0.3473052528448203,0.0,0.0,0.0,2026-10-06 18:00:00,0.0,3.0,0.0,0.0,0.0,128,17.79868982327849,4.0,0.5000000000000001,0.0,0.0,0.0,0.0,0.0,25.1,Lamphun,0.0,0.0,-1.0,0.0,93,1.0101190476190478,0.0,0.0,0.0,0.0,0.0,0.0,2026.0,0.8754687373538999,0.0,0.0,0.0
0.0,0.0,0.0,0.0,0.0,0.0,-0.743144825477394,0.0,13.4,1.4,0.0,980.0,0.0,0.0,0.0,0.0,0.0,0.2588190451025203,0.9377521321470804,0.0,0.0,0.6691306063588583,0.0,0.0,0.0,0.0,3.096050202528371,-0.8660254037844386,0.0,0.0,,True,-0.9659258262890684,0.0,0.0,0.0,0.0,0.0,0.3473052528448203,0.0,0.0,0.0,2026-10-06 19:00:00,0.0,2.2,0.0,0.0,0.0,138,17.79868982327849,3.0,0.5000000000000001,0.0,0.0,0.0,0.0,0.0,24.6,Lamphun,0.0,0.0,2.0,0.0,96,0.9779761904761906,0.0,0.0,0.0,0.0,0.0,0.0,2026.0,0.8754687373538999,0.0,0.0,0.0
0.0,0.0,0.0,0.0,0.0,0.0,-0.848048096156426,0.0,13.4,0.0,0.0,980.1,0.0,0.0,0.0,0.0,0.0,0.5000000000000001,0.9377521321470804,0.0,0.0,0.5299192642332049,0.0,0.0,0.0,0.0,3.027521098098758,-0.8660254037844386,0.0,0.0,,True,-0.8660254037844386,0.0,0.0,0.0,0.0,0.0,0.3473052528448203,0.0,0.0,0.0,2026-10-06 20:00:00,0.0,1.7,0.0,0.0,0.0,148,17.79868982327849,2.0,0.5000000000000001,0.0,0.0,0.0,0.0,0.0,24.3,Lamphun,0.0,0.0,3.0,0.0,98,0.9220238095238096,0.0,0.0,0.0,0.0,0.0,0.0,2026.0,0.0,0.0,0.0,0.0
0.0,0.0,0.0,0.0,0.0,0.0,-0.9205048534524404,0.0,13.4,0.0,0.0,980.4,0.0,0.0,0.0,0.0,0.0,0.7071067811865474,0.9377521321470804,0.0,0.0,0.39073112848927377,0.0,0.0,0.0,0.0,2.941916398314405,-0.8660254037844386,0.0,0.0,,True,-0.7071067811865477,0.0,0.0,0.0,0.0,0.0,0.3473052528448203,0.0,0.0,0.0,2026-10-06 21:00:00,0.0,1.4,0.0,0.0,0.0,157,17.79868982327849,1.0,0.5000000000000001,0.0,0.0,0.0,0.0,0.0,24.0,Lamphun,0.0,0.0,3.0,0.0,99,0.8613095238095237,0.0,0.0,0.0,0.0,0.0,0.0,2026.0,0.0,0.0,0.0,0.0
0.0,0.0,0.0,0.0,0.0,0.0,-0.9510565162951535,0.0,13.4,0.0,0.0,980.6,0.0,0.0,0.0,0.0,0.0,0.8660254037844384,0.9377521321470804,0.0,0.0,0.3090169943749475,0.0,0.0,0.0,0.0,2.8338895012359635,-0.8660254037844386,0.0,0.0,,True,-0.5000000000000004,0.0,0.0,0.0,0.0,0.0,0.3473052528448203,0.0,0.0,0.0,2026-10-06 22:00:00,0.0,1.1,0.0,0.0,0.0,162,17.79868982327849,0.0,0.5000000000000001,0.0,0.0,0.0,0.0,0.0,23.7,Lamphun,0.0,0.0,2.0,0.0,99,0.7952380952380954,0.0,0.0,0.0,0.0,0.0,0.0,2026.0,0.0,0.0,0.0,0.0
0.0,0.0,0.0,0.0,0.0,0.0,-0.981627183447664,0.0,13.4,0.0,0.0,980.9,0.0,0.0,0.0,0.0,0.0,0.9659258262890681,0.9377521321470804,0.0,0.0,0.19080899537654497,0.0,0.0,0.0,0.0,2.6935483408320504,-0.8660254037844386,0.0,0.0,,True,-0.25881904510252157,0.0,0.0,0.0,0.0,0.0,0.3473052528448203,0.0,0.0,0.0,2026-10-06 23:00:00,0.0,0.9,0.0,0.0,0.0,169,17.79868982327849,0.0,0.5000000000000001,0.0,0.0,0.0,0.0,0.0,23.5,Lamphun,0.0,0.0,2.0,0.0,99,0.7226190476190476,0.0,0.0,0.0,0.0,0.0,0.0,2026.0,0.0,0.0,0.0,0.0
,,7.9,,,,,,,0.1,,982.8,,,,,,,,,,,,,0.0,,,,,,7.9,False,,,,,,,,,,,2026-09-22 23:00:00,,0.5,,,,135,,,,,,,0.0,,24.8,Mae Hong Son,,,,0.0,92,,,,,,,,,,,,
,,8.1,,,,,,,0.0,,982.7,,,,,,,,,,,,,0.0,,,,,,8.1,False,,,,,,,,,,,2026-09-23 00:00:00,,0.4,,,,153,,,,,,,0.0,,24.3,Mae Hong Son,,,,0.0,94,,,,,,,,,,,,
,,8.3,,,,,,,0.0,,982.5,,,,,,,,,,,,,0.0,,,,,,8.3,False,,,,,,,,,,,2026-09-23 01:00:00,,0.2,,,,180,,,,,,,0.0,,24.2,Mae Hong Son,,,,0.0,93,,,,,,,,,,,,
,,9.1,,,,,,,0.0,,981.9,,,,,,,,,,,,,0.0,,,,,,9.1,False,,,,,,,,,,,2026-09-23 02:00:00,,0.4,,,,117,,,,,,,0.0,,23.3,Mae Hong Son,,,,0.0,95,,,,,,,,,,,,
,,9.0,,,,,,,0.0,,981.6,,,,,,,,,,,,,0.0,,,,,,9.0,False,,,,,,,,,,,2026-09-23 03:00:00,,0.3,,,,135,,,,,,,0.0,,22.6,Mae Hong Son,,,,0.0,96,,,,,,,,,,,,
,,9.0,,,,,,,0.0,,981.3,,,,,,,,,,,,,0.0,,,,,,9.0,False,,,,,,,,,,,2026-09-23 04:00:00,,0.2,,,,180,,,,,,,0.0,,22.3,Mae Hong Son,,,,0.0,98,,,,,,,,,,,,
,,9.1,,,,,,,0.0,,981.1,,,,,,,,,,,,,0.0,,,,,,9.1,False,,,,,,,,,,,2026-09-23 05:00:00,,0.7,,,,76,,,,,,,0.0,,21.9,Mae Hong Son,,,,0.0,100,,,,,,,,,,,,
,,9.3,,,,,,,0.0,,981.3,,,,,,,,,,,,,0.0,,,,,,9.3,False,,,,,,,,,,,2026-09-23 06:00:00,,0.3,,,,135,,,,,,,0.0,,22.2,Mae Hong Son,,,,0.0,98,,,,,,,,,,,,
,,0.0,,,,,,,0.0,,982.4,,,,,,,,,,,,,0.0,,,,,,0.0,False,,,,,,,,,,,2026-09-23 07:00:00,,1.4,,,,310,,,,,,,0.0,,23.1,Mae Hong Son,,,,0.0,98,,,,,,,,,,,,
,,0.7,,,,,,,0.0,,983.3,,,,,,,,,,,,,0.0,,,,,,0.7,False,,,,,,,,,,,2026-09-23 08:00:00,,1.7,,,,347,,,,,,,0.0,,24.3,Mae Hong Son,,,,0.0,91,,,,,,,,,,,,
,,1.0,,,,,,,0.0,,983.8,,,,,,,,,,,,,0.0,,,,,,1.0,False,,,,,,,,,,,2026-09-23 09:00:00,,1.5,,,,315,,,,,,,0.0,,26.7,Mae Hong Son,,,,0.0,80,,,,,,,,,,,,
,,1.2,,,,,,,0.0,,983.8,,,,,,,,,,,,,0.0,,,,,,1.2,False,,,,,,,,,,,2026-09-23 10:00:00,,4.4,,,,328,,,,,,,0.0,,28.9,Mae Hong Son,,,,0.0,68,,,,,,,,,,,,
,,1.7,,,,,,,0.1,,983.1,,,,,,,,,,,,,0.0,,,,,,1.7,False,,,,,,,,,,,2026-09-23 11:00:00,,5.6,,,,329,,,,,,,0.0,,30.5,Mae Hong Son,,,,0.0,61,,,,,,,,,,,,
,,2.6,,,,,,,0.1,,982.3,,,,,,,,,,,,,0.0,,,,,,2.6,False,,,,,,,,,,,2026-09-23 12:00:00,,3.9,,,,323,,,,,,,0.0,,32.1,Mae Hong Son,,,,0.0,55,,,,,,,,,,,,
,,3.7,,,,,,,0.2,,981.5,,,,,,,,,,,,,0.0,,,,,,3.7,False,,,,,,,,,,,2026-09-23 13:00:00,,1.1,,,,261,,,,,,,0.0,,33.6,Mae Hong Son,,,,0.0,45,,,,,,,,,,,,
,,4.6,,,,,,,0.7,,980.1,,,,,,,,,,,,,0.0,,,,,,4.6,False,,,,,,,,,,,2026-09-23 14:00:00,,4.8,,,,222,,,,,,,0.0,,33.3,Mae Hong Son,,,,0.0,50,,,,,,,,,,,,
,,5.1,,,,,,,0.4,,978.9,,,,,,,,,,,,,0.0,,,,,,5.1,False,,,,,,,,,,,2026-09-23 15:00:00,,5.5,,,,232,,,,,,,0.0,,32.2,Mae Hong Son,,,,0.0,61,,,,,,,,,,,,
,,5.6,,,,,,,0.1,,978.6,,,,,,,,,,,,,0.0,,,,,,5.6,False,,,,,,,,,,,2026-09-23 16:00:00,,5.2,,,,250,,,,,,,0.0,,31.7,Mae Hong Son,,,,0.0,62,,,,,,,,,,,,
,,5.9,,,,,,,0.0,,978.5,,,,,,,,,,,,,0.0,,,,,,5.9,False,,,,,,,,,,,2026-09-23 17:00:00,,4.7,,,,220,,,,,,,0.0,,30.3,Mae Hong Son,,,,0.0,76,,,,,,,,,,,,
,,7.1,,,,,,,0.0,,978.7,,,,,,,,,,,,,0.0,,,,,,7.1,False,,,,,,,,,,,2026-09-23 18:00:00,,3.0,,,,205,,,,,,,0.0,,29.0,Mae Hong Son,,,,0.0,86,,,,,,,,,,,,
,,13.0,,,,,,,0.0,,979.0,,,,,,,,,,,,,0.0,,,,,,13.0,False,,,,,,,,,,,2026-09-23 19:00:00,,1.3,,,,225,,,,,,,0.0,,28.2,Mae Hong Son,,,,0.0,89,,,,,,,,,,,,
,,13.7,,,,,,,0.0,,980.3,,,,,,,,,,,,,0.0,,,,,,13.7,False,,,,,,,,,,,2026-09-23 20:00:00,,1.5,,,,144,,,,,,,0.0,,27.0,Mae Hong Son,,,,0.0,94,,,,,,,,,,,,
,,13.9,,,,,,,0.0,,981.3,,,,,,,,,,,,,0.0,,,,,,13.9,False,,,,,,,,,,,2026-09-23 21:00:00,,2.3,,,,157,,,,,,,0.0,,25.9,Mae Hong Son,,,,0.0,98,,,,,,,,,,,,
,,13.7,,,,,,,0.0,,982.4,,,,,,,,,,,,,0.0,,,,,,13.7,False,,,,,,,,,,,2026-09-23 22:00:00,,4.0,,,,207,,,,,,,0.0,,25.2,Mae Hong Son,,,,0.0,100,,,,,,,,,,,,
,,13.4,,,,,,,0.0,,982.8,,,,,,,,,,,,,0.0,,,,,,13.4,False,,,,,,,,,,,2026-09-23 23:00:00,,1.5,,,,159,,,,,,,0.0,,24.8,Mae Hong Son,,,,0.0,100,,,,,,,,,,,,
,,13.1,,,,,,,0.0,,982.6,,,,,,,,,,,,,0.0,,,,,,13.1,False,,,,,,,,,,,2026-09-24 00:00:00,,0.2,,,,90,,,,,,,0.0,,24.3,Mae Hong Son,,,,0.0,99,,,,,,,,,,,,
,,12.8,,,,,,,0.0,,982.6,,,,,,,,,,,,,0.0,,,,,,12.8,False,,,,,,,,,,,2026-09-24 01:00:00,,0.6,,,,124,,,,,,,0.0,,24.3,Mae Hong Son,,,,0.0,99,,,,,,,,,,,,
,,12.7,,,,,,,0.7,,982.2,,,,,,,,,,,,,0.0,,,,,,12.7,False,,,,,,,,,,,2026-09-24 02:00:00,,2.9,,,,133,,,,,,,0.0,,23.7,Mae Hong Son,,,,0.0,97,,,,,,,,,,,,
,,12.4,,,,,,,0.1,,982.0,,,,,,,,,,,,,0.0,,,,,,12.4,False,,,,,,,,,,,2026-09-24 03:00:00,,1.1,,,,360,,,,,,,0.0,,23.8,Mae Hong Son,,,,0.0,96,,,,,,,,,,,,
,,12.2,,,,,,,0.0,,982.1,,,,,,,,,,,,,0.0,,,,,,12.2,False,,,,,,,,,,,2026-09-24 04:00:00,,0.5,,,,360,,,,,,,0.0,,23.7,Mae Hong Son,,,,0.0,94,,,,,,,,,,,,
,,12.1,,,,,,,0.0,,981.7,,,,,,,,,,,,,0.0,,,,,,12.1,False,,,,,,,,,,,2026-09-24 05:00:00,,1.1,,,,351,,,,,,,0.0,,23.4,Mae Hong Son,,,,0.0,94,,,,,,,,,,,,
,,12.0,,,,,,,0.0,,982.1,,,,,,,,,,,,,0.0,,,,,,12.0,False,,,,,,,,,,,2026-09-24 06:00:00,,0.4,,,,297,,,,,,,0.0,,23.2,Mae Hong Son,,,,0.0,94,,,,,,,,,,,,
,,10.8,,,,,,,0.0,,983.2,,,,,,,,,,,,,0.0,,,,,,10.8,False,,,,,,,,,,,2026-09-24 07:00:00,,1.6,,,,297,,,,,,,0.0,,23.7,Mae Hong Son,,,,0.0,94,,,,,,,,,,,,
,,11.3,,,,,,,0.0,,983.8,,,,,,,,,,,,,0.0,,,,,,11.3,False,,,,,,,,,,,2026-09-24 08:00:00,,1.3,,,,326,,,,,,,0.0,,25.1,Mae Hong Son,,,,0.0,90,,,,,,,,,,,,
,,11.1,,,,,,,0.0,,984.0,,,,,,,,,,,,,0.0,,,,,,11.1,False,,,,,,,,,,,2026-09-24 09:00:00,,2.2,,,,336,,,,,,,0.0,,27.2,Mae Hong Son,,,,0.0,79,,,,,,,,,,,,
,,9.6,,,,,,,0.0,,983.7,,,,,,,,,,,,,0.0,,,,,,9.6,False,,,,,,,,,,,2026-09-24 10:00:00,,4.0,,,,339,,,,,,,0.0,,29.4,Mae Hong Son,,,,0.0,68,,,,,,,,,,,,
,,7.8,,,,,,,0.0,,982.7,,,,,,,,,,,,,0.0,,,,,,7.8,False,,,,,,,,,,,2026-09-24 11:00:00,,5.2,,,,329,,,,,,,0.0,,30.9,Mae Hong Son,,,,0.0,61,,,,,,,,,,,,
,,7.0,,,,,,,0.0,,981.9,,,,,,,,,,,,,0.0,,,,,,7.0,False,,,,,,,,,,,2026-09-24 12:00:00,,6.0,,,,319,,,,,,,0.0,,32.1,Mae Hong Son,,,,0.0,57,,,,,,,,,,,,
,,6.8,,,,,,,0.0,,981.6,,,,,,,,,,,,,0.0,,,,,,6.8,False,,,,,,,,,,,2026-09-24 13:00:00,,6.3,,,,301,,,,,,,0.0,,32.9,Mae Hong Son,,,,0.0,52,,,,,,,,,,,,
,,6.3,,,,,,,0.0,,979.8,,,,,,,,,,,,,0.0,,,,,,6.3,False,,,,,,,,,,,2026-09-24 14:00:00,,4.9,,,,294,,,,,,,0.0,,32.8,Mae Hong Son,,,,0.0,52,,,,,,,,,,,,
,,6.2,,,,,,,0.0,,978.3,,,,,,,,,,,,,0.0,,,,,,6.2,False,,,,,,,,,,,2026-09-24 15:00:00,,3.5,,,,255,,,,,,,0.0,,32.8,Mae Hong Son,,,,0.0,53,,,,,,,,,,,,
,,8.8,,,,,,,0.0,,978.3,,,,,,,,,,,,,0.0,,,,,,8.8,False,,,,,,,,,,,2026-09-24 16:00:00,,4.1,,,,209,,,,,,,0.0,,32.1,Mae Hong Son,,,,0.0,58,,,,,,,,,,,,
,,9.4,,,,,,,0.0,,978.3,,,,,,,,,,,,,0.0,,,,,,9.4,False,,,,,,,,,,,2026-09-24 17:00:00,,5.5,,,,167,,,,,,,0.0,,30.4,Mae Hong Son,,,,0.0,76,,,,,,,,,,,,
,,9.6,,,,,,,0.0,,978.8,,,,,,,,,,,,,0.0,,,,,,9.6,False,,,,,,,,,,,2026-09-24 18:00:00,,5.3,,,,188,,,,,,,0.0,,29.2,Mae Hong Son,,,,0.0,82,,,,,,,,,,,,
,,7.8,,,,,,,0.2,,979.6,,,,,,,,,,,,,0.0,,,,,,7.8,False,,,,,,,,,,,2026-09-24 19:00:00,,7.9,,,,169,,,,,,,0.0,,27.9,Mae Hong Son,,,,0.0,85,,,,,,,,,,,,
,,8.3,,,,,,,0.2,,980.7,,,,,,,,,,,,,0.0,,,,,,8.3,False,,,,,,,,,,,2026-09-24 20:00:00,,4.2,,,,230,,,,,,,0.0,,27.3,Mae Hong Son,,,,0.0,85,,,,,,,,,,,,
,,8.7,,,,,,,0.0,,982.0,,,,,,,,,,,,,0.0,,,,,,8.7,False,,,,,,,,,,,2026-09-24 21:00:00,,2.4,,,,243,,,,,,,0.0,,27.0,Mae Hong Son,,,,0.0,86,,,,,,,,,,,,
,,9.2,,,,,,,0.1,,982.9,,,,,,,,,,,,,0.0,,,,,,9.2,False,,,,,,,,,,,2026-09-24 22:00:00,,2.7,,,,212,,,,,,,0.0,,26.6,Mae Hong Son,,,,0.0,89,,,,,,,,,,,,
,,9.7,,,,,,,0.0,,983.1,,,,,,,,,,,,,0.0,,,,,,9.7,False,,,,,,,,,,,2026-09-24 23:00:00,,2.2,,,,222,,,,,,,0.0,,26.0,Mae Hong Son,,,,0.0,91,,,,,,,,,,,,
,,10.2,,,,,,,0.0,,982.8,,,,,,,,,,,,,0.0,,,,,,10.2,False,,,,,,,,,,,2026-09-25 00:00:00,,1.0,,,,239,,,,,,,0.0,,25.6,Mae Hong Son,,,,0.0,92,,,,,,,,,,,,
,,10.8,,,,,,,0.0,,982.7,,,,,,,,,,,,,0.0,,,,,,10.8,False,,,,,,,,,,,2026-09-25 01:00:00,,0.4,,,,297,,,,,,,0.0,,25.2,Mae Hong Son,,,,0.0,93,,,,,,,,,,,,
,,11.4,,,,,,,0.0,,982.5,,,,,,,,,,,,,0.0,,,,,,11.4,False,,,,,,,,,,,2026-09-25 02:00:00,,0.0,,,,270,,,,,,,0.0,,24.7,Mae Hong Son,,,,0.0,95,,,,,,,,,,,,
,,11.8,,,,,,,0.0,,982.1,,,,,,,,,,,,,0.0,,,,,,11.8,False,,,,,,,,,,,2026-09-25 03:00:00,,0.3,,,,225,,,,,,,0.0,,24.4,Mae Hong Son,,,,0.0,96,,,,,,,,,,,,
,,12.0,,,,,,,0.0,,981.8,,,,,,,,,,,,,0.0,,,,,,12.0,False,,,,,,,,,,,2026-09-25 04:00:00,,0.5,,,,270,,,,,,,0.0,,24.1,Mae Hong Son,,,,0.0,97,,,,,,,,,,,,
,,12.5,,,,,,,0.0,,981.6,,,,,,,,,,,,,0.0,,,,,,12.5,False,,,,,,,,,,,2026-09-25 05:00:00,,1.5,,,,300,,,,,,,0.0,,24.1,Mae Hong Son,,,,0.0,97,,,,,,,,,,,,
,,13.1,,,,,,,0.0,,981.7,,,,,,,,,,,,,0.0,,,,,,13.1,False,,,,,,,,,,,2026-09-25 06:00:00,,1.2,,,,321,,,,,,,0.0,,23.7,Mae Hong Son,,,,0.0,96,,,,,,,,,,,,
,,2.1,,,,,,,0.0,,982.4,,,,,,,,,,,,,0.0,,,,,,2.1,False,,,,,,,,,,,2026-09-25 07:00:00,,3.4,,,,357,,,,,,,0.0,,25.1,Mae Hong Son,,,,0.0,94,,,,,,,,,,,,
,,3.6,,,,,,,0.0,,983.0,,,,,,,,,,,,,0.0,,,,,,3.6,False,,,,,,,,,,,2026-09-25 08:00:00,,1.6,,,,6,,,,,,,0.0,,26.6,Mae Hong Son,,,,0.0,89,,,,,,,,,,,,
,,2.3,,,,,,,0.0,,983.4,,,,,,,,,,,,,0.0,,,,,,2.3,False,,,,,,,,,,,2026-09-25 09:00:00,,1.7,,,,319,,,,,,,0.0,,27.8,Mae Hong Son,,,,0.0,83,,,,,,,,,,,,
,,1.7,,,,,,,0.0,,983.5,,,,,,,,,,,,,0.0,,,,,,1.7,False,,,,,,,,,,,2026-09-25 10:00:00,,2.4,,,,306,,,,,,,0.0,,29.8,Mae Hong Son,,,,0.0,71,,,,,,,,,,,,
,,1.5,,,,,,,0.0,,982.7,,,,,,,,,,,,,0.0,,,,,,1.5,False,,,,,,,,,,,2026-09-25 11:00:00,,3.9,,,,332,,,,,,,0.0,,31.3,Mae Hong Son,,,,0.0,63,,,,,,,,,,,,
,,1.8,,,,,,,0.0,,981.7,,,,,,,,,,,,,0.0,,,,,,1.8,False,,,,,,,,,,,2026-09-25 12:00:00,,3.5,,,,282,,,,,,,0.0,,32.6,Mae Hong Son,,,,0.0,57,,,,,,,,,,,,
,,2.0,,,,,,,0.0,,981.2,,,,,,,,,,,,,0.0,,,,,,2.0,False,,,,,,,,,,,2026-09-25 13:00:00,,5.9,,,,218,,,,,,,0.0,,32.4,Mae Hong Son,,,,0.0,55,,,,,,,,,,,,
,,2.9,,,,,,,0.1,,979.2,,,,,,,,,,,,,0.0,,,,,,2.9,False,,,,,,,,,,,2026-09-25 14:00:00,,6.4,,,,170,,,,,,,0.0,,32.0,Mae Hong Son,,,,0.0,60,,,,,,,,,,,,
,,3.2,,,,,,,0.2,,978.6,,,,,,,,,,,,,0.0,,,,,,3.2,False,,,,,,,,,,,2026-09-25 15:00:00,,5.5,,,,136,,,,,,,0.0,,32.0,Mae Hong Son,,,,0.0,63,,,,,,,,,,,,
,,3.5,,,,,,,0.1,,978.5,,,,,,,,,,,,,0.0,,,,,,3.5,False,,,,,,,,,,,2026-09-25 16:00:00,,4.6,,,,211,,,,,,,0.0,,30.9,Mae Hong Son,,,,0.0,69,,,,,,,,,,,,
,,3.9,,,,,,,0.0,,978.6,,,,,,,,,,,,,0.0,,,,,,3.9,False,,,,,,,,,,,2026-09-25 17:00:00,,4.5,,,,196,,,,,,,0.0,,29.7,Mae Hong Son,,,,0.0,81,,,,,,,,,,,,
,,4.1,,,,,,,0.0,,979.5,,,,,,,,,,,,,0.0,,,,,,4.1,False,,,,,,,,,,,2026-09-25 18:00:00,,3.1,,,,167,,,,,,,0.0,,28.6,Mae Hong Son,,,,0.0,89,,,,,,,,,,,,
,,7.5,,,,,,,0.1,,979.4,,,,,,,,,,,,,0.0,,,,,,7.5,False,,,,,,,,,,,2026-09-25 19:00:00,,4.5,,,,143,,,,,,,0.0,,28.2,Mae Hong Son,,,,0.0,90,,,,,,,,,,,,
,,6.5,,,,,,,0.1,,980.1,,,,,,,,,,,,,0.0,,,,,,6.5,False,,,,,,,,,,,2026-09-25 20:00:00,,3.3,,,,151,,,,,,,0.0,,27.4,Mae Hong Son,,,,0.0,88,,,,,,,,,,,,
,,6.5,,,,,,,0.0,,980.9,,,,,,,,,,,,,0.0,,,,,,6.5,False,,,,,,,,,,,2026-09-25 21:00:00,,0.7,,,,166,,,,,,,0.0,,27.1,Mae Hong Son,,,,0.0,87,,,,,,,,,,,,
,,6.5,,,,,,,0.0,,981.6,,,,,,,,,,,,,0.0,,,,,,6.5,False,,,,,,,,,,,2026-09-25 22:00:00,,0.4,,,,153,,,,,,,0.0,,26.6,Mae Hong Son,,,,0.0,89,,,,,,,,,,,,
,,6.7,,,,,,,0.0,,981.8,,,,,,,,,,,,,0.0,,,,,,6.7,False,,,,,,,,,,,2026-09-25 23:00:00,,1.2,,,,153,,,,,,,0.0,,26.1,Mae Hong Son,,,,0.0,90,,,,,,,,,,,,
,,6.9,,,,,,,0.0,,981.6,,,,,,,,,,,,,0.0,,,,,,6.9,False,,,,,,,,,,,2026-09-26 00:00:00,,0.8,,,,135,,,,,,,0.0,,25.8,Mae Hong Son,,,,0.0,90,,,,,,,,,,,,
,,6.9,,,,,,,0.0,,981.2,,,,,,,,,,,,,0.0,,,,,,6.9,False,,,,,,,,,,,2026-09-26 01:00:00,,1.5,,,,76,,,,,,,0.0,,25.1,Mae Hong Son,,,,0.0,94,,,,,,,,,,,,
,,7.3,,,,,,,0.0,,980.7,,,,,,,,,,,,,0.0,,,,,,7.3,False,,,,,,,,,,,2026-09-26 02:00:00,,1.5,,,,60,,,,,,,0.0,,24.7,Mae Hong Son,,,,0.0,94,,,,,,,,,,,,
,,7.7,,,,,,,0.0,,980.6,,,,,,,,,,,,,0.0,,,,,,7.7,False,,,,,,,,,,,2026-09-26 03:00:00,,1.4,,,,40,,,,,,,0.0,,24.6,Mae Hong Son,,,,0.0,94,,,,,,,,,,,,
,,8.0,,,,,,,0.0,,980.1,,,,,,,,,,,,,0.0,,,,,,8.0,False,,,,,,,,,,,2026-09-26 04:00:00,,1.4,,,,23,,,,,,,0.0,,24.3,Mae Hong Son,,,,0.0,94,,,,,,,,,,,,
,,8.2,,,,,,,0.0,,980.3,,,,,,,,,,,,,0.0,,,,,,8.2,False,,,,,,,,,,,2026-09-26 05:00:00,,2.0,,,,360,,,,,,,0.0,,24.0,Mae Hong Son,,,,0.0,96,,,,,,,,,,,,
,,8.2,,,,,,,0.0,,980.5,,,,,,,,,,,,,0.0,,,,,,8.2,False,,,,,,,,,,,2026-09-26 06:00:00,,1.6,,,,354,,,,,,,0.0,,23.9,Mae Hong Son,,,,0.0,96,,,,,,,,,,,,
,,0.0,,,,,,,0.0,,981.0,,,,,,,,,,,,,0.0,,,,,,0.0,False,,,,,,,,,,,2026-09-26 07:00:00,,2.7,,,,307,,,,,,,0.0,,25.1,Mae Hong Son,,,,0.0,96,,,,,,,,,,,,
,,1.1,,,,,,,0.0,,981.6,,,,,,,,,,,,,0.0,,,,,,1.1,False,,,,,,,,,,,2026-09-26 08:00:00,,2.0,,,,270,,,,,,,0.0,,25.8,Mae Hong Son,,,,0.0,96,,,,,,,,,,,,
,,0.9,,,,,,,0.0,,982.0,,,,,,,,,,,,,0.0,,,,,,0.9,False,,,,,,,,,,,2026-09-26 09:00:00,,1.3,,,,225,,,,,,,0.0,,27.6,Mae Hong Son,,,,0.0,87,,,,,,,,,,,,
,,0.9,,,,,,,0.0,,982.0,,,,,,,,,,,,,0.0,,,,,,0.9,False,,,,,,,,,,,2026-09-26 10:00:00,,2.0,,,,275,,,,,,,0.0,,29.5,Mae Hong Son,,,,0.0,76,,,,,,,,,,,,
,,0.7,,,,,,,0.0,,981.4,,,,,,,,,,,,,0.0,,,,,,0.7,False,,,,,,,,,,,2026-09-26 11:00:00,,3.2,,,,313,,,,,,,0.0,,31.2,Mae Hong Son,,,,0.0,66,,,,,,,,,,,,
,,0.7,,,,,,,0.1,,980.0,,,,,,,,,,,,,0.0,,,,,,0.7,False,,,,,,,,,,,2026-09-26 12:00:00,,4.5,,,,323,,,,,,,0.0,,32.3,Mae Hong Son,,,,0.0,62,,,,,,,,,,,,
,,0.9,,,,,,,0.1,,979.2,,,,,,,,,,,,,0.0,,,,,,0.9,False,,,,,,,,,,,2026-09-26 13:00:00,,5.2,,,,311,,,,,,,0.0,,33.0,Mae Hong Son,,,,0.0,57,,,,,,,,,,,,
,,1.1,,,,,,,0.1,,977.4,,,,,,,,,,,,,0.0,,,,,,1.1,False,,,,,,,,,,,2026-09-26 14:00:00,,3.5,,,,291,,,,,,,0.0,,33.7,Mae Hong Son,,,,0.0,57,,,,,,,,,,,,
,,1.3,,,,,,,0.0,,976.0,,,,,,,,,,,,,0.0,,,,,,1.3,False,,,,,,,,,,,2026-09-26 15:00:00,,2.4,,,,324,,,,,,,0.0,,34.3,Mae Hong Son,,,,0.0,53,,,,,,,,,,,,
,,2.0,,,,,,,0.2,,975.4,,,,,,,,,,,,,0.0,,,,,,2.0,False,,,,,,,,,,,2026-09-26 16:00:00,,7.6,,,,306,,,,,,,0.0,,33.1,Mae Hong Son,,,,0.0,59,,,,,,,,,,,,
,,2.6,,,,,,,0.4,,975.7,,,,,,,,,,,,,0.0,,,,,,2.6,False,,,,,,,,,,,2026-09-26 17:00:00,,5.7,,,,261,,,,,,,0.0,,31.0,Mae Hong Son,,,,0.0,77,,,,,,,,,,,,
,,3.1,,,,,,,0.1,,976.5,,,,,,,,,,,,,0.0,,,,,,3.1,False,,,,,,,,,,,2026-09-26 18:00:00,,4.3,,,,222,,,,,,,0.0,,28.9,Mae Hong Son,,,,0.0,92,,,,,,,,,,,,
,,5.8,,,,,,,0.1,,976.8,,,,,,,,,,,,,0.0,,,,,,5.8,False,,,,,,,,,,,2026-09-26 19:00:00,,1.2,,,,243,,,,,,,0.0,,28.4,Mae Hong Son,,,,0.0,100,,,,,,,,,,,,
,,6.5,,,,,,,0.0,,977.5,,,,,,,,,,,,,0.0,,,,,,6.5,False,,,,,,,,,,,2026-09-26 20:00:00,,0.8,,,,135,,,,,,,0.0,,27.7,Mae Hong Son,,,,0.0,100,,,,,,,,,,,,
,,7.3,,,,,,,0.0,,978.4,,,,,,,,,,,,,0.0,,,,,,7.3,False,,,,,,,,,,,2026-09-26 21:00:00,,0.9,,,,127,,,,,,,0.0,,27.1,Mae Hong Son,,,,0.0,100,,,,,,,,,,,,
,,8.0,,,,,,,0.0,,979.1,,,,,,,,,,,,,0.0,,,,,,8.0,False,,,,,,,,,,,2026-09-26 22:00:00,,0.3,,,,225,,,,,,,0.0,,26.6,Mae Hong Son,,,,0.0,100,,,,,,,,,,,,
,,8.6,,,,,,,0.0,,979.3,,,,,,,,,,,,,0.0,,,,,,8.6,False,,,,,,,,,,,2026-09-26 23:00:00,,0.5,,,,360,,,,,,,0.0,,26.2,Mae Hong Son,,,,0.0,100,,,,,,,,,,,,
,,9.0,,,,,,,0.0,,979.3,,,,,,,,,,,,,0.0,,,,,,9.0,False,,,,,,,,,,,2026-09-27 00:00:00,,1.1,,,,351,,,,,,,0.0,,25.8,Mae Hong Son,,,,0.0,100,,,,,,,,,,,,
,,9.1,,,,,,,0.0,,979.2,,,,,,,,,,,,,0.0,,,,,,9.1,False,,,,,,,,,,,2026-09-27 01:00:00,,0.4,,,,27,,,,,,,0.0,,26.1,Mae Hong Son,,,,0.0,99,,,,,,,,,,,,
,,9.1,,,,,,,0.0,,978.4,,,,,,,,,,,,,0.0,,,,,,9.1,False,,,,,,,,,,,2026-09-27 02:00:00,,2.2,,,,355,,,,,,,0.0,,25.5,Mae Hong Son,,,,0.0,100,,,,,,,,,,,,
,,9.0,,,,,,,0.0,,977.8,,,,,,,,,,,,,0.0,,,,,,9.0,False,,,,,,,,,,,2026-09-27 03:00:00,,2.2,,,,346,,,,,,,0.0,,25.4,Mae Hong Son,,,,0.0,99,,,,,,,,,,,,
,,8.9,,,,,,,0.0,,977.6,,,,,,,,,,,,,0.0,,,,,,8.9,False,,,,,,,,,,,2026-09-27 04:00:00,,1.6,,,,360,,,,,,,0.0,,25.1,Mae Hong Son,,,,0.0,98,,,,,,,,,,,,
,,8.9,,,,,,,0.0,,977.4,,,,,,,,,,,,,0.0,,,,,,8.9,False,,,,,,,,,,,2026-09-27 05:00:00,,2.0,,,,10,,,,,,,0.0,,24.4,Mae Hong Son,,,,0.0,99,,,,,,,,,,,,
,,8.9,,,,,,,0.0,,977.8,,,,,,,,,,,,,0.0,,,,,,8.9,False,,,,,,,,,,,2026-09-27 06:00:00,,0.7,,,,14,,,,,,,0.0,,24.0,Mae Hong Son,,,,0.0,100,,,,,,,,,,,,
,,3.6,,,,,,,0.0,,978.4,,,,,,,,,,,,,0.0,,,,,,3.6,False,,,,,,,,,,,2026-09-27 07:00:00,,1.9,,,,41,,,,,,,0.0,,24.2,Mae Hong Son,,,,0.0,99,,,,,,,,,,,,
,,4.8,,,,,,,0.0,,979.3,,,,,,,,,,,,,0.0,,,,,,4.8,False,,,,,,,,,,,2026-09-27 08:00:00,,1.8,,,,360,,,,,,,0.0,,26.1,Mae Hong Son,,,,0.0,93,,,,,,,,,,,,
,,4.8,,,,,,,0.0,,979.5,,,,,,,,,,,,,0.0,,,,,,4.8,False,,,,,,,,,,,2026-09-27 09:00:00,,2.3,,,,315,,,,,,,0.0,,28.3,Mae Hong Son,,,,0.0,81,,,,,,,,,,,,
,,3.9,,,,,,,0.1,,979.5,,,,,,,,,,,,,0.0,,,,,,3.9,False,,,,,,,,,,,2026-09-27 10:00:00,,4.2,,,,10,,,,,,,0.0,,30.5,Mae Hong Son,,,,0.0,68,,,,,,,,,,,,
,,3.4,,,,,,,0.1,,978.8,,,,,,,,,,,,,0.0,,,,,,3.4,False,,,,,,,,,,,2026-09-27 11:00:00,,5.3,,,,12,,,,,,,0.0,,31.9,Mae Hong Son,,,,0.0,60,,,,,,,,,,,,
,,3.0,,,,,,,0.0,,977.5,,,,,,,,,,,,,0.0,,,,,,3.0,False,,,,,,,,,,,2026-09-27 12:00:00,,4.9,,,,28,,,,,,,0.0,,33.1,Mae Hong Son,,,,0.0,54,,,,,,,,,,,,
,,2.8,,,,,,,0.0,,977.4,,,,,,,,,,,,,0.0,,,,,,2.8,False,,,,,,,,,,,2026-09-27 13:00:00,,5.2,,,,41,,,,,,,0.0,,34.2,Mae Hong Son,,,,0.0,47,,,,,,,,,,,,
,,2.6,,,,,,,0.0,,975.6,,,,,,,,,,,,,0.0,,,,,,2.6,False,,,,,,,,,,,2026-09-27 14:00:00,,4.5,,,,53,,,,,,,0.0,,34.4,Mae Hong Son,,,,0.0,47,,,,,,,,,,,,
,,2.4,,,,,,,0.1,,974.4,,,,,,,,,,,,,0.0,,,,,,2.4,False,,,,,,,,,,,2026-09-27 15:00:00,,2.9,,,,79,,,,,,,0.0,,34.3,Mae Hong Son,,,,0.0,48,,,,,,,,,,,,
,,2.1,,,,,,,0.1,,973.5,,,,,,,,,,,,,0.0,,,,,,2.1,False,,,,,,,,,,,2026-09-27 16:00:00,,1.8,,,,37,,,,,,,0.0,,34.0,Mae Hong Son,,,,0.0,49,,,,,,,,,,,,
,,2.6,,,,,,,0.0,,973.8,,,,,,,,,,,,,0.0,,,,,,2.6,False,,,,,,,,,,,2026-09-27 17:00:00,,2.2,,,,138,,,,,,,0.0,,34.1,Mae Hong Son,,,,0.0,57,,,,,,,,,,,,
,,2.6,,,,,,,0.0,,974.1,,,,,,,,,,,,,0.0,,,,,,2.6,False,,,,,,,,,,,2026-09-27 18:00:00,,4.6,,,,141,,,,,,,0.0,,30.4,Mae Hong Son,,,,0.0,79,,,,,,,,,,,,
,,5.9,,,,,,,0.0,,975.1,,,,,,,,,,,,,0.0,,,,,,5.9,False,,,,,,,,,,,2026-09-27 19:00:00,,5.8,,,,126,,,,,,,0.0,,29.1,Mae Hong Son,,,,0.0,76,,,,,,,,,,,,
,,6.0,,,,,,,0.0,,975.9,,,,,,,,,,,,,0.0,,,,,,6.0,False,,,,,,,,,,,2026-09-27 20:00:00,,4.6,,,,121,,,,,,,0.0,,28.0,Mae Hong Son,,,,0.0,76,,,,,,,,,,,,
,,6.1,,,,,,,0.0,,977.0,,,,,,,,,,,,,0.0,,,,,,6.1,False,,,,,,,,,,,2026-09-27 21:00:00,,2.2,,,,95,,,,,,,0.0,,26.9,Mae Hong Son,,,,0.0,83,,,,,,,,,,,,
,,6.2,,,,,,,0.0,,977.6,,,,,,,,,,,,,0.0,,,,,,6.2,False,,,,,,,,,,,2026-09-27 22:00:00,,3.3,,,,99,,,,,,,0.0,,26.2,Mae Hong Son,,,,0.0,87,,,,,,,,,,,,
,,6.2,,,,,,,0.0,,978.0,,,,,,,,,,,,,0.0,,,,,,6.2,False,,,,,,,,,,,2026-09-27 23:00:00,,2.4,,,,103,,,,,,,0.0,,25.9,Mae Hong Son,,,,0.0,88,,,,,,,,,,,,
,,6.2,,,,,,,0.0,,978.2,,,,,,,,,,,,,0.0,,,,,,6.2,False,,,,,,,,,,,2026-09-28 00:00:00,,2.3,,,,94,,,,,,,0.0,,25.2,Mae Hong Son,,,,0.0,91,,,,,,,,,,,,
,,6.0,,,,,,,0.0,,977.3,,,,,,,,,,,,,0.0,,,,,,6.0,False,,,,,,,,,,,2026-09-28 01:00:00,,1.5,,,,7,,,,,,,0.0,,25.4,Mae Hong Son,,,,0.0,93,,,,,,,,,,,,
,,6.1,,,,,,,0.0,,977.0,,,,,,,,,,,,,0.0,,,,,,6.1,False,,,,,,,,,,,2026-09-28 02:00:00,,3.2,,,,43,,,,,,,0.0,,25.1,Mae Hong Son,,,,0.0,92,,,,,,,,,,,,
,,5.7,,,,,,,0.0,,977.2,,,,,,,,,,,,,0.0,,,,,,5.7,False,,,,,,,,,,,2026-09-28 03:00:00,,3.6,,,,37,,,,,,,0.0,,24.8,Mae Hong Son,,,,0.0,91,,,,,,,,,,,,
,,5.3,,,,,,,0.0,,976.8,,,,,,,,,,,,,0.0,,,,,,5.3,False,,,,,,,,,,,2026-09-28 04:00:00,,5.2,,,,22,,,,,,,0.0,,24.6,Mae Hong Son,,,,0.0,89,,,,,,,,,,,,
,,5.1,,,,,,,0.0,,977.0,,,,,,,,,,,,,0.0,,,,,,5.1,False,,,,,,,,,,,2026-09-28 05:00:00,,5.1,,,,23,,,,,,,0.0,,24.4,Mae Hong Son,,,,0.0,89,,,,,,,,,,,,
,,4.8,,,,,,,0.0,,977.2,,,,,,,,,,,,,0.0,,,,,,4.8,False,,,,,,,,,,,2026-09-28 06:00:00,,6.0,,,,25,,,,,,,0.0,,24.4,Mae Hong Son,,,,0.0,88,,,,,,,,,,,,
,,6.6,,,,,,,0.0,,978.1,,,,,,,,,,,,,0.0,,,,,,6.6,False,,,,,,,,,,,2026-09-28 07:00:00,,6.5,,,,19,,,,,,,0.0,,25.4,Mae Hong Son,,,,0.0,85,,,,,,,,,,,,
,,5.8,,,,,,,0.0,,978.8,,,,,,,,,,,,,0.0,,,,,,5.8,False,,,,,,,,,,,2026-09-28 08:00:00,,8.3,,,,11,,,,,,,0.0,,26.7,Mae Hong Son,,,,0.0,79,,,,,,,,,,,,
,,3.4,,,,,,,0.0,,979.2,,,,,,,,,,,,,0.0,,,,,,3.4,False,,,,,,,,,,,2026-09-28 09:00:00,,8.2,,,,38,,,,,,,0.0,,28.0,Mae Hong Son,,,,0.0,70,,,,,,,,,,,,
,,2.7,,,,,,,0.0,,979.4,,,,,,,,,,,,,0.0,,,,,,2.7,False,,,,,,,,,,,2026-09-28 10:00:00,,8.9,,,,62,,,,,,,0.0,,29.7,Mae Hong Son,,,,0.0,61,,,,,,,,,,,,
,,2.3,,,,,,,0.0,,979.3,,,,,,,,,,,,,0.0,,,,,,2.3,False,,,,,,,,,,,2026-09-28 11:00:00,,11.0,,,,79,,,,,,,0.0,,31.2,Mae Hong Son,,,,0.0,52,,,,,,,,,,,,
,,2.1,,,,,,,0.0,,978.4,,,,,,,,,,,,,0.0,,,,,,2.1,False,,,,,,,,,,,2026-09-28 12:00:00,,9.8,,,,85,,,,,,,0.0,,31.6,Mae Hong Son,,,,0.0,53,,,,,,,,,,,,
,,2.0,,,,,,,0.0,,978.4,,,,,,,,,,,,,0.0,,,,,,2.0,False,,,,,,,,,,,2026-09-28 13:00:00,,8.9,,,,96,,,,,,,0.0,,30.7,Mae Hong Son,,,,0.0,56,,,,,,,,,,,,
,,2.0,,,,,,,0.0,,977.5,,,,,,,,,,,,,0.0,,,,,,2.0,False,,,,,,,,,,,2026-09-28 14:00:00,,7.0,,,,87,,,,,,,0.0,,30.0,Mae Hong Son,,,,0.0,60,,,,,,,,,,,,
,,2.0,,,,,,,0.0,,977.1,,,,,,,,,,,,,0.0,,,,,,2.0,False,,,,,,,,,,,2026-09-28 15:00:00,,6.2,,,,60,,,,,,,0.0,,28.9,Mae Hong Son,,,,0.0,66,,,,,,,,,,,,
,,1.6,,,,,,,0.0,,977.0,,,,,,,,,,,,,0.0,,,,,,1.6,False,,,,,,,,,,,2026-09-28 16:00:00,,8.3,,,,42,,,,,,,0.0,,27.8,Mae Hong Son,,,,0.0,67,,,,,,,,,,,,
,,1.3,,,,,,,0.1,,976.9,,,,,,,,,,,,,0.0,,,,,,1.3,False,,,,,,,,,,,2026-09-28 17:00:00,,8.9,,,,24,,,,,,,0.0,,26.8,Mae Hong Son,,,,0.0,71,,,,,,,,,,,,
,,1.2,,,,,,,0.2,,977.0,,,,,,,,,,,,,0.0,,,,,,1.2,False,,,,,,,,,,,2026-09-28 18:00:00,,10.3,,,,356,,,,,,,0.0,,26.2,Mae Hong Son,,,,0.0,75,,,,,,,,,,,,
,,3.2,,,,,,,1.1,,977.9,,,,,,,,,,,,,0.0,,,,,,3.2,False,,,,,,,,,,,2026-09-28 19:00:00,,9.6,,,,351,,,,,,,0.0,,25.3,Mae Hong Son,,,,0.0,86,,,,,,,,,,,,
,,3.0,,,,,,,1.9,,978.9,,,,,,,,,,,,,0.0,,,,,,3.0,False,,,,,,,,,,,2026-09-28 20:00:00,,6.9,,,,355,,,,,,,0.0,,23.9,Mae Hong Son,,,,0.0,94,,,,,,,,,,,,
,,2.9,,,,,,,2.2,,979.3,,,,,,,,,,,,,0.0,,,,,,2.9,False,,,,,,,,,,,2026-09-28 21:00:00,,7.3,,,,9,,,,,,,0.0,,23.6,Mae Hong Son,,,,0.0,95,,,,,,,,,,,,
,,2.8,,,,,,,3.2,,980.0,,,,,,,,,,,,,0.0,,,,,,2.8,False,,,,,,,,,,,2026-09-28 22:00:00,,9.0,,,,360,,,,,,,0.0,,23.2,Mae Hong Son,,,,0.0,96,,,,,,,,,,,,
,,2.6,,,,,,,2.1,,980.0,,,,,,,,,,,,,0.0,,,,,,2.6,False,,,,,,,,,,,2026-09-28 23:00:00,,8.7,,,,8,,,,,,,0.0,,23.0,Mae Hong Son,,,,0.0,96,,,,,,,,,,,,
,,2.4,,,,,,,2.5,,979.8,,,,,,,,,,,,,0.0,,,,,,2.4,False,,,,,,,,,,,2026-09-29 00:00:00,,8.6,,,,10,,,,,,,0.0,,22.9,Mae Hong Son,,,,0.0,96,,,,,,,,,,,,
,,1.9,,,,,,,2.5,,979.6,,,,,,,,,,,,,0.0,,,,,,1.9,False,,,,,,,,,,,2026-09-29 01:00:00,,6.7,,,,3,,,,,,,0.0,,23.6,Mae Hong Son,,,,0.0,95,,,,,,,,,,,,
,,1.2,,,,,,,2.5,,979.1,,,,,,,,,,,,,0.0,,,,,,1.2,False,,,,,,,,,,,2026-09-29 02:00:00,,5.7,,,,9,,,,,,,0.0,,23.4,Mae Hong Son,,,,0.0,96,,,,,,,,,,,,
,,0.7,,,,,,,2.5,,978.8,,,,,,,,,,,,,0.0,,,,,,0.7,False,,,,,,,,,,,2026-09-29 03:00:00,,3.6,,,,18,,,,,,,0.0,,23.4,Mae Hong Son,,,,0.0,96,,,,,,,,,,,,
,,0.3,,,,,,,4.1,,979.0,,,,,,,,,,,,,0.0,,,,,,0.3,False,,,,,,,,,,,2026-09-29 04:00:00,,1.9,,,,287,,,,,,,0.0,,23.4,Mae Hong Son,,,,0.0,97,,,,,,,,,,,,
,,0.2,,,,,,,6.0,,979.2,,,,,,,,,,,,,0.0,,,,,,0.2,False,,,,,,,,,,,2026-09-29 05:00:00,,2.1,,,,345,,,,,,,0.0,,23.7,Mae Hong Son,,,,0.0,96,,,,,,,,,,,,
,,0.1,,,,,,,4.5,,979.7,,,,,,,,,,,,,0.0,,,,,,0.1,False,,,,,,,,,,,2026-09-29 06:00:00,,2.2,,,,35,,,,,,,0.0,,23.5,Mae Hong Son,,,,0.0,98,,,,,,,,,,,,
,,0.2,,,,,,,4.3,,980.6,,,,,,,,,,,,,0.0,,,,,,0.2,False,,,,,,,,,,,2026-09-29 07:00:00,,2.8,,,,288,,,,,,,0.0,,23.5,Mae Hong Son,,,,0.0,98,,,,,,,,,,,,
,,0.5,,,,,,,4.6,,981.6,,,,,,,,,,,,,0.0,,,,,,0.5,False,,,,,,,,,,,2026-09-29 08:00:00,,3.9,,,,313,,,,,,,0.0,,23.5,Mae Hong Son,,,,0.0,99,,,,,,,,,,,,
,,1.2,,,,,,,3.6,,982.5,,,,,,,,,,,,,0.0,,,,,,1.2,False,,,,,,,,,,,2026-09-29 09:00:00,,5.6,,,,331,,,,,,,0.0,,23.7,Mae Hong Son,,,,0.0,99,,,,,,,,,,,,
,,1.8,,,,,,,2.2,,982.7,,,,,,,,,,,,,0.0,,,,,,1.8,False,,,,,,,,,,,2026-09-29 10:00:00,,5.9,,,,313,,,,,,,0.0,,24.3,Mae Hong Son,,,,0.0,99,,,,,,,,,,,,
,,2.1,,,,,,,2.3,,982.8,,,,,,,,,,,,,0.0,,,,,,2.1,False,,,,,,,,,,,2026-09-29 11:00:00,,6.1,,,,317,,,,,,,0.0,,24.9,Mae Hong Son,,,,0.0,97,,,,,,,,,,,,
,,2.2,,,,,,,1.9,,982.2,,,,,,,,,,,,,0.0,,,,,,2.2,False,,,,,,,,,,,2026-09-29 12:00:00,,4.8,,,,318,,,,,,,0.0,,24.7,Mae Hong Son,,,,0.0,98,,,,,,,,,,,,
,,2.4,,,,,,,0.3,,982.3,,,,,,,,,,,,,0.0,,,,,,2.4,False,,,,,,,,,,,2026-09-29 13:00:00,,4.3,,,,298,,,,,,,0.0,,26.3,Mae Hong Son,,,,0.0,90,,,,,,,,,,,,
,,2.1,,,,,,,1.0,,981.0,,,,,,,,,,,,,0.0,,,,,,2.1,False,,,,,,,,,,,2026-09-29 14:00:00,,2.0,,,,333,,,,,,,0.0,,25.7,Mae Hong Son,,,,0.0,94,,,,,,,,,,,,
,,1.9,,,,,,,1.3,,980.4,,,,,,,,,,,,,0.0,,,,,,1.9,False,,,,,,,,,,,2026-09-29 15:00:00,,4.4,,,,330,,,,,,,0.0,,24.8,Mae Hong Son,,,,0.0,96,,,,,,,,,,,,
,,1.5,,,,,,,1.7,,980.2,,,,,,,,,,,,,0.0,,,,,,1.5,False,,,,,,,,,,,2026-09-29 16:00:00,,3.6,,,,319,,,,,,,0.0,,24.7,Mae Hong Son,,,,0.0,97,,,,,,,,,,,,
,,1.1,,,,,,,1.3,,980.6,,,,,,,,,,,,,0.0,,,,,,1.1,False,,,,,,,,,,,2026-09-29 17:00:00,,1.4,,,,293,,,,,,,0.0,,24.4,Mae Hong Son,,,,0.0,99,,,,,,,,,,,,
,,1.0,,,,,,,1.2,,980.9,,,,,,,,,,,,,0.0,,,,,,1.0,False,,,,,,,,,,,2026-09-29 18:00:00,,1.5,,,,339,,,,,,,0.0,,24.1,Mae Hong Son,,,,0.0,99,,,,,,,,,,,,
,,2.7,,,,,,,0.3,,981.4,,,,,,,,,,,,,0.0,,,,,,2.7,False,,,,,,,,,,,2026-09-29 19:00:00,,7.2,,,,186,,,,,,,0.0,,24.4,Mae Hong Son,,,,0.0,96,,,,,,,,,,,,
,,2.2,,,,,,,0.2,,982.2,,,,,,,,,,,,,0.0,,,,,,2.2,False,,,,,,,,,,,2026-09-29 20:00:00,,6.1,,,,185,,,,,,,0.0,,24.0,Mae Hong Son,,,,0.0,96,,,,,,,,,,,,
,,2.3,,,,,,,0.2,,983.0,,,,,,,,,,,,,0.0,,,,,,2.3,False,,,,,,,,,,,2026-09-29 21:00:00,,4.7,,,,180,,,,,,,0.0,,23.8,Mae Hong Son,,,,0.0,95,,,,,,,,,,,,
,,2.6,,,,,,,0.1,,983.9,,,,,,,,,,,,,0.0,,,,,,2.6,False,,,,,,,,,,,2026-09-29 22:00:00,,4.0,,,,198,,,,,,,0.0,,23.6,Mae Hong Son,,,,0.0,93,,,,,,,,,,,,
,,2.8,,,,,,,0.2,,984.2,,,,,,,,,,,,,0.0,,,,,,2.8,False,,,,,,,,,,,2026-09-29 23:00:00,,3.0,,,,213,,,,,,,0.0,,23.7,Mae Hong Son,,,,0.0,92,,,,,,,,,,,,
,,2.9,,,,,,,0.4,,984.0,,,,,,,,,,,,,0.0,,,,,,2.9,False,,,,,,,,,,,2026-09-30 00:00:00,,0.9,,,,281,,,,,,,0.0,,23.7,Mae Hong Son,,,,0.0,89,,,,,,,,,,,,
,,2.9,,,,,,,0.6,,983.7,,,,,,,,,,,,,0.0,,,,,,2.9,False,,,,,,,,,,,2026-09-30 01:00:00,,0.4,,,,333,,,,,,,0.0,,24.0,Mae Hong Son,,,,0.0,91,,,,,,,,,,,,
,,2.7,,,,,,,0.3,,983.4,,,,,,,,,,,,,0.0,,,,,,2.7,False,,,,,,,,,,,2026-09-30 02:00:00,,1.4,,,,360,,,,,,,0.0,,23.3,Mae Hong Son,,,,0.0,95,,,,,,,,,,,,
,,2.4,,,,,,,1.1,,982.8,,,,,,,,,,,,,0.0,,,,,,2.4,False,,,,,,,,,,,2026-09-30 03:00:00,,2.8,,,,18,,,,,,,0.0,,23.2,Mae Hong Son,,,,0.0,98,,,,,,,,,,,,
,,2.0,,,,,,,1.3,,982.7,,,,,,,,,,,,,0.0,,,,,,2.0,False,,,,,,,,,,,2026-09-30 04:00:00,,2.5,,,,30,,,,,,,0.0,,23.0,Mae Hong Son,,,,0.0,99,,,,,,,,,,,,
,,1.8,,,,,,,1.4,,982.8,,,,,,,,,,,,,0.0,,,,,,1.8,False,,,,,,,,,,,2026-09-30 05:00:00,,2.4,,,,13,,,,,,,0.0,,23.0,Mae Hong Son,,,,0.0,99,,,,,,,,,,,,
,,1.6,,,,,,,0.9,,983.3,,,,,,,,,,,,,0.0,,,,,,1.6,False,,,,,,,,,,,2026-09-30 06:00:00,,2.5,,,,352,,,,,,,0.0,,23.0,Mae Hong Son,,,,0.0,99,,,,,,,,,,,,
,,1.5,,,,,,,0.4,,983.9,,,,,,,,,,,,,0.0,,,,,,1.5,False,,,,,,,,,,,2026-09-30 07:00:00,,3.6,,,,351,,,,,,,0.0,,23.1,Mae Hong Son,,,,0.0,99,,,,,,,,,,,,
,,1.4,,,,,,,0.2,,984.6,,,,,,,,,,,,,0.0,,,,,,1.4,False,,,,,,,,,,,2026-09-30 08:00:00,,3.3,,,,347,,,,,,,0.0,,23.7,Mae Hong Son,,,,0.0,97,,,,,,,,,,,,
,,1.5,,,,,,,0.2,,985.6,,,,,,,,,,,,,0.0,,,,,,1.5,False,,,,,,,,,,,2026-09-30 09:00:00,,1.6,,,,27,,,,,,,0.0,,24.3,Mae Hong Son,,,,0.0,94,,,,,,,,,,,,
,,1.2,,,,,,,0.4,,985.7,,,,,,,,,,,,,0.0,,,,,,1.2,False,,,,,,,,,,,2026-09-30 10:00:00,,0.8,,,,45,,,,,,,0.0,,24.0,Mae Hong Son,,,,0.0,97,,,,,,,,,,,,
2.058333333333333,1.3666666666666665,0.0,0.0,1.5,1.8,0.9205048534524403,2.033333333333333,13.9,0.3,0.0,985.6,0.0,0.0,3.4,-0.6000000000000001,0.0,-0.9659258262890682,-0.20129852008866114,0.0,0.0,-0.3907311284892739,2.9,-0.30000000000000004,0.0,0.0,3.7820999517928495,-1.0,2.3,0.1825741858350554,,True,0.258819045102521,1.8,1.4,0.0,0.0,0.0,0.9795299412524943,2.1,0.0,0.0,2026-09-30 11:00:00,0.0,1.4,0.0,1.5,0.0,337,12.911837294332724,-1.0,-1.8369701987210297e-16,0.12472191289246473,0.6170606849321133,2.8,0.0,0.5720334100576838,25.2,Mae Hong Son,1.2,0.7996716991296421,-1.0,0.0,96,5.180952380952381,1.5,0.0,0.0,0.0,0.0,1.8395833333333333,2026.0,0.26236426446749106,2.9,0.0,3.2
1.8249999999999995,0.9,0.0,0.0,1.2,1.6,-0.9743700647852352,1.9458333333333335,13.9,0.2,0.0,984.4,0.0,0.0,3.0,-2.1,0.0,-1.0,-0.20129852008866114,0.0,0.0,-0.22495105434386498,2.9,-1.2,0.0,0.0,3.793656267637347,-1.0,2.1,0.5507570547286103,,True,1.2246467991473532e-16,1.6,1.5,0.0,0.0,0.0,0.9795299412524943,2.2,0.0,0.0,2026-09-30 12:00:00,0.0,1.7,0.0,1.2,0.0,193,12.911837294332724,-12.0,-1.8369701987210297e-16,0.648074069840786,0.7959533068382005,2.9,0.0,0.7011770857319537,27.9,Mae Hong Son,0.0,0.8386083048055802,-14.0,0.0,84,5.170833333333333,1.5,0.0,0.0,0.0,0.0,1.7916666666666667,2026.0,0.18232155679395462,2.9,0.0,3.2
1.5833333333333333,0.39999999999999997,0.0,0.0,0.9333333333333335,1.5,-0.9702957262759965,1.8541666666666667,13.9,5.4,0.0,983.5,0.0,0.0,2.8,-2.2,0.0,-0.9659258262890683,-0.20129852008866114,0.0,0.0,-0.2419218955996675,2.9,0.0,0.0,0.0,3.8093831354235004,-1.0,2.0,0.6674994798166929,,True,-0.2588190451025208,1.5,1.2,0.0,0.0,0.0,0.9795299412524943,2.4,0.0,0.0,2026-09-30 13:00:00,0.0,8.9,0.0,0.0,0.0,194,12.911837294332724,7.0,-1.8369701987210297e-16,0.565685424949238,0.86970620837665,2.9,0.0,0.798946789355976,25.6,Mae Hong Son,0.0,0.8753545908500293,1.0,0.0,91,5.1553571428571425,1.2,0.0,0.0,0.0,0.0,1.7479166666666668,2026.0,1.8562979903656263,2.9,0.0,3.2
1.3416666666666666,0.0,0.0,0.0,0.6833333333333332,1.5,0.8746197071393959,1.7541666666666667,13.9,2.1,0.0,982.7,0.0,0.0,2.6,-2.4,0.0,-0.8660254037844388,-0.20129852008866114,0.0,0.0,-0.4848096202463369,2.9,0.0,0.0,0.0,3.8283818953322744,-1.0,2.0,0.6890008869531462,,True,-0.4999999999999997,1.4,0.0,0.0,0.0,0.0,0.9795299412524943,2.1,0.0,0.0,2026-09-30 14:00:00,0.0,2.3,0.0,0.0,0.0,331,12.911837294332724,4.0,-1.8369701987210297e-16,0.0,0.8731726951500234,2.7,0.0,0.8712917453732449,25.5,Mae Hong Son,0.0,0.9093051949153267,1.0,0.0,95,5.133333333333333,0.0,0.0,0.0,0.0,0.0,1.70625,2026.0,1.1314021114911006,2.7,0.0,3.2
1.1166666666666667,0.0,0.0,0.0,0.45,1.5,-0.7071067811865477,1.6666666666666667,13.9,1.8,0.0,981.6,0.0,0.0,2.4,-2.1,0.0,-0.7071067811865479,-0.20129852008866114,0.0,0.0,-0.7071067811865475,2.9,0.0,0.0,0.0,3.848495413809581,-1.0,2.0,0.6422616289332566,,True,-0.7071067811865471,1.5,0.0,0.0,0.0,0.0,0.9795299412524943,1.9,0.0,0.0,2026-09-30 15:00:00,0.0,4.8,0.0,0.0,0.0,225,12.911837294332724,-1.0,-1.8369701987210297e-16,0.0,0.8414603707576226,2.4,0.0,0.93526585643988,26.2,Mae Hong Son,0.0,0.940188275323382,-2.0,0.0,94,5.105952380952381,0.0,0.0,0.0,0.0,0.0,1.664583333333333,2026.0,1.0296194171811583,2.4,0.0,3.2
0.9166666666666666,0.0,0.0,0.0,0.19999999999999998,1.2,-0.9659258262890682,1.5875000000000001,13.9,1.1,0.0,981.0,0.0,0.0,2.1,-1.9,0.0,-0.5000000000000004,-0.20129852008866114,0.0,0.0,0.258819045102521,2.9,0.0,0.0,0.0,3.8684852613290617,-1.0,1.6,0.447213595499958,,True,-0.8660254037844384,1.2,0.0,0.0,0.0,0.0,0.9795299412524943,1.5,0.0,0.0,2026-09-30 16:00:00,0.0,3.5,0.0,0.0,0.0,165,12.911837294332724,1.0,-1.8369701987210297e-16,0.0,0.7966945601811414,2.0,0.0,0.9909223397084825,25.7,Mae Hong Son,0.0,0.968297385305201,-2.0,0.0,95,5.075595238095238,0.0,0.0,0.0,0.0,0.0,1.6229166666666668,2026.0,0.7419373447293773,2.0,0.0,3.2
0.75,0.0,0.0,0.0,0.0,0.0,-0.9563047559630354,1.5250000000000001,13.9,0.6,0.0,981.1,0.0,0.0,2.6,-1.5,0.0,-0.25881904510252063,-0.20129852008866114,0.0,0.0,-0.29237170472273677,2.9,0.0,0.0,0.0,3.8879009060436998,-1.0,1.3,0.0,,True,-0.9659258262890683,0.0,0.0,0.0,0.0,0.0,0.9795299412524943,1.1,0.0,0.0,2026-09-30 17:00:00,0.0,3.0,0.0,0.0,0.0,197,12.911837294332724,1.0,-1.8369701987210297e-16,0.0,0.761030003788725,1.8,0.0,1.040532716128298,25.5,Mae Hong Son,0.0,0.9956655193331186,-3.0,0.0,96,5.042261904761904,0.0,0.0,0.0,0.0,0.0,1.5895833333333333,2026.0,0.4700036292457356,1.8,0.0,3.2
0.6,0.0,0.0,0.0,0.0,0.0,0.754709580222772,1.4791666666666667,13.9,0.2,0.0,981.4,0.0,0.0,2.6,-1.1,0.0,-1.8369701987210297e-16,-0.20129852008866114,0.0,0.0,0.6560590289905073,2.9,0.0,0.0,0.0,3.906596549253513,-1.0,1.2,0.0,,True,-1.0,0.0,0.0,0.0,0.0,0.0,0.9795299412524943,1.0,0.0,0.0,2026-09-30 18:00:00,0.0,1.7,0.0,0.0,0.0,41,12.911837294332724,3.0,-1.8369701987210297e-16,0.0,0.7153087911291646,1.6,0.0,1.081657357432976,25.1,Mae Hong Son,0.0,1.0205441767344845,0.0,0.0,99,5.007142857142857,0.0,0.0,0.0,0.0,0.0,1.5625,2026.0,0.18232155679395462,1.6,0.0,3.2
0.4666666666666666,0.0,0.0,0.0,0.0,0.0,0.7071067811865476,1.4375,13.9,0.1,0.0,982.3,0.0,0.0,5.9,-1.0,0.0,0.2588190451025203,-0.20129852008866114,0.0,0.0,0.7071067811865475,2.9,0.0,0.0,0.0,3.9221006865392263,-1.0,3.2,0.0,,True,-0.9659258262890684,0.0,0.0,0.0,0.0,0.0,0.9795299412524943,2.7,0.0,0.0,2026-09-30 19:00:00,0.0,0.3,0.0,0.0,0.0,45,12.911837294332724,-1.0,-1.8369701987210297e-16,0.0,0.6637435917246627,1.5,0.0,1.1179641094418014,24.8,Mae Hong Son,0.0,1.0435566188121594,2.0,0.0,98,4.964880952380952,0.0,0.0,0.0,0.0,0.0,1.5374999999999999,2026.0,0.09531017980432487,1.5,0.0,3.2
0.3416666666666666,0.0,0.0,0.0,0.0,0.0,-0.30901699437494734,1.325,13.9,0.3,0.0,983.7,0.0,0.0,6.0,-2.7,0.0,0.5000000000000001,-0.20129852008866114,0.0,0.0,0.9510565162951536,2.9,0.0,0.0,0.0,3.8909263724355263,-1.0,3.0,0.0,,True,-0.8660254037844386,0.0,0.0,0.0,0.0,0.0,0.9795299412524943,2.2,0.0,0.0,2026-09-30 20:00:00,0.0,1.7,0.0,0.0,0.0,108,12.911837294332724,-1.0,-1.8369701987210297e-16,0.0,0.5950606878480734,1.4,0.0,1.121104366238933,24.7,Mae Hong Son,0.0,1.0374163286207176,1.0,0.0,97,4.887499999999999,0.0,0.0,0.0,0.0,0.0,1.4708333333333332,2026.0,0.26236426446749106,1.5,0.0,3.0
0.225,0.0,0.0,0.0,0.0,0.0,0.7660444431189778,1.2333333333333334,13.9,0.7,0.0,984.6,0.0,0.0,6.1,-2.2,0.0,0.7071067811865474,-0.20129852008866114,0.0,0.0,-0.6427876096865396,2.9,0.0,0.0,0.0,3.8487119425568914,-1.0,2.9,0.0,,True,-0.7071067811865477,0.0,0.0,0.0,0.0,0.0,0.9795299412524943,2.3,0.0,0.0,2026-09-30 21:00:00,0.0,1.4,0.0,0.0,0.0,320,12.911837294332724,1.0,-1.8369701987210297e-16,0.0,0.5068283733178324,1.5,0.0,1.1356593777282968,24.4,Mae Hong Son,0.0,1.0337700689977223,3.0,0.0,98,4.80595238095238,0.0,0.0,0.0,0.0,0.0,1.4083333333333332,2026.0,0.5306282510621704,1.5,0.0,2.9
0.09999999999999999,0.0,0.0,0.0,0.0,0.0,0.7986355100472928,1.1375,13.7,0.1,0.0,985.1,0.0,0.0,6.2,-2.3,0.0,0.8660254037844384,-0.20129852008866114,0.0,0.0,-0.6018150231520483,2.9,0.0,0.0,0.0,3.8014404101836017,-1.0,2.8,0.0,,True,-0.5000000000000004,0.0,0.0,0.0,0.0,0.0,0.9795299412524943,2.6,0.0,0.0,2026-09-30 22:00:00,0.0,0.9,0.0,0.0,0.0,323,12.911837294332724,-1.0,-1.8369701987210297e-16,0.0,0.33166247903553997,1.2,0.0,1.1386441132622023,23.9,Mae Hong Son,0.0,1.0295609062713202,4.0,0.0,97,4.723214285714285,0.0,0.0,0.0,0.0,0.0,1.3479166666666667,2026.0,0.09531017980432487,1.2,0.0,2.9
0.0,0.0,0.0,0.0,0.0,0.0,0.9510565162951535,1.0291666666666666,13.4,0.1,0.0,985.3,0.0,0.0,6.2,-2.6,0.0,0.9659258262890681,-0.20129852008866114,0.0,0.0,-0.3090169943749476,2.9,0.0,0.0,0.0,3.754654518801371,-1.0,2.6,0.0,,True,-0.25881904510252157,0.0,0.0,0.0,0.0,0.0,0.9795299412524943,2.8,0.0,0.0,2026-09-30 23:00:00,0.0,0.6,0.0,0.0,0.0,342,12.911837294332724,2.0,-1.8369701987210297e-16,0.0,0.0,0.0,0.0,1.1178398687746927,24.0,Mae Hong Son,0.0,1.0249470684164892,7.0,0.0,99,4.641666666666667,0.0,0.0,0.0,0.0,0.0,1.2895833333333335,2026.0,0.09531017980432487,0.0,0.0,2.9
0.0,0.0,0.0,0.0,0.0,0.0,0.8910065241883679,0.9125,13.1,0.0,0.0,985.2,0.0,0.0,6.2,-2.8,0.0,1.0,0.20129852008866006,0.0,0.0,0.45399049973954675,2.9,0.0,0.0,0.0,3.709813394161644,-0.8660254037844386,2.4,0.0,,True,0.0,0.0,0.0,0.0,0.0,0.0,0.9795299412524945,2.9,0.0,0.0,2026-10-01 00:00:00,0.0,0.8,0.0,0.0,0.0,27,12.911837294332724,1.0,0.5000000000000001,0.0,0.0,0.0,0.0,1.0721133724253855,23.7,Mae Hong Son,0.0,1.0229633390574442,11.0,0.0,100,4.561904761904762,0.0,0.0,0.0,0.0,0.0,1.2354166666666668,2026.0,0.0,0.0,0.0,2.9
0.0,0.0,0.0,0.0,0.0,0.0,0.754709580222772,0.7916666666666666,13.1,0.0,0.0,984.7,0.0,0.0,6.0,-2.9,0.0,0.9659258262890683,0.20129852008866006,0.0,0.0,0.6560590289905073,2.9,0.0,0.0,0.0,3.666958814505408,-0.8660254037844386,1.9,0.0,,True,0.25881904510252074,0.0,0.0,0.0,0.0,0.0,0.9795299412524945,2.9,0.0,0.0,2026-10-01 01:00:00,0.0,1.9,0.0,0.0,0.0,41,12.911837294332724,0.0,0.5000000000000001,0.0,0.0,0.0,0.0,1.00246224644899,23.5,Mae Hong Son,0.0,1.023472354156292,9.0,0.0,100,4.483928571428572,0.0,0.0,0.0,0.0,0.0,1.1854166666666668,2026.0,0.0,0.0,0.0,2.9
0.0,0.0,0.0,0.0,0.0,0.0,0.7071067811865476,0.6708333333333334,13.1,0.0,0.0,983.7,0.0,0.0,6.1,-2.9,0.0,0.8660254037844387,0.20129852008866006,0.0,0.0,0.7071067811865475,2.7,0.0,0.0,0.0,3.6261286752542485,-0.8660254037844386,1.2,0.0,,True,0.49999999999999994,0.0,0.0,0.0,0.0,0.0,0.9795299412524945,2.7,0.0,0.0,2026-10-01 02:00:00,0.0,2.0,0.0,0.0,0.0,45,12.911837294332724,0.0,0.5000000000000001,0.0,0.0,0.0,0.0,0.9117196054099577,23.3,Mae Hong Son,0.0,1.031778063452709,5.0,0.0,100,4.407738095238095,0.0,0.0,0.0,0.0,0.0,1.1458333333333333,2026.0,0.0,0.0,0.0,2.9
0.0,0.0,0.0,0.0,0.0,0.0,0.27563735581699916,0.5583333333333333,13.1,0.1,0.0,983.4,0.0,0.0,5.7,-2.7,0.0,0.7071067811865476,0.20129852008866006,0.0,0.0,0.9612616959383189,2.4,0.0,0.0,0.0,3.5846119772174623,-0.8660254037844386,0.7,0.0,,True,0.7071067811865475,0.0,0.0,0.0,0.0,0.0,0.9795299412524945,2.4,0.0,0.0,2026-10-01 03:00:00,0.0,1.3,0.0,0.0,0.0,74,12.911837294332724,0.0,0.5000000000000001,0.0,0.0,0.0,0.0,0.8159435574161297,23.3,Mae Hong Son,0.0,1.0446208110548483,2.0,0.0,100,4.332142857142857,0.0,0.0,0.0,0.0,0.0,1.1208333333333333,2026.0,0.09531017980432487,0.0,0.0,2.9
0.0,0.0,0.0,0.0,0.0,0.0,0.7071067811865476,0.4583333333333333,13.1,0.0,0.0,983.4,0.0,0.0,5.3,-2.4,0.0,0.5000000000000001,0.20129852008866006,0.0,0.0,0.7071067811865475,2.0,0.0,0.0,0.0,3.5451747331956556,-0.8660254037844386,0.3,0.0,,True,0.8660254037844386,0.0,0.0,0.0,0.0,0.0,0.9795299412524945,2.0,0.0,0.0,2026-10-01 04:00:00,0.0,0.8,0.0,0.0,0.0,45,12.911837294332724,-1.0,0.5000000000000001,0.0,0.0,0.0,0.0,0.7262441432160094,23.5,Mae Hong Son,0.0,1.0552263284085868,0.0,0.0,99,4.258333333333334,0.0,0.0,0.0,0.0,0.0,1.1062500000000002,2026.0,0.0,0.0,0.0,2.9
0.0,0.0,0.0,0.0,0.0,0.0,0.992546151641322,0.375,13.1,0.0,0.0,983.4,0.0,0.0,5.1,-2.0,0.0,0.25881904510252074,0.20129852008866006,0.0,0.0,0.12186934340514748,1.8,0.0,0.0,0.0,3.506495430494903,-0.8660254037844386,0.2,0.0,,True,0.9659258262890683,0.0,0.0,0.0,0.0,0.0,0.9795299412524945,1.8,0.0,0.0,2026-10-01 05:00:00,0.0,1.5,0.0,0.0,0.0,7,12.911837294332724,0.0,0.5000000000000001,0.0,0.0,0.0,0.0,0.6559026858714129,23.7,Mae Hong Son,0.0,1.0608565721466152,0.0,0.0,99,4.185714285714286,0.0,0.0,0.0,0.0,0.0,1.1,2026.0,0.0,0.0,0.0,2.9
0.0,0.0,0.0,0.0,0.0,0.0,0.9510565162951535,0.3,13.1,0.0,0.0,983.8,0.0,0.0,4.8,-1.8,0.0,6.123233995736766e-17,0.20129852008866006,0.0,0.0,0.3090169943749474,1.6,0.0,0.0,0.0,3.467243408902231,-0.8660254037844386,0.1,0.0,,True,1.0,0.0,0.0,0.0,0.0,0.0,0.9795299412524945,1.6,0.0,0.0,2026-10-01 06:00:00,0.0,2.8,0.0,0.0,0.0,18,12.911837294332724,0.0,0.5000000000000001,0.0,0.0,0.0,0.0,0.5880759588125783,23.7,Mae Hong Son,0.0,1.0647688194574862,0.0,0.0,99,4.1136904761904765,0.0,0.0,0.0,0.0,0.0,1.0958333333333334,2026.0,0.0,0.0,0.0,2.9
0.0,0.0,0.0,0.0,0.0,0.0,0.8910065241883679,0.2333333333333333,13.1,0.0,0.0,984.5,0.0,0.0,6.6,-1.6,0.0,-0.25881904510252063,0.20129852008866006,0.0,0.0,0.45399049973954675,1.5,0.0,0.0,0.0,3.4274191495415307,-0.8660254037844386,0.2,0.0,,True,0.9659258262890683,0.0,0.0,0.0,0.0,0.0,0.9795299412524945,1.5,0.0,0.0,2026-10-01 07:00:00,0.0,3.2,0.0,0.0,0.0,27,12.911837294332724,0.0,0.5000000000000001,0.0,0.0,0.0,0.0,0.5241395064505462,23.8,Mae Hong Son,0.0,1.0668111067569552,0.0,0.0,99,4.042261904761905,0.0,0.0,0.0,0.0,0.0,1.09375,2026.0,0.0,0.0,0.0,2.9
0.0,0.0,0.0,0.0,0.0,0.0,0.9659258262890683,0.1708333333333333,13.1,0.0,0.0,985.4,0.0,0.0,5.8,-1.5,0.0,-0.4999999999999998,0.20129852008866006,0.0,0.0,0.25881904510252074,1.5,0.0,0.0,0.0,3.401250218236252,-0.8660254037844386,0.5,0.0,,True,0.8660254037844387,0.0,0.0,0.0,0.0,0.0,0.9795299412524945,1.4,0.0,0.0,2026-10-01 08:00:00,0.0,2.8,0.0,0.0,0.0,15,12.911837294332724,-1.0,0.5000000000000001,0.0,0.0,0.0,0.0,0.45412843875812137,24.3,Mae Hong Son,0.0,1.0706772746205502,1.0,0.0,98,3.9779761904761903,0.0,0.0,0.0,0.0,0.0,1.0895833333333333,2026.0,0.0,0.0,0.0,2.9
0.0,0.0,0.0,0.0,0.0,0.0,0.24192189559966767,0.1125,13.1,0.0,0.0,986.2,0.0,0.0,3.4,-1.4,0.0,-0.7071067811865475,0.20129852008866006,0.0,0.0,0.9702957262759965,1.5,0.0,0.0,0.0,3.367350868375361,-0.8660254037844386,1.2,0.0,,True,0.7071067811865476,0.0,0.0,0.0,0.0,0.0,0.9795299412524945,1.5,0.0,0.0,2026-10-01 09:00:00,0.0,1.5,0.0,0.0,0.0,76,12.911837294332724,-7.0,0.5000000000000001,0.0,0.0,0.0,0.0,0.375624480032918,25.4,Mae Hong Son,0.0,1.0787644037920832,-3.0,0.0,91,3.9107142857142856,0.0,0.0,0.0,0.0,0.0,1.0791666666666666,2026.0,0.0,0.0,0.0,2.9
0.0,0.0,0.0,0.0,0.0,0.0,-0.6018150231520484,0.049999999999999996,13.1,0.0,0.0,986.6,0.0,0.0,2.7,-1.5,0.0,-0.8660254037844387,0.20129852008866006,0.0,0.0,0.7986355100472927,1.2,0.0,0.0,0.0,3.3343764843094195,-0.8660254037844386,1.8,0.0,,True,0.49999999999999994,0.0,0.0,0.0,0.0,0.0,0.9795299412524945,1.2,0.0,0.0,2026-10-01 10:00:00,0.0,0.9,0.0,0.0,0.0,127,12.911837294332724,-9.0,0.5000000000000001,0.0,0.0,0.0,0.0,0.23979157616563596,27.1,Mae Hong Son,0.0,1.0895255720827401,-15.0,0.0,82,3.844642857142857,0.0,0.0,0.0,0.0,0.0,1.0541666666666667,2026.0,0.0,0.0,0.0,2.9
0.0,0.0,0.0,0.0,0.0,0.0,6.123233995736766e-17,0.0,13.1,0.0,0.0,986.5,0.0,0.0,2.3,-1.2,0.0,-0.9659258262890682,0.20129852008866006,0.0,0.0,1.0,0.0,0.0,0.0,0.0,3.3174715612230665,-0.8660254037844386,2.1,0.0,,True,0.258819045102521,0.0,0.0,0.0,0.0,0.0,0.9795299412524945,0.0,0.0,0.0,2026-10-01 11:00:00,0.0,0.4,0.0,0.0,0.0,90,12.911837294332724,-9.0,0.5000000000000001,0.0,0.0,0.0,0.0,0.0,28.8,Mae Hong Son,0.0,1.0941765041446567,-23.0,0.0,73,3.7874999999999996,0.0,0.0,0.0,0.0,0.0,1.0166666666666666,2026.0,0.0,0.0,0.0,2.9
0.0,0.0,0.0,0.0,0.0,0.0,-0.6427876096865394,0.0,13.1,0.1,0.0,985.4,0.0,0.0,2.1,0.0,0.0,-1.0,0.20129852008866006,0.0,0.0,0.766044443118978,0.0,0.0,0.0,0.0,3.315571672986045,-0.8660254037844386,2.2,0.0,,True,1.2246467991473532e-16,0.0,0.0,0.0,0.0,0.0,0.9795299412524945,0.0,0.0,0.0,2026-10-01 12:00:00,0.0,1.4,0.0,0.0,0.0,130,12.911837294332724,-6.0,0.5000000000000001,0.0,0.0,0.0,0.0,0.0,29.9,Mae Hong Son,0.0,1.0919668003449352,-17.0,0.0,67,3.7410714285714284,0.0,0.0,0.0,0.0,0.0,0.9729166666666668,2026.0,0.09531017980432487,0.0,0.0,2.9
0.0,0.0,0.0,0.0,0.0,0.0,-0.8829475928589269,0.0,13.1,0.1,0.0,984.1,0.0,0.0,2.0,0.0,0.0,-0.9659258262890683,0.20129852008866006,0.0,0.0,-0.46947156278589086,0.0,0.0,0.0,0.0,3.3183382427520343,-0.8660254037844386,2.4,0.0,,True,-0.2588190451025208,0.0,0.0,0.0,0.0,0.0,0.9795299412524945,0.0,0.0,0.0,2026-10-01 13:00:00,0.0,3.1,0.0,0.0,0.0,208,12.911837294332724,-3.0,0.5000000000000001,0.0,0.0,0.0,0.0,0.0,30.8,Mae Hong Son,0.0,1.0856525655363025,-27.0,0.0,64,3.699404761904762,0.0,0.0,0.0,0.0,0.0,0.9270833333333334,2026.0,0.09531017980432487,0.0,0.0,2.9
0.0,0.0,0.0,0.0,0.0,0.0,-0.90630778703665,0.0,13.1,0.0,0.0,982.8,0.0,0.0,2.0,0.0,0.0,-0.8660254037844388,0.20129852008866006,0.0,0.0,-0.4226182617406993,0.0,0.0,0.0,0.0,3.321741696709704,-0.8660254037844386,2.1,0.0,,True,-0.4999999999999997,0.0,0.0,0.0,0.0,0.0,0.9795299412524945,0.0,0.0,0.0,2026-10-01 14:00:00,0.0,3.4,0.0,0.0,0.0,205,12.911837294332724,-1.0,0.5000000000000001,0.0,0.0,0.0,0.0,0.0,31.3,Mae Hong Son,0.0,1.0718441241098862,-32.0,0.0,63,3.658928571428571,0.0,0.0,0.0,0.0,0.0,0.8770833333333333,2026.0,0.0,0.0,0.0,2.9
0.0,0.0,0.0,0.0,0.0,0.0,-0.9510565162951536,0.0,13.1,0.1,0.0,981.4,0.0,0.0,2.0,0.0,0.0,-0.7071067811865479,0.20129852008866006,0.0,0.0,-0.3090169943749473,0.0,0.0,0.0,0.0,3.3272708474840162,-0.8660254037844386,1.9,0.0,,True,-0.7071067811865471,0.0,0.0,0.0,0.0,0.0,0.9795299412524945,0.0,0.0,0.0,2026-10-01 15:00:00,0.0,5.1,0.0,0.0,0.0,198,12.911837294332724,-1.0,0.5000000000000001,0.0,0.0,0.0,0.0,0.0,31.7,Mae Hong Son,0.0,1.0638635041938207,-32.0,0.0,62,3.6214285714285714,0.0,0.0,0.0,0.0,0.0,0.8333333333333334,2026.0,0.09531017980432487,0.0,0.0,2.9
0.0,0.0,0.0,0.0,0.0,0.0,-0.9993908270190958,0.0,13.1,0.1,0.0,980.4,0.0,0.0,1.6,0.0,0.0,-0.5000000000000004,0.20129852008866006,0.0,0.0,-0.0348994967025009,0.0,0.0,0.0,0.0,3.332844989738284,-0.8660254037844386,1.5,0.0,,True,-0.8660254037844384,0.0,0.0,0.0,0.0,0.0,0.9795299412524945,0.0,0.0,0.0,2026-10-01 16:00:00,0.0,5.9,0.0,0.0,0.0,182,12.911837294332724,4.0,0.5000000000000001,0.0,0.0,0.0,0.0,0.0,31.2,Mae Hong Son,0.0,1.0587741044088048,-29.0,0.0,66,3.5845238095238097,0.0,0.0,0.0,0.0,0.0,0.7937500000000001,2026.0,0.09531017980432487,0.0,0.0,2.9
0.0,0.0,0.0,0.0,0.0,0.0,-0.9743700647852351,0.0,13.1,0.0,0.0,980.0,0.0,0.0,1.3,0.0,0.0,-0.25881904510252063,0.20129852008866006,0.0,0.0,0.2249510543438652,0.0,0.0,0.0,0.0,3.3195905052353942,-0.8660254037844386,1.1,0.0,,True,-0.9659258262890683,0.0,0.0,0.0,0.0,0.0,0.9795299412524945,0.0,0.0,0.0,2026-10-01 17:00:00,0.0,6.6,0.0,0.0,0.0,167,12.911837294332724,9.0,0.5000000000000001,0.0,0.0,0.0,0.0,0.0,30.3,Mae Hong Son,0.0,1.0596038961171608,-21.0,0.0,75,3.532142857142857,0.0,0.0,0.0,0.0,0.0,0.7625000000000001,2026.0,0.0,0.0,0.0,2.9
0.0,0.0,0.0,0.0,0.0,0.0,-0.8290375725550416,0.0,13.1,0.0,0.0,980.6,0.0,0.0,1.2,0.0,0.0,-1.8369701987210297e-16,0.20129852008866006,0.0,0.0,0.5591929034707469,0.0,0.0,0.0,0.0,3.2993729219360057,-0.8660254037844386,1.0,0.0,,True,-1.0,0.0,0.0,0.0,0.0,0.0,0.9795299412524945,0.0,0.0,0.0,2026-10-01 18:00:00,0.0,3.9,0.0,0.0,0.0,146,12.911837294332724,9.0,0.5000000000000001,0.0,0.0,0.0,0.0,0.0,28.7,Mae Hong Son,0.0,1.0639430559897878,-15.0,0.0,84,3.4761904761904763,0.0,0.0,0.0,0.0,0.0,0.7395833333333334,2026.0,0.0,0.0,0.0,2.9
0.0,0.0,0.0,0.0,0.0,0.0,-0.8191520442889919,0.0,13.1,0.3,0.0,982.1,0.0,0.0,3.2,0.0,0.0,0.2588190451025203,0.20129852008866006,0.0,0.0,0.5735764363510459,0.0,0.0,0.0,0.0,3.2758668860128126,-0.8660254037844386,2.7,0.0,,True,-0.9659258262890684,0.0,0.0,0.0,0.0,0.0,0.9795299412524945,0.0,0.0,0.0,2026-10-01 19:00:00,0.0,4.4,0.0,0.0,0.0,145,12.911837294332724,5.0,0.5000000000000001,0.0,0.0,0.0,0.0,0.0,27.1,Mae Hong Son,0.0,1.0684210019931282,-9.0,0.0,89,3.419047619047619,0.0,0.0,0.0,0.0,0.0,0.71875,2026.0,0.26236426446749106,0.0,0.0,2.9
0.0,0.0,0.0,0.0,0.0,0.0,-0.9781476007338057,0.0,13.1,0.0,0.0,983.4,0.0,0.0,3.0,0.0,0.0,0.5000000000000001,0.20129852008866006,0.0,0.0,0.20791169081775931,0.0,0.0,0.0,0.0,3.268713566326179,-0.8660254037844386,2.2,0.0,,True,-0.8660254037844386,0.0,0.0,0.0,0.0,0.0,0.9795299412524945,0.0,0.0,0.0,2026-10-01 20:00:00,0.0,3.5,0.0,0.0,0.0,168,12.911837294332724,1.0,0.5000000000000001,0.0,0.0,0.0,0.0,0.0,26.5,Mae Hong Son,0.0,1.0331232985466932,-7.0,0.0,90,3.3726190476190476,0.0,0.0,0.0,0.0,0.0,0.6625,2026.0,0.0,0.0,0.0,2.9
0.0,0.0,0.0,0.0,0.0,0.0,-0.8910065241883678,0.0,13.1,0.0,0.0,984.4,0.0,0.0,2.9,0.0,0.0,0.7071067811865474,0.20129852008866006,0.0,0.0,0.45399049973954686,0.0,0.0,0.0,0.0,3.256567964354895,-0.8660254037844386,2.3,0.0,,True,-0.7071067811865477,0.0,0.0,0.0,0.0,0.0,0.9795299412524945,0.0,0.0,0.0,2026-10-01 21:00:00,0.0,1.6,0.0,0.0,0.0,153,12.911837294332724,0.0,0.5000000000000001,0.0,0.0,0.0,0.0,0.0,26.1,Mae Hong Son,0.0,1.012491426575499,-8.0,0.0,90,3.3232142857142852,0.0,0.0,0.0,0.0,0.0,0.6166666666666667,2026.0,0.0,0.0,0.0,2.9
0.0,0.0,0.0,0.0,0.0,0.0,-0.6427876096865395,0.0,13.1,0.0,0.0,985.2,0.0,0.0,2.8,0.0,0.0,0.8660254037844384,0.20129852008866006,0.0,0.0,-0.7660444431189779,0.0,0.0,0.0,0.0,3.2397850982732166,-0.8660254037844386,2.6,0.0,,True,-0.5000000000000004,0.0,0.0,0.0,0.0,0.0,0.9795299412524945,0.0,0.0,0.0,2026-10-01 22:00:00,0.0,1.4,0.0,0.0,0.0,230,12.911837294332724,1.0,0.5000000000000001,0.0,0.0,0.0,0.0,0.0,25.7,Mae Hong Son,0.0,0.9857645615629186,-6.0,0.0,91,3.2714285714285714,0.0,0.0,0.0,0.0,0.0,0.56875,2026.0,0.0,0.0,0.0,2.9
0.0,0.0,0.0,0.0,0.0,0.0,-0.30901699437494756,0.0,13.1,0.0,0.0,985.2,0.0,0.0,2.6,0.0,0.0,0.9659258262890681,0.20129852008866006,0.0,0.0,-0.9510565162951535,0.0,0.0,0.0,0.0,3.2167838616696667,-0.8660254037844386,2.8,0.0,,True,-0.25881904510252157,0.0,0.0,0.0,0.0,0.0,0.9795299412524945,0.0,0.0,0.0,2026-10-01 23:00:00,0.0,0.6,0.0,0.0,0.0,252,12.911837294332724,1.0,0.5000000000000001,0.0,0.0,0.0,0.0,0.0,25.3,Mae Hong Son,0.0,0.9431749535773072,-7.0,0.0,92,3.2166666666666672,0.0,0.0,0.0,0.0,0.0,0.5145833333333333,2026.0,0.0,0.0,0.0,2.9
0.0,0.0,0.0,0.0,0.0,0.0,-0.4539904997395467,0.0,13.1,0.0,0.0,985.0,0.0,0.0,2.4,0.0,0.0,1.0,0.39435585511331855,0.0,0.0,0.8910065241883679,0.0,0.0,0.0,0.0,3.186809315592255,-0.8660254037844386,2.9,0.0,,True,0.0,0.0,0.0,0.0,0.0,0.0,0.9189578116202306,0.0,0.0,0.0,2026-10-02 00:00:00,0.0,0.4,0.0,0.0,0.0,117,12.911837294332724,1.0,0.5000000000000001,0.0,0.0,0.0,0.0,0.0,24.8,Mae Hong Son,0.0,0.8848037093992467,-7.0,0.0,93,3.1589285714285715,0.0,0.0,0.0,0.0,0.0,0.45625,2026.0,0.0,0.0,0.0,2.9
0.0,0.0,0.0,0.0,0.0,0.0,-0.24192189559966779,0.0,13.1,0.0,0.0,984.1,0.0,0.0,1.9,0.0,0.0,0.9659258262890683,0.39435585511331855,0.0,0.0,0.9702957262759965,0.0,0.0,0.0,0.0,3.149026176271569,-0.8660254037844386,2.9,0.0,,True,0.25881904510252074,0.0,0.0,0.0,0.0,0.0,0.9189578116202306,0.0,0.0,0.0,2026-10-02 01:00:00,0.0,0.7,0.0,0.0,0.0,104,12.911837294332724,1.0,0.5000000000000001,0.0,0.0,0.0,0.0,0.0,24.3,Mae Hong Son,0.0,0.8118801054069223,-6.0,0.0,94,3.0982142857142856,0.0,0.0,0.0,0.0,0.0,0.3958333333333333,2026.0,0.0,0.0,0.0,2.9
0.0,0.0,0.0,0.0,0.0,0.0,-0.7986355100472929,0.0,13.1,0.0,0.0,983.6,0.0,0.0,1.2,0.0,0.0,0.8660254037844387,0.39435585511331855,0.0,0.0,0.6018150231520482,0.0,0.0,0.0,0.0,3.1010142418620545,-0.8660254037844386,2.7,0.0,,True,0.49999999999999994,0.0,0.0,0.0,0.0,0.0,0.9189578116202306,0.0,0.0,0.0,2026-10-02 02:00:00,0.0,1.8,0.0,0.0,0.0,143,12.911837294332724,0.0,0.5000000000000001,0.0,0.0,0.0,0.0,0.0,24.0,Mae Hong Son,0.0,0.7267191064794032,-6.0,0.0,94,3.0339285714285715,0.0,0.0,0.0,0.0,0.0,0.3354166666666667,2026.0,0.0,0.0,0.0,2.7
0.0,0.0,0.0,0.0,0.0,0.0,-0.9510565162951535,0.0,13.1,0.0,0.0,983.5,0.0,0.0,0.7,0.0,0.0,0.7071067811865476,0.39435585511331855,0.0,0.0,0.3090169943749475,0.0,0.0,0.0,0.0,3.0413583736223395,-0.8660254037844386,2.4,0.0,,True,0.7071067811865475,0.0,0.0,0.0,0.0,0.0,0.9189578116202306,0.0,0.0,0.0,2026-10-02 03:00:00,0.0,1.1,0.0,0.0,0.0,162,12.911837294332724,-1.0,0.5000000000000001,0.0,0.0,0.0,0.0,0.0,23.9,Mae Hong Son,0.0,0.6409492742972895,-7.0,0.0,93,2.9660714285714285,0.0,0.0,0.0,0.0,0.0,0.2791666666666667,2026.0,0.0,0.0,0.0,2.4
0.0,0.0,0.0,0.0,0.0,0.0,0.8910065241883678,0.0,13.1,0.0,0.0,983.3,0.0,0.0,0.3,0.0,0.0,0.5000000000000001,0.39435585511331855,0.0,0.0,-0.45399049973954697,0.0,0.0,0.0,0.0,2.9719993704468557,-0.8660254037844386,2.0,0.0,,True,0.8660254037844386,0.0,0.0,0.0,0.0,0.0,0.9189578116202306,0.0,0.0,0.0,2026-10-02 04:00:00,0.0,0.4,0.0,0.0,0.0,333,12.911837294332724,1.0,0.5000000000000001,0.0,0.0,0.0,0.0,0.0,23.7,Mae Hong Son,0.0,0.5623456578376763,-5.0,0.0,94,2.8958333333333335,0.0,0.0,0.0,0.0,0.0,0.22916666666666666,2026.0,0.0,0.0,0.0,2.0
0.0,0.0,0.0,0.0,0.0,0.0,0.8290375725550418,0.0,13.1,0.0,0.0,983.5,0.0,0.0,0.2,0.0,0.0,0.25881904510252074,0.39435585511331855,0.0,0.0,-0.5591929034707466,0.0,0.0,0.0,0.0,2.8955527686726414,-0.8660254037844386,1.8,0.0,,True,0.9659258262890683,0.0,0.0,0.0,0.0,0.0,0.9189578116202306,0.0,0.0,0.0,2026-10-02 05:00:00,0.0,1.3,0.0,0.0,0.0,326,12.911837294332724,2.0,0.5000000000000001,0.0,0.0,0.0,0.0,0.0,23.3,Mae Hong Son,0.0,0.5002603488851247,-3.0,0.0,96,2.824404761904762,0.0,0.0,0.0,0.0,0.0,0.1875,2026.0,0.0,0.0,0.0,1.8
0.0,0.0,0.0,0.0,0.0,0.0,0.45399049973954664,0.0,13.1,0.0,0.0,984.2,0.0,0.0,0.1,0.0,0.0,6.123233995736766e-17,0.39435585511331855,0.0,0.0,-0.891006524188368,0.0,0.0,0.0,0.0,2.805161059801838,-0.8660254037844386,1.6,0.0,,True,1.0,0.0,0.0,0.0,0.0,0.0,0.9189578116202306,0.0,0.0,0.0,2026-10-02 06:00:00,0.0,0.8,0.0,0.0,0.0,297,12.911837294332724,0.0,0.5000000000000001,0.0,0.0,0.0,0.0,0.0,23.3,Mae Hong Son,0.0,0.44205957366249476,-3.0,0.0,96,2.75,0.0,0.0,0.0,0.0,0.0,0.15,2026.0,0.0,0.0,0.0,1.6
0.0,0.0,0.0,0.0,0.0,0.0,-0.9510565162951536,0.0,9.1,0.0,0.0,985.3,0.0,0.0,0.2,0.0,0.0,-0.25881904510252063,0.39435585511331855,0.0,0.0,-0.3090169943749473,0.0,0.0,0.0,0.0,2.696336261954051,-0.8660254037844386,1.5,0.0,,True,0.9659258262890683,0.0,0.0,0.0,0.0,0.0,0.9189578116202306,0.0,0.0,0.0,2026-10-02 07:00:00,0.0,0.6,0.0,0.0,0.0,198,12.911837294332724,-1.0,0.5000000000000001,0.0,0.0,0.0,0.0,0.0,24.2,Mae Hong Son,0.0,0.38855144089582544,-4.0,0.0,95,2.6720238095238096,0.0,0.0,0.0,0.0,0.0,0.11666666666666665,2026.0,0.0,0.0,0.0,1.5
0.0,0.0,0.0,0.0,0.0,0.0,6.123233995736766e-17,0.0,9.1,0.0,0.0,986.5,0.0,0.0,0.5,0.0,0.0,-0.4999999999999998,0.39435585511331855,0.0,0.0,1.0,0.0,0.0,0.0,0.0,2.7038164846687427,-0.8660254037844386,1.4,0.0,,True,0.8660254037844387,0.0,0.0,0.0,0.0,0.0,0.9189578116202306,0.0,0.0,0.0,2026-10-02 08:00:00,0.0,0.7,0.0,0.0,0.0,90,12.911837294332724,-3.0,0.5000000000000001,0.0,0.0,0.0,0.0,0.0,25.3,Mae Hong Son,0.0,0.33228350303451554,-6.0,0.0,92,2.6595238095238094,0.0,0.0,0.0,0.0,0.0,0.08541666666666665,2026.0,0.0,0.0,0.0,1.5
0.0,0.0,0.0,0.0,0.0,0.0,-0.9961946980917455,0.0,9.1,0.0,0.0,987.3,0.0,0.0,1.2,0.0,0.0,-0.7071067811865475,0.39435585511331855,0.0,0.0,0.0871557427476582,0.0,0.0,0.0,0.0,2.71053521168548,-0.8660254037844386,1.5,0.0,,True,0.7071067811865476,0.0,0.0,0.0,0.0,0.0,0.9189578116202306,0.0,0.0,0.0,2026-10-02 09:00:00,0.0,2.0,0.0,0.0,0.0,175,12.911837294332724,-7.0,0.5000000000000001,0.0,0.0,0.0,0.0,0.0,26.6,Mae Hong Son,0.0,0.2714975828621684,-6.0,0.0,85,2.638095238095238,0.0,0.0,0.0,0.0,0.0,0.05625,2026.0,0.0,0.0,0.0,1.5
0.0,0.0,0.0,0.0,0.0,0.0,0.19080899537654492,0.0,9.1,0.0,0.0,987.4,0.0,0.0,1.8,0.0,0.0,-0.8660254037844387,0.39435585511331855,0.0,0.0,0.981627183447664,0.0,0.0,0.0,0.0,2.7180064697312867,-0.8660254037844386,1.2,0.0,,True,0.49999999999999994,0.0,0.0,0.0,0.0,0.0,0.9189578116202306,0.0,0.0,0.0,2026-10-02 10:00:00,0.0,0.9,0.0,0.0,0.0,79,12.911837294332724,-4.0,0.5000000000000001,0.0,0.0,0.0,0.0,0.0,27.7,Mae Hong Son,0.0,0.17139136501002614,-1.0,0.0,81,2.6244047619047617,0.0,0.0,0.0,0.0,0.0,0.024999999999999998,2026.0,0.0,0.0,0.0,1.2
0.0,0.0,0.0,0.0,0.0,0.0,-0.1736481776669303,0.0,9.1,0.1,0.0,986.8,0.0,0.0,2.1,0.0,0.0,-0.9659258262890682,0.39435585511331855,0.0,0.0,0.984807753012208,0.0,0.0,0.0,0.0,2.724585720240561,-0.8660254037844386,0.0,0.0,,True,0.258819045102521,0.0,0.0,0.0,0.0,0.0,0.9189578116202306,0.0,0.0,0.0,2026-10-02 11:00:00,0.0,2.0,0.0,0.0,0.0,100,12.911837294332724,-9.0,0.5000000000000001,0.0,0.0,0.0,0.0,0.0,29.5,Mae Hong Son,0.0,0.0,-1.0,0.0,72,2.6142857142857143,0.0,0.0,0.0,0.0,0.0,0.0,2026.0,0.09531017980432487,0.0,0.0,0.0
0.0,0.0,0.0,0.0,0.0,0.0,-0.9961946980917455,0.0,9.1,0.0,0.0,985.4,0.0,0.0,2.2,0.0,0.0,-1.0,0.39435585511331855,0.0,0.0,0.0871557427476582,0.0,0.0,0.0,0.0,2.7306736245618137,-0.8660254037844386,0.0,0.0,,True,1.2246467991473532e-16,0.0,0.0,0.0,0.0,0.0,0.9189578116202306,0.0,0.0,0.0,2026-10-02 12:00:00,0.0,2.2,0.0,0.0,0.0,175,12.911837294332724,-4.0,0.5000000000000001,0.0,0.0,0.0,0.0,0.0,30.7,Mae Hong Son,0.0,0.0,1.0,0.0,68,2.605357142857143,0.0,0.0,0.0,0.0,0.0,0.0,2026.0,0.0,0.0,0.0,0.0
0.0,0.0,0.0,0.0,0.0,0.0,-0.981627183447664,0.0,9.1,0.0,0.0,983.9,0.0,0.0,2.4,0.0,0.0,-0.9659258262890683,0.39435585511331855,0.0,0.0,-0.19080899537654472,0.0,0.0,0.0,0.0,2.737335751292874,-0.8660254037844386,0.0,0.0,,True,-0.2588190451025208,0.0,0.0,0.0,0.0,0.0,0.9189578116202306,0.0,0.0,0.0,2026-10-02 13:00:00,0.0,2.9,0.0,0.0,0.0,191,12.911837294332724,-1.0,0.5000000000000001,0.0,0.0,0.0,0.0,0.0,31.2,Mae Hong Son,0.0,0.0,3.0,0.0,67,2.594642857142857,0.0,0.0,0.0,0.0,0.0,0.0,2026.0,0.0,0.0,0.0,0.0
0.0,0.0,0.0,0.0,0.0,0.0,-0.9945218953682733,0.0,9.1,0.0,0.0,982.5,0.0,0.0,2.1,0.0,0.0,-0.8660254037844388,0.39435585511331855,0.0,0.0,-0.1045284632676535,0.0,0.0,0.0,0.0,2.7442363198210433,-0.8660254037844386,0.0,0.0,,True,-0.4999999999999997,0.0,0.0,0.0,0.0,0.0,0.9189578116202306,0.0,0.0,0.0,2026-10-02 14:00:00,0.0,3.4,0.0,0.0,0.0,186,12.911837294332724,-3.0,0.5000000000000001,0.0,0.0,0.0,0.0,0.0,32.2,Mae Hong Son,0.0,0.0,1.0,0.0,64,2.5827380952380956,0.0,0.0,0.0,0.0,0.0,0.0,2026.0,0.0,0.0,0.0,0.0
0.0,0.0,0.0,0.0,0.0,0.0,-0.984807753012208,0.0,9.1,0.0,0.0,980.9,0.0,0.0,1.9,0.0,0.0,-0.7071067811865479,0.39435585511331855,0.0,0.0,-0.17364817766693047,0.0,0.0,0.0,0.0,2.7512981372270975,-0.8660254037844386,0.0,0.0,,True,-0.7071067811865471,0.0,0.0,0.0,0.0,0.0,0.9189578116202306,0.0,0.0,0.0,2026-10-02 15:00:00,0.0,4.9,0.0,0.0,0.0,190,12.911837294332724,-1.0,0.5000000000000001,0.0,0.0,0.0,0.0,0.0,32.6,Mae Hong Son,0.0,0.0,1.0,0.0,63,2.5654761904761907,0.0,0.0,0.0,0.0,0.0,0.0,2026.0,0.0,0.0,0.0,0.0
0.0,0.0,0.0,0.0,0.0,0.0,-0.9945218953682733,0.0,9.1,0.0,0.0,980.2,0.0,0.0,1.5,0.0,0.0,-0.5000000000000004,0.39435585511331855,0.0,0.0,0.10452846326765373,0.0,0.0,0.0,0.0,2.7579083874322925,-0.8660254037844386,0.0,0.0,,True,-0.8660254037844384,0.0,0.0,0.0,0.0,0.0,0.9189578116202306,0.0,0.0,0.0,2026-10-02 16:00:00,0.0,3.6,0.0,0.0,0.0,174,12.911837294332724,3.0,0.5000000000000001,0.0,0.0,0.0,0.0,0.0,32.1,Mae Hong Son,0.0,0.0,0.0,0.0,66,2.5464285714285717,0.0,0.0,0.0,0.0,0.0,0.0,2026.0,0.0,0.0,0.0,0.0
0.0,0.0,0.0,0.0,0.0,0.0,-0.8746197071393957,0.0,9.1,0.0,0.0,980.6,0.0,0.0,1.1,0.0,0.0,-0.25881904510252063,0.39435585511331855,0.0,0.0,0.48480962024633717,0.0,0.0,0.0,0.0,2.763839570145332,-0.8660254037844386,0.0,0.0,,True,-0.9659258262890683,0.0,0.0,0.0,0.0,0.0,0.9189578116202306,0.0,0.0,0.0,2026-10-02 17:00:00,0.0,5.2,0.0,0.0,0.0,151,12.911837294332724,10.0,0.5000000000000001,0.0,0.0,0.0,0.0,0.0,31.1,Mae Hong Son,0.0,0.0,1.0,0.0,76,2.525595238095238,0.0,0.0,0.0,0.0,0.0,0.0,2026.0,0.0,0.0,0.0,0.0
0.0,0.0,0.0,0.0,0.0,0.0,-0.8910065241883678,0.0,9.1,0.1,0.0,981.6,0.0,0.0,1.0,0.0,0.0,-1.8369701987210297e-16,0.39435585511331855,0.0,0.0,0.45399049973954686,0.0,0.0,0.0,0.0,2.7685726161807205,-0.8660254037844386,0.0,0.0,,True,-1.0,0.0,0.0,0.0,0.0,0.0,0.9189578116202306,0.0,0.0,0.0,2026-10-02 18:00:00,0.0,4.4,0.0,0.0,0.0,153,12.911837294332724,8.0,0.5000000000000001,0.0,0.0,0.0,0.0,0.0,29.3,Mae Hong Son,0.0,0.0,0.0,0.0,84,2.5023809523809524,0.0,0.0,0.0,0.0,0.0,0.0,2026.0,0.09531017980432487,0.0,0.0,0.0
0.0,0.0,0.0,0.0,0.0,0.0,-0.9961946980917455,0.0,9.1,0.0,0.0,982.3,0.0,0.0,2.7,0.0,0.0,0.2588190451025203,0.39435585511331855,0.0,0.0,0.0871557427476582,0.0,0.0,0.0,0.0,2.772450042386399,-0.8660254037844386,0.0,0.0,,True,-0.9659258262890684,0.0,0.0,0.0,0.0,0.0,0.9189578116202306,0.0,0.0,0.0,2026-10-02 19:00:00,0.0,4.2,0.0,0.0,0.0,175,12.911837294332724,3.0,0.5000000000000001,0.0,0.0,0.0,0.0,0.0,28.0,Mae Hong Son,0.0,0.0,-2.0,0.0,87,2.4779761904761903,0.0,0.0,0.0,0.0,0.0,0.0,2026.0,0.0,0.0,0.0,0.0
0.0,0.0,0.0,0.0,0.0,0.0,-0.7071067811865477,0.0,9.1,0.0,0.0,983.5,0.0,0.0,2.2,0.0,0.0,0.5000000000000001,0.39435585511331855,0.0,0.0,-0.7071067811865475,0.0,0.0,0.0,0.0,2.7515291563806294,-0.8660254037844386,0.0,0.0,,True,-0.8660254037844386,0.0,0.0,0.0,0.0,0.0,0.9189578116202306,0.0,0.0,0.0,2026-10-02 20:00:00,0.0,2.8,0.0,0.0,0.0,225,12.911837294332724,3.0,0.5000000000000001,0.0,0.0,0.0,0.0,0.0,27.1,Mae Hong Son,0.0,0.0,0.0,0.0,90,2.4333333333333336,0.0,0.0,0.0,0.0,0.0,0.0,2026.0,0.0,0.0,0.0,0.0
0.0,0.0,0.0,0.0,0.0,0.0,-0.22495105434386525,0.0,9.1,0.0,0.0,984.6,0.0,0.0,2.3,0.0,0.0,0.7071067811865474,0.39435585511331855,0.0,0.0,-0.9743700647852351,0.0,0.0,0.0,0.0,2.7397484010434985,-0.8660254037844386,0.0,0.0,,True,-0.7071067811865477,0.0,0.0,0.0,0.0,0.0,0.9189578116202306,0.0,0.0,0.0,2026-10-02 21:00:00,0.0,1.7,0.0,0.0,0.0,257,12.911837294332724,3.0,0.5000000000000001,0.0,0.0,0.0,0.0,0.0,26.5,Mae Hong Son,0.0,0.0,3.0,0.0,93,2.3946428571428573,0.0,0.0,0.0,0.0,0.0,0.0,2026.0,0.0,0.0,0.0,0.0
0.0,0.0,0.0,0.0,0.0,0.0,-0.529919264233205,0.0,9.1,0.0,0.0,984.8,0.0,0.0,2.6,0.0,0.0,0.8660254037844384,0.39435585511331855,0.0,0.0,-0.848048096156426,0.0,0.0,0.0,0.0,2.727367961557887,-0.8660254037844386,0.0,0.0,,True,-0.5000000000000004,0.0,0.0,0.0,0.0,0.0,0.9189578116202306,0.0,0.0,0.0,2026-10-02 22:00:00,0.0,2.3,0.0,0.0,0.0,238,12.911837294332724,1.0,0.5000000000000001,0.0,0.0,0.0,0.0,0.0,26.0,Mae Hong Son,0.0,0.0,3.0,0.0,94,2.355952380952381,0.0,0.0,0.0,0.0,0.0,0.0,2026.0,0.0,0.0,0.0,0.0
0.0,0.0,0.0,0.0,0.0,0.0,0.7071067811865474,0.0,9.1,0.2,0.0,985.0,0.0,0.0,2.8,0.0,0.0,0.9659258262890681,0.39435585511331855,0.0,0.0,-0.7071067811865477,0.0,0.0,0.0,0.0,2.714379632355937,-0.8660254037844386,0.0,0.0,,True,-0.25881904510252157,0.0,0.0,0.0,0.0,0.0,0.9189578116202306,0.0,0.0,0.0,2026-10-02 23:00:00,0.0,0.3,0.0,0.0,0.0,315,12.911837294332724,3.0,0.5000000000000001,0.0,0.0,0.0,0.0,0.0,25.0,Mae Hong Son,0.0,0.0,5.0,0.0,97,2.3172619047619047,0.0,0.0,0.0,0.0,0.0,0.0,2026.0,0.18232155679395462,0.0,0.0,0.0
0.0,0.0,0.0,0.0,0.0,0.0,0.992546151641322,0.0,9.1,0.4,0.0,984.7,0.0,0.0,2.9,0.0,0.0,1.0,0.5712682150947923,0.0,0.0,0.12186934340514748,0.0,0.0,0.0,0.0,2.6988688631701927,-0.8660254037844386,0.0,0.0,,True,0.0,0.0,0.0,0.0,0.0,0.0,0.8207634412072763,0.0,0.0,0.0,2026-10-03 00:00:00,0.0,1.5,0.0,0.0,0.0,7,12.911837294332724,3.0,0.5000000000000001,0.0,0.0,0.0,0.0,0.0,24.5,Mae Hong Son,0.0,0.0,7.0,0.0,100,2.2773809523809527,0.0,0.0,0.0,0.0,0.0,0.0,2026.0,0.33647223662121295,0.0,0.0,0.0
0.0,0.0,0.0,0.0,0.0,0.0,0.9876883405951377,0.0,9.1,0.1,0.0,983.8,0.0,0.0,2.9,0.0,0.0,0.9659258262890683,0.5712682150947923,0.0,0.0,-0.15643446504023112,0.0,0.0,0.0,0.0,2.6806499210887473,-0.8660254037844386,0.0,0.0,,True,0.25881904510252074,0.0,0.0,0.0,0.0,0.0,0.8207634412072763,0.0,0.0,0.0,2026-10-03 01:00:00,0.0,1.1,0.0,0.0,0.0,351,12.911837294332724,0.0,0.5000000000000001,0.0,0.0,0.0,0.0,0.0,24.4,Mae Hong Son,0.0,0.0,6.0,0.0,100,2.2363095238095236,0.0,0.0,0.0,0.0,0.0,0.0,2026.0,0.09531017980432487,0.0,0.0,0.0
0.0,0.0,0.0,0.0,0.0,0.0,0.9510565162951535,0.0,9.1,0.0,0.0,983.4,0.0,0.0,2.7,0.0,0.0,0.8660254037844387,0.5712682150947923,0.0,0.0,-0.3090169943749476,0.0,0.0,0.0,0.0,2.661672619573423,-0.8660254037844386,0.0,0.0,,True,0.49999999999999994,0.0,0.0,0.0,0.0,0.0,0.8207634412072763,0.0,0.0,0.0,2026-10-03 02:00:00,0.0,0.6,0.0,0.0,0.0,342,12.911837294332724,0.0,0.5000000000000001,0.0,0.0,0.0,0.0,0.0,24.4,Mae Hong Son,0.0,0.0,6.0,0.0,100,2.1952380952380954,0.0,0.0,0.0,0.0,0.0,0.0,2026.0,0.0,0.0,0.0,0.0
0.0,0.0,0.0,0.0,0.0,0.0,0.6018150231520479,0.0,9.1,0.0,0.0,983.1,0.0,0.0,2.4,0.0,0.0,0.7071067811865476,0.5712682150947923,0.0,0.0,-0.798635510047293,0.0,0.0,0.0,0.0,2.637458490178559,-0.8660254037844386,0.0,0.0,,True,0.7071067811865475,0.0,0.0,0.0,0.0,0.0,0.8207634412072763,0.0,0.0,0.0,2026-10-03 03:00:00,0.0,0.9,0.0,0.0,0.0,307,12.911837294332724,-1.0,0.5000000000000001,0.0,0.0,0.0,0.0,0.0,24.2,Mae Hong Son,0.0,0.0,6.0,0.0,99,2.1517857142857144,0.0,0.0,0.0,0.0,0.0,0.0,2026.0,0.0,0.0,0.0,0.0
0.0,0.0,0.0,0.0,0.0,0.0,0.7071067811865474,0.0,9.1,0.0,0.0,983.2,0.0,0.0,2.0,0.0,0.0,0.5000000000000001,0.5712682150947923,0.0,0.0,-0.7071067811865477,0.0,0.0,0.0,0.0,2.6073774084534405,-0.8660254037844386,0.0,0.0,,True,0.8660254037844386,0.0,0.0,0.0,0.0,0.0,0.8207634412072763,0.0,0.0,0.0,2026-10-03 04:00:00,0.0,0.8,0.0,0.0,0.0,315,12.911837294332724,1.0,0.5000000000000001,0.0,0.0,0.0,0.0,0.0,24.1,Mae Hong Son,0.0,0.0,6.0,0.0,100,2.105952380952381,0.0,0.0,0.0,0.0,0.0,0.0,2026.0,0.0,0.0,0.0,0.0
0.0,0.0,0.0,0.0,0.0,0.0,1.0,0.0,9.1,0.0,0.0,983.6,0.0,0.0,1.8,0.0,0.0,0.25881904510252074,0.5712682150947923,0.0,0.0,-2.4492935982947064e-16,0.0,0.0,0.0,0.0,2.572112728651077,-0.8660254037844386,0.0,0.0,,True,0.9659258262890683,0.0,0.0,0.0,0.0,0.0,0.8207634412072763,0.0,0.0,0.0,2026-10-03 05:00:00,0.0,0.2,0.0,0.0,0.0,360,12.911837294332724,-1.0,0.5000000000000001,0.0,0.0,0.0,0.0,0.0,24.3,Mae Hong Son,0.0,0.0,3.0,0.0,99,2.0583333333333336,0.0,0.0,0.0,0.0,0.0,0.0,2026.0,0.0,0.0,0.0,0.0
0.0,0.0,0.0,0.0,0.0,0.0,0.7071067811865474,0.0,9.1,0.0,0.0,984.3,0.0,0.0,1.6,0.0,0.0,6.123233995736766e-17,0.5712682150947923,0.0,0.0,-0.7071067811865477,0.0,0.0,0.0,0.0,2.53260260675038,-0.8660254037844386,0.0,0.0,,True,1.0,0.0,0.0,0.0,0.0,0.0,0.8207634412072763,0.0,0.0,0.0,2026-10-03 06:00:00,0.0,0.3,0.0,0.0,0.0,315,12.911837294332724,0.0,0.5000000000000001,0.0,0.0,0.0,0.0,0.0,24.6,Mae Hong Son,0.0,0.0,3.0,0.0,99,2.0095238095238095,0.0,0.0,0.0,0.0,0.0,0.0,2026.0,0.0,0.0,0.0,0.0
0.0,0.0,0.0,0.0,0.0,0.0,-0.9271838545667874,0.0,9.1,0.0,0.0,985.1,0.0,0.0,1.5,0.0,0.0,-0.25881904510252063,0.5712682150947923,0.0,0.0,-0.374606593415912,0.0,0.0,0.0,0.0,2.4915102446748496,-0.8660254037844386,0.0,0.0,,True,0.9659258262890683,0.0,0.0,0.0,0.0,0.0,0.8207634412072763,0.0,0.0,0.0,2026-10-03 07:00:00,0.0,1.9,0.0,0.0,0.0,202,12.911837294332724,1.0,0.5000000000000001,0.0,0.0,0.0,0.0,0.0,24.8,Mae Hong Son,0.0,0.0,5.0,0.0,100,1.9607142857142856,0.0,0.0,0.0,0.0,0.0,0.0,2026.0,0.0,0.0,0.0,0.0
0.0,0.0,0.0,0.0,0.0,0.0,-0.9271838545667874,0.0,9.1,0.1,0.0,986.0,0.0,0.0,1.4,0.0,0.0,-0.4999999999999998,0.5712682150947923,0.0,0.0,-0.374606593415912,0.0,0.0,0.0,0.0,2.4915102446748496,-0.8660254037844386,0.0,0.0,,True,0.8660254037844387,0.0,0.0,0.0,0.0,0.0,0.8207634412072763,0.0,0.0,0.0,2026-10-03 08:00:00,0.0,1.0,0.0,0.0,0.0,202,12.911837294332724,-6.0,0.5000000000000001,0.0,0.0,0.0,0.0,0.0,25.6,Mae Hong Son,0.0,0.0,2.0,0.0,94,1.9607142857142859,0.0,0.0,0.0,0.0,0.0,0.0,2026.0,0.09531017980432487,0.0,0.0,0.0
0.0,0.0,0.0,0.0,0.0,0.0,-0.754709580222772,0.0,9.1,0.1,0.0,986.5,0.0,0.0,1.5,0.0,0.0,-0.7071067811865475,0.5712682150947923,0.0,0.0,0.6560590289905073,0.0,0.0,0.0,0.0,2.495206217421782,-0.8660254037844386,0.0,0.0,,True,0.7071067811865476,0.0,0.0,0.0,0.0,0.0,0.8207634412072763,0.0,0.0,0.0,2026-10-03 09:00:00,0.0,1.9,0.0,0.0,0.0,139,12.911837294332724,-5.0,0.5000000000000001,0.0,0.0,0.0,0.0,0.0,26.5,Mae Hong Son,0.0,0.0,4.0,0.0,89,1.954166666666667,0.0,0.0,0.0,0.0,0.0,0.0,2026.0,0.09531017980432487,0.0,0.0,0.0
0.0,0.0,0.0,0.0,0.0,0.0,-1.0,0.0,9.1,0.3,0.0,986.6,0.0,0.0,1.2,0.0,0.0,-0.8660254037844387,0.5712682150947923,0.0,0.0,1.2246467991473532e-16,0.0,0.0,0.0,0.0,2.498427793615276,-0.8660254037844386,0.0,0.0,,True,0.49999999999999994,0.0,0.0,0.0,0.0,0.0,0.8207634412072763,0.0,0.0,0.0,2026-10-03 10:00:00,0.0,1.4,0.0,0.0,0.0,180,12.911837294332724,-11.0,0.5000000000000001,0.0,0.0,0.0,0.0,0.0,28.8,Mae Hong Son,0.0,0.0,-3.0,0.0,78,1.9488095238095238,0.0,0.0,0.0,0.0,0.0,0.0,2026.0,0.26236426446749106,0.0,0.0,0.0
0.0,0.0,0.0,0.0,0.0,0.0,-0.9945218953682733,0.0,9.1,0.2,0.0,985.8,0.0,0.0,0.0,0.0,0.0,-0.9659258262890682,0.5712682150947923,0.0,0.0,-0.1045284632676535,0.0,0.0,0.0,0.0,2.5016337490526253,-0.8660254037844386,0.0,0.0,,True,0.258819045102521,0.0,0.0,0.0,0.0,0.0,0.8207634412072763,0.0,0.0,0.0,2026-10-03 11:00:00,0.0,1.6,0.0,0.0,0.0,186,12.911837294332724,-7.0,0.5000000000000001,0.0,0.0,0.0,0.0,0.0,30.1,Mae Hong Son,0.0,0.0,-1.0,0.0,71,1.943452380952381,0.0,0.0,0.0,0.0,0.0,0.0,2026.0,0.18232155679395462,0.0,0.0,0.0
0.0,0.0,0.0,0.0,0.0,0.0,-1.0,0.0,9.1,0.0,0.0,984.4,0.0,0.0,0.0,0.0,0.0,-1.0,0.5712682150947923,0.0,0.0,1.2246467991473532e-16,0.0,0.0,0.0,0.0,2.5042828959862447,-0.8660254037844386,0.0,0.0,,True,1.2246467991473532e-16,0.0,0.0,0.0,0.0,0.0,0.8207634412072763,0.0,0.0,0.0,2026-10-03 12:00:00,0.0,3.6,0.0,0.0,0.0,180,12.911837294332724,-3.0,0.5000000000000001,0.0,0.0,0.0,0.0,0.0,31.2,Mae Hong Son,0.0,0.0,0.0,0.0,68,1.9392857142857143,0.0,0.0,0.0,0.0,0.0,0.0,2026.0,0.0,0.0,0.0,0.0
0.0,0.0,0.0,0.0,0.0,0.0,-0.9902680687415703,0.0,9.1,0.0,0.0,982.7,0.0,0.0,0.0,0.0,0.0,-0.9659258262890683,0.5712682150947923,0.0,0.0,-0.13917310096006552,0.0,0.0,0.0,0.0,2.506922318229504,-0.8660254037844386,0.0,0.0,,True,-0.2588190451025208,0.0,0.0,0.0,0.0,0.0,0.8207634412072763,0.0,0.0,0.0,2026-10-03 13:00:00,0.0,5.1,0.0,0.0,0.0,188,12.911837294332724,-1.0,0.5000000000000001,0.0,0.0,0.0,0.0,0.0,31.9,Mae Hong Son,0.0,0.0,0.0,0.0,67,1.9351190476190478,0.0,0.0,0.0,0.0,0.0,0.0,2026.0,0.0,0.0,0.0,0.0
0.0,0.0,0.0,0.0,0.0,0.0,-0.8910065241883679,0.0,9.1,0.0,0.0,980.8,0.0,0.0,0.0,0.0,0.0,-0.8660254037844388,0.5712682150947923,0.0,0.0,-0.4539904997395467,0.0,0.0,0.0,0.0,2.510088205711806,-0.8660254037844386,0.0,0.0,,True,-0.4999999999999997,0.0,0.0,0.0,0.0,0.0,0.8207634412072763,0.0,0.0,0.0,2026-10-03 14:00:00,0.0,6.7,0.0,0.0,0.0,207,12.911837294332724,-3.0,0.5000000000000001,0.0,0.0,0.0,0.0,0.0,32.2,Mae Hong Son,0.0,0.0,0.0,0.0,64,1.9297619047619048,0.0,0.0,0.0,0.0,0.0,0.0,2026.0,0.0,0.0,0.0,0.0
0.0,0.0,0.0,0.0,0.0,0.0,-0.7071067811865477,0.0,9.1,0.0,0.0,979.5,0.0,0.0,0.0,0.0,0.0,-0.7071067811865479,0.5712682150947923,0.0,0.0,-0.7071067811865475,0.0,0.0,0.0,0.0,2.513676240050798,-0.8660254037844386,0.0,0.0,,True,-0.7071067811865471,0.0,0.0,0.0,0.0,0.0,0.8207634412072763,0.0,0.0,0.0,2026-10-03 15:00:00,0.0,6.9,0.0,0.0,0.0,225,12.911837294332724,-1.0,0.5000000000000001,0.0,0.0,0.0,0.0,0.0,32.3,Mae Hong Son,0.0,0.0,0.0,0.0,63,1.9232142857142855,0.0,0.0,0.0,0.0,0.0,0.0,2026.0,0.0,0.0,0.0,0.0
0.0,0.0,0.0,0.0,0.0,0.0,-0.2756373558169989,0.0,9.1,0.0,0.0,979.5,0.0,0.0,0.0,0.0,0.0,-0.5000000000000004,0.5712682150947923,0.0,0.0,-0.961261695938319,0.0,0.0,0.0,0.0,2.517580757092158,-0.8660254037844386,0.0,0.0,,True,-0.8660254037844384,0.0,0.0,0.0,0.0,0.0,0.8207634412072763,0.0,0.0,0.0,2026-10-03 16:00:00,0.0,7.7,0.0,0.0,0.0,254,12.911837294332724,0.0,0.5000000000000001,0.0,0.0,0.0,0.0,0.0,31.8,Mae Hong Son,0.0,0.0,-3.0,0.0,63,1.91547619047619,0.0,0.0,0.0,0.0,0.0,0.0,2026.0,0.0,0.0,0.0,0.0
0.0,0.0,0.0,0.0,0.0,0.0,-0.9063077870366499,0.0,9.1,0.8,0.0,980.2,0.0,0.0,0.0,0.0,0.0,-0.25881904510252063,0.5712682150947923,0.0,0.0,0.4226182617406995,0.0,0.0,0.0,0.0,2.5218779108590708,-0.8660254037844386,0.0,0.0,,True,-0.9659258262890683,0.0,0.0,0.0,0.0,0.0,0.8207634412072763,0.0,0.0,0.0,2026-10-03 17:00:00,0.0,3.0,0.0,0.0,0.0,155,12.911837294332724,26.0,0.5000000000000001,0.0,0.0,0.0,0.0,0.0,28.4,Mae Hong Son,0.0,0.0,13.0,0.0,89,1.9035714285714287,0.0,0.0,0.0,0.0,0.0,0.0,2026.0,0.5877866649021191,0.0,0.0,0.0
0.0,0.0,0.0,0.0,0.0,0.0,-0.9510565162951536,0.0,9.1,1.3,0.0,981.4,0.0,0.0,0.0,0.0,0.0,-1.8369701987210297e-16,0.5712682150947923,0.0,0.0,-0.3090169943749473,0.0,0.0,0.0,0.0,2.5255317573921676,-0.8660254037844386,0.0,0.0,,True,-1.0,0.0,0.0,0.0,0.0,0.0,0.8207634412072763,0.0,0.0,0.0,2026-10-03 18:00:00,0.0,5.1,0.0,0.0,0.0,198,12.911837294332724,11.0,0.5000000000000001,0.0,0.0,0.0,0.0,0.0,26.3,Mae Hong Son,0.0,0.0,16.0,0.0,100,1.8880952380952383,0.0,0.0,0.0,0.0,0.0,0.0,2026.0,0.832909122935104,0.0,0.0,0.0
0.0,0.0,0.0,0.0,0.0,0.0,-0.6560590289905073,0.0,9.1,0.4,0.0,982.2,0.0,0.0,0.0,0.0,0.0,0.2588190451025203,0.5712682150947923,0.0,0.0,-0.754709580222772,0.0,0.0,0.0,0.0,2.527933442853391,-0.8660254037844386,0.0,0.0,,True,-0.9659258262890684,0.0,0.0,0.0,0.0,0.0,0.8207634412072763,0.0,0.0,0.0,2026-10-03 19:00:00,0.0,3.6,0.0,0.0,0.0,229,12.911837294332724,-2.0,0.5000000000000001,0.0,0.0,0.0,0.0,0.0,25.6,Mae Hong Son,0.0,0.0,11.0,0.0,98,1.8696428571428574,0.0,0.0,0.0,0.0,0.0,0.0,2026.0,0.33647223662121295,0.0,0.0,0.0
0.0,0.0,0.0,0.0,0.0,0.0,-0.529919264233205,0.0,9.1,0.7,0.0,983.3,0.0,0.0,0.0,0.0,0.0,0.5000000000000001,0.5712682150947923,0.0,0.0,-0.848048096156426,0.0,0.0,0.0,0.0,2.513585465145271,-0.8660254037844386,0.0,0.0,,True,-0.8660254037844386,0.0,0.0,0.0,0.0,0.0,0.8207634412072763,0.0,0.0,0.0,2026-10-03 20:00:00,0.0,2.3,0.0,0.0,0.0,238,12.911837294332724,2.0,0.5000000000000001,0.0,0.0,0.0,0.0,0.0,25.0,Mae Hong Son,0.0,0.0,10.0,0.0,100,1.8351190476190473,0.0,0.0,0.0,0.0,0.0,0.0,2026.0,0.5306282510621704,0.0,0.0,0.0
0.0,0.0,0.0,0.0,0.0,0.0,0.10452846326765299,0.0,9.1,0.7,0.0,984.4,0.0,0.0,0.0,0.0,0.0,0.7071067811865474,0.5712682150947923,0.0,0.0,-0.9945218953682734,0.0,0.0,0.0,0.0,2.491411267141741,-0.8660254037844386,0.0,0.0,,True,-0.7071067811865477,0.0,0.0,0.0,0.0,0.0,0.8207634412072763,0.0,0.0,0.0,2026-10-03 21:00:00,0.0,1.6,0.0,0.0,0.0,276,12.911837294332724,0.0,0.5000000000000001,0.0,0.0,0.0,0.0,0.0,24.9,Mae Hong Son,0.0,0.0,7.0,0.0,100,1.7964285714285715,0.0,0.0,0.0,0.0,0.0,0.0,2026.0,0.5306282510621704,0.0,0.0,0.0
0.0,0.0,0.0,0.0,0.0,0.0,0.656059028990507,0.0,9.1,0.7,0.0,985.0,0.0,0.0,0.0,0.0,0.0,0.8660254037844384,0.5712682150947923,0.0,0.0,-0.7547095802227722,0.0,0.0,0.0,0.0,2.4584868942007634,-0.8660254037844386,0.0,0.0,,True,-0.5000000000000004,0.0,0.0,0.0,0.0,0.0,0.8207634412072763,0.0,0.0,0.0,2026-10-03 22:00:00,0.0,1.7,0.0,0.0,0.0,311,12.911837294332724,-2.0,0.5000000000000001,0.0,0.0,0.0,0.0,0.0,24.9,Mae Hong Son,0.0,0.0,4.0,0.0,98,1.7529761904761902,0.0,0.0,0.0,0.0,0.0,0.0,2026.0,0.5306282510621704,0.0,0.0,0.0
0.0,0.0,0.0,0.0,0.0,0.0,0.7660444431189778,0.0,9.1,0.1,0.0,984.7,0.0,0.0,0.0,0.0,0.0,0.9659258262890681,0.5712682150947923,0.0,0.0,-0.6427876096865396,0.0,0.0,0.0,0.0,2.4141018967075674,-0.8660254037844386,0.0,0.0,,True,-0.25881904510252157,0.0,0.0,0.0,0.0,0.0,0.8207634412072763,0.0,0.0,0.0,2026-10-03 23:00:00,0.0,1.4,0.0,0.0,0.0,320,12.911837294332724,-1.0,0.5000000000000001,0.0,0.0,0.0,0.0,0.0,24.8,Mae Hong Son,0.0,0.0,0.0,0.0,97,1.7053571428571428,0.0,0.0,0.0,0.0,0.0,0.0,2026.0,0.09531017980432487,0.0,0.0,0.0
0.0,0.0,0.0,0.0,0.0,0.0,0.8910065241883678,0.0,9.1,0.1,0.0,983.9,0.0,0.0,0.0,0.0,0.0,1.0,0.7247927872291199,0.0,0.0,-0.45399049973954697,0.0,0.0,0.0,0.0,2.357885810643032,-0.8660254037844386,0.0,0.0,,True,0.0,0.0,0.0,0.0,0.0,0.0,0.6889669190756866,0.0,0.0,0.0,2026-10-04 00:00:00,0.0,0.8,0.0,0.0,0.0,333,12.911837294332724,-1.0,0.5000000000000001,0.0,0.0,0.0,0.0,0.0,24.7,Mae Hong Son,0.0,0.0,-4.0,0.0,96,1.6541666666666666,0.0,0.0,0.0,0.0,0.0,0.0,2026.0,0.09531017980432487,0.0,0.0,0.0
0.0,0.0,0.0,0.0,0.0,0.0,1.0,0.0,9.1,0.1,0.0,983.2,0.0,0.0,0.0,0.0,0.0,0.9659258262890683,0.7247927872291199,0.0,0.0,-2.4492935982947064e-16,0.0,0.0,0.0,0.0,2.291690398763945,-0.8660254037844386,0.0,0.0,,True,0.25881904510252074,0.0,0.0,0.0,0.0,0.0,0.6889669190756866,0.0,0.0,0.0,2026-10-04 01:00:00,0.0,0.4,0.0,0.0,0.0,360,12.911837294332724,-1.0,0.5000000000000001,0.0,0.0,0.0,0.0,0.0,24.7,Mae Hong Son,0.0,0.0,-5.0,0.0,95,1.600595238095238,0.0,0.0,0.0,0.0,0.0,0.0,2026.0,0.09531017980432487,0.0,0.0,0.0
0.0,0.0,0.0,0.0,0.0,0.0,-0.4539904997395467,0.0,9.1,0.0,0.0,982.7,0.0,0.0,0.0,0.0,0.0,0.8660254037844387,0.7247927872291199,0.0,0.0,0.8910065241883679,0.0,0.0,0.0,0.0,2.220223413713746,-0.8660254037844386,0.0,0.0,,True,0.49999999999999994,0.0,0.0,0.0,0.0,0.0,0.6889669190756866,0.0,0.0,0.0,2026-10-04 02:00:00,0.0,0.4,0.0,0.0,0.0,117,12.911837294332724,0.0,0.5000000000000001,0.0,0.0,0.0,0.0,0.0,24.8,Mae Hong Son,0.0,0.0,-5.0,0.0,95,1.5464285714285715,0.0,0.0,0.0,0.0,0.0,0.0,2026.0,0.0,0.0,0.0,0.0
0.0,0.0,0.0,0.0,0.0,0.0,-0.7071067811865475,0.0,9.0,0.0,0.0,982.3,0.0,0.0,0.0,0.0,0.0,0.7071067811865476,0.7247927872291199,0.0,0.0,0.7071067811865476,0.0,0.0,0.0,0.0,2.1450107398945675,-0.8660254037844386,0.0,0.0,,True,0.7071067811865475,0.0,0.0,0.0,0.0,0.0,0.6889669190756866,0.0,0.0,0.0,2026-10-04 03:00:00,0.0,1.0,0.0,0.0,0.0,135,12.911837294332724,1.0,0.5000000000000001,0.0,0.0,0.0,0.0,0.0,24.8,Mae Hong Son,0.0,0.0,-3.0,0.0,96,1.4922619047619048,0.0,0.0,0.0,0.0,0.0,0.0,2026.0,0.0,0.0,0.0,0.0
0.0,0.0,0.0,0.0,0.0,0.0,-0.7071067811865475,0.0,8.9,0.0,0.0,982.2,0.0,0.0,0.0,0.0,0.0,0.5000000000000001,0.7247927872291199,0.0,0.0,0.7071067811865476,0.0,0.0,0.0,0.0,2.0678354681266664,-0.8660254037844386,0.0,0.0,,True,0.8660254037844386,0.0,0.0,0.0,0.0,0.0,0.6889669190756866,0.0,0.0,0.0,2026-10-04 04:00:00,0.0,1.3,0.0,0.0,0.0,135,12.911837294332724,0.0,0.5000000000000001,0.0,0.0,0.0,0.0,0.0,24.9,Mae Hong Son,0.0,0.0,-4.0,0.0,96,1.4386904761904762,0.0,0.0,0.0,0.0,0.0,0.0,2026.0,0.0,0.0,0.0,0.0
0.0,0.0,0.0,0.0,0.0,0.0,-0.7071067811865475,0.0,8.9,0.0,0.0,982.4,0.0,0.0,0.0,0.0,0.0,0.25881904510252074,0.7247927872291199,0.0,0.0,0.7071067811865476,0.0,0.0,0.0,0.0,1.988487272439294,-0.8660254037844386,0.0,0.0,,True,0.9659258262890683,0.0,0.0,0.0,0.0,0.0,0.6889669190756866,0.0,0.0,0.0,2026-10-04 05:00:00,0.0,0.8,0.0,0.0,0.0,135,12.911837294332724,2.0,0.5000000000000001,0.0,0.0,0.0,0.0,0.0,24.7,Mae Hong Son,0.0,0.0,-1.0,0.0,98,1.3857142857142857,0.0,0.0,0.0,0.0,0.0,0.0,2026.0,0.0,0.0,0.0,0.0
0.0,0.0,0.0,0.0,0.0,0.0,0.7071067811865474,0.0,8.9,0.0,0.0,982.8,0.0,0.0,0.0,0.0,0.0,6.123233995736766e-17,0.7247927872291199,0.0,0.0,-0.7071067811865477,0.0,0.0,0.0,0.0,1.9043651930627046,-0.8660254037844386,0.0,0.0,,True,1.0,0.0,0.0,0.0,0.0,0.0,0.6889669190756866,0.0,0.0,0.0,2026-10-04 06:00:00,0.0,0.3,0.0,0.0,0.0,315,12.911837294332724,2.0,0.5000000000000001,0.0,0.0,0.0,0.0,0.0,24.5,Mae Hong Son,0.0,0.0,1.0,0.0,100,1.3327380952380952,0.0,0.0,0.0,0.0,0.0,0.0,2026.0,0.0,0.0,0.0,0.0
0.0,0.0,0.0,0.0,0.0,0.0,0.7071067811865474,0.0,6.6,0.0,0.0,983.3,0.0,0.0,0.0,0.0,0.0,-0.25881904510252063,0.7247927872291199,0.0,0.0,-0.7071067811865477,0.0,0.0,0.0,0.0,1.8148054967212617,-0.8660254037844386,0.0,0.0,,True,0.9659258262890683,0.0,0.0,0.0,0.0,0.0,0.6889669190756866,0.0,0.0,0.0,2026-10-04 07:00:00,0.0,0.8,0.0,0.0,0.0,315,12.911837294332724,0.0,0.5000000000000001,0.0,0.0,0.0,0.0,0.0,24.6,Mae Hong Son,0.0,0.0,0.0,0.0,100,1.2797619047619047,0.0,0.0,0.0,0.0,0.0,0.0,2026.0,0.0,0.0,0.0,0.0
0.0,0.0,0.0,0.0,0.0,0.0,0.8910065241883678,0.0,6.6,0.1,0.0,984.0,0.0,0.0,0.0,0.0,0.0,-0.4999999999999998,0.7247927872291199,0.0,0.0,-0.45399049973954697,0.0,0.0,0.0,0.0,1.8085253354290862,-0.8660254037844386,0.0,0.0,,True,0.8660254037844387,0.0,0.0,0.0,0.0,0.0,0.6889669190756866,0.0,0.0,0.0,2026-10-04 08:00:00,0.0,0.4,0.0,0.0,0.0,333,12.911837294332724,-4.0,0.5000000000000001,0.0,0.0,0.0,0.0,0.0,25.2,Mae Hong Son,0.0,0.0,2.0,0.0,96,1.2583333333333333,0.0,0.0,0.0,0.0,0.0,0.0,2026.0,0.09531017980432487,0.0,0.0,0.0
0.0,0.0,0.0,0.0,0.0,0.0,-0.4539904997395467,0.0,6.6,0.1,0.0,984.8,0.0,0.0,0.0,0.0,0.0,-0.7071067811865475,0.7247927872291199,0.0,0.0,0.8910065241883679,0.0,0.0,0.0,0.0,1.7901702341174655,-0.8660254037844386,0.0,0.0,,True,0.7071067811865476,0.0,0.0,0.0,0.0,0.0,0.6889669190756866,0.0,0.0,0.0,2026-10-04 09:00:00,0.0,0.4,0.0,0.0,0.0,117,12.911837294332724,-6.0,0.5000000000000001,0.0,0.0,0.0,0.0,0.0,26.0,Mae Hong Son,0.0,0.0,1.0,0.0,90,1.2297619047619048,0.0,0.0,0.0,0.0,0.0,0.0,2026.0,0.09531017980432487,0.0,0.0,0.0
0.0,0.0,0.0,0.0,0.0,0.0,-0.5150380749100543,0.0,6.6,0.1,0.0,985.0,0.0,0.0,0.0,0.0,0.0,-0.8660254037844387,0.7247927872291199,0.0,0.0,0.8571673007021123,0.0,0.0,0.0,0.0,1.7711641347685,-0.8660254037844386,0.0,0.0,,True,0.49999999999999994,0.0,0.0,0.0,0.0,0.0,0.6889669190756866,0.0,0.0,0.0,2026-10-04 10:00:00,0.0,1.0,0.0,0.0,0.0,121,12.911837294332724,-5.0,0.5000000000000001,0.0,0.0,0.0,0.0,0.0,27.0,Mae Hong Son,0.0,0.0,7.0,0.0,85,1.2011904761904764,0.0,0.0,0.0,0.0,0.0,0.0,2026.0,0.09531017980432487,0.0,0.0,0.0
0.0,0.0,0.0,0.0,0.0,0.0,-0.5299192642332048,0.0,6.6,0.1,0.0,984.2,0.0,0.0,0.0,0.0,0.0,-0.9659258262890682,0.7247927872291199,0.0,0.0,0.8480480961564261,0.0,0.0,0.0,0.0,1.761169308376239,-0.8660254037844386,0.0,0.0,,True,0.258819045102521,0.0,0.0,0.0,0.0,0.0,0.6889669190756866,0.0,0.0,0.0,2026-10-04 11:00:00,0.0,1.7,0.0,0.0,0.0,122,12.911837294332724,-6.0,0.5000000000000001,0.0,0.0,0.0,0.0,0.0,28.5,Mae Hong Son,0.0,0.0,8.0,0.0,79,1.1779761904761905,0.0,0.0,0.0,0.0,0.0,0.0,2026.0,0.09531017980432487,0.0,0.0,0.0
0.0,0.0,0.0,0.0,0.0,0.0,-0.5735764363510462,0.0,6.6,0.1,0.0,982.9,0.0,0.0,0.0,0.0,0.0,-1.0,0.7247927872291199,0.0,0.0,0.8191520442889917,0.0,0.0,0.0,0.0,1.755043651058338,-0.8660254037844386,0.0,0.0,,True,1.2246467991473532e-16,0.0,0.0,0.0,0.0,0.0,0.6889669190756866,0.0,0.0,0.0,2026-10-04 12:00:00,0.0,2.2,0.0,0.0,0.0,125,12.911837294332724,-7.0,0.5000000000000001,0.0,0.0,0.0,0.0,0.0,30.0,Mae Hong Son,0.0,0.0,4.0,0.0,72,1.1577380952380953,0.0,0.0,0.0,0.0,0.0,0.0,2026.0,0.09531017980432487,0.0,0.0,0.0
0.0,0.0,0.0,0.0,0.0,0.0,-0.6560590289905072,0.0,6.6,0.1,0.0,981.7,0.0,0.0,0.0,0.0,0.0,-0.9659258262890683,0.7247927872291199,0.0,0.0,0.7547095802227721,0.0,0.0,0.0,0.0,1.7514667282347611,-0.8660254037844386,0.0,0.0,,True,-0.2588190451025208,0.0,0.0,0.0,0.0,0.0,0.6889669190756866,0.0,0.0,0.0,2026-10-04 13:00:00,0.0,1.7,0.0,0.0,0.0,131,12.911837294332724,-2.0,0.5000000000000001,0.0,0.0,0.0,0.0,0.0,30.8,Mae Hong Son,0.0,0.0,3.0,0.0,70,1.1398809523809523,0.0,0.0,0.0,0.0,0.0,0.0,2026.0,0.09531017980432487,0.0,0.0,0.0
0.0,0.0,0.0,0.0,0.0,0.0,0.30901699437494723,0.0,6.6,1.0,0.0,980.9,0.0,0.0,0.0,0.0,0.0,-0.8660254037844388,0.7247927872291199,0.0,0.0,-0.9510565162951536,0.0,0.0,0.0,0.0,1.748910314285717,-0.8660254037844386,0.0,0.0,,True,-0.4999999999999997,0.0,0.0,0.0,0.0,0.0,0.6889669190756866,0.0,0.0,0.0,2026-10-04 14:00:00,0.0,1.1,0.0,0.0,0.0,288,12.911837294332724,5.0,0.5000000000000001,0.0,0.0,0.0,0.0,0.0,29.9,Mae Hong Son,0.0,0.0,11.0,0.0,75,1.1232142857142857,0.0,0.0,0.0,0.0,0.0,0.0,2026.0,0.6931471805599453,0.0,0.0,0.0
0.0,0.0,0.0,0.0,0.0,0.0,0.4694715627858904,0.0,6.6,1.0,0.0,980.1,0.0,0.0,0.0,0.0,0.0,-0.7071067811865479,0.7247927872291199,0.0,0.0,-0.8829475928589271,0.0,0.0,0.0,0.0,1.7472766913593853,-0.8660254037844386,0.0,0.0,,True,-0.7071067811865471,0.0,0.0,0.0,0.0,0.0,0.6889669190756866,0.0,0.0,0.0,2026-10-04 15:00:00,0.0,4.9,0.0,0.0,0.0,298,12.911837294332724,10.0,0.5000000000000001,0.0,0.0,0.0,0.0,0.0,28.3,Mae Hong Son,0.0,0.0,22.0,0.0,85,1.1077380952380953,0.0,0.0,0.0,0.0,0.0,0.0,2026.0,0.6931471805599453,0.0,0.0,0.0
0.0,0.0,0.0,0.0,0.0,0.0,0.4848096202463373,0.0,6.6,1.0,0.0,979.8,0.0,0.0,0.0,0.0,0.0,-0.5000000000000004,0.7247927872291199,0.0,0.0,-0.8746197071393956,0.0,0.0,0.0,0.0,1.7464637700546148,-0.8660254037844386,0.0,0.0,,True,-0.8660254037844384,0.0,0.0,0.0,0.0,0.0,0.6889669190756866,0.0,0.0,0.0,2026-10-04 16:00:00,0.0,7.0,0.0,0.0,0.0,299,12.911837294332724,8.0,0.5000000000000001,0.0,0.0,0.0,0.0,0.0,26.9,Mae Hong Son,0.0,0.0,30.0,0.0,93,1.0934523809523808,0.0,0.0,0.0,0.0,0.0,0.0,2026.0,0.6931471805599453,0.0,0.0,0.0
0.0,0.0,0.0,0.0,0.0,0.0,0.45399049973954664,0.0,6.6,0.1,0.0,980.0,0.0,0.0,0.0,0.0,0.0,-0.25881904510252063,0.7247927872291199,0.0,0.0,-0.891006524188368,0.0,0.0,0.0,0.0,1.746730019103464,-0.8660254037844386,0.0,0.0,,True,-0.9659258262890683,0.0,0.0,0.0,0.0,0.0,0.6889669190756866,0.0,0.0,0.0,2026-10-04 17:00:00,0.0,5.9,0.0,0.0,0.0,297,12.911837294332724,3.0,0.5000000000000001,0.0,0.0,0.0,0.0,0.0,26.2,Mae Hong Son,0.0,0.0,7.0,0.0,96,1.0809523809523809,0.0,0.0,0.0,0.0,0.0,0.0,2026.0,0.09531017980432487,0.0,0.0,0.0
0.0,0.0,0.0,0.0,0.0,0.0,0.2756373558169994,0.0,6.6,0.1,0.0,980.6,0.0,0.0,0.0,0.0,0.0,-1.8369701987210297e-16,0.7247927872291199,0.0,0.0,-0.9612616959383188,0.0,0.0,0.0,0.0,1.74471951952572,-0.8660254037844386,0.0,0.0,,True,-1.0,0.0,0.0,0.0,0.0,0.0,0.6889669190756866,0.0,0.0,0.0,2026-10-04 18:00:00,0.0,3.2,0.0,0.0,0.0,286,12.911837294332724,1.0,0.5000000000000001,0.0,0.0,0.0,0.0,0.0,25.8,Mae Hong Son,0.0,0.0,-3.0,0.0,97,1.0654761904761905,0.0,0.0,0.0,0.0,0.0,0.0,2026.0,0.09531017980432487,0.0,0.0,0.0
0.0,0.0,0.0,0.0,0.0,0.0,-0.13917310096006583,0.0,6.6,0.1,0.0,981.2,0.0,0.0,0.0,0.0,0.0,0.2588190451025203,0.7247927872291199,0.0,0.0,-0.9902680687415703,0.0,0.0,0.0,0.0,1.742569258034704,-0.8660254037844386,0.0,0.0,,True,-0.9659258262890684,0.0,0.0,0.0,0.0,0.0,0.6889669190756866,0.0,0.0,0.0,2026-10-04 19:00:00,0.0,1.3,0.0,0.0,0.0,262,12.911837294332724,1.0,0.5000000000000001,0.0,0.0,0.0,0.0,0.0,25.5,Mae Hong Son,0.0,0.0,0.0,0.0,98,1.0499999999999998,0.0,0.0,0.0,0.0,0.0,0.0,2026.0,0.09531017980432487,0.0,0.0,0.0
0.0,0.0,0.0,0.0,0.0,0.0,0.30901699437494723,0.0,6.6,0.0,0.0,982.1,0.0,0.0,0.0,0.0,0.0,0.5000000000000001,0.7247927872291199,0.0,0.0,-0.9510565162951536,0.0,0.0,0.0,0.0,1.7034852187763674,-0.8660254037844386,0.0,0.0,,True,-0.8660254037844386,0.0,0.0,0.0,0.0,0.0,0.6889669190756866,0.0,0.0,0.0,2026-10-04 20:00:00,0.0,0.6,0.0,0.0,0.0,288,12.911837294332724,1.0,0.5000000000000001,0.0,0.0,0.0,0.0,0.0,25.2,Mae Hong Son,0.0,0.0,-1.0,0.0,99,1.0148809523809523,0.0,0.0,0.0,0.0,0.0,0.0,2026.0,0.0,0.0,0.0,0.0
0.0,0.0,0.0,0.0,0.0,0.0,1.0,0.0,6.6,0.0,0.0,983.1,0.0,0.0,0.0,0.0,0.0,0.7071067811865474,0.7247927872291199,0.0,0.0,-2.4492935982947064e-16,0.0,0.0,0.0,0.0,1.6609612164943564,-0.8660254037844386,0.0,0.0,,True,-0.7071067811865477,0.0,0.0,0.0,0.0,0.0,0.6889669190756866,0.0,0.0,0.0,2026-10-04 21:00:00,0.0,1.3,0.0,0.0,0.0,360,12.911837294332724,1.0,0.5000000000000001,0.0,0.0,0.0,0.0,0.0,25.0,Mae Hong Son,0.0,0.0,0.0,0.0,100,0.9791666666666666,0.0,0.0,0.0,0.0,0.0,0.0,2026.0,0.0,0.0,0.0,0.0
0.0,0.0,0.0,0.0,0.0,0.0,0.9945218953682733,0.0,6.6,0.0,0.0,983.7,0.0,0.0,0.0,0.0,0.0,0.8660254037844384,0.7247927872291199,0.0,0.0,0.10452846326765347,0.0,0.0,0.0,0.0,1.6146491373467777,-0.8660254037844386,0.0,0.0,,True,-0.5000000000000004,0.0,0.0,0.0,0.0,0.0,0.6889669190756866,0.0,0.0,0.0,2026-10-04 22:00:00,0.0,1.8,0.0,0.0,0.0,6,12.911837294332724,0.0,0.5000000000000001,0.0,0.0,0.0,0.0,0.0,24.7,Mae Hong Son,0.0,0.0,2.0,0.0,100,0.9428571428571427,0.0,0.0,0.0,0.0,0.0,0.0,2026.0,0.0,0.0,0.0,0.0
0.0,0.0,0.0,0.0,0.0,0.0,0.9945218953682733,0.0,6.6,0.0,0.0,983.5,0.0,0.0,0.0,0.0,0.0,0.9659258262890681,0.7247927872291199,0.0,0.0,0.10452846326765347,0.0,0.0,0.0,0.0,1.564133046837326,-0.8660254037844386,0.0,0.0,,True,-0.25881904510252157,0.0,0.0,0.0,0.0,0.0,0.6889669190756866,0.0,0.0,0.0,2026-10-04 23:00:00,0.0,1.6,0.0,0.0,0.0,6,12.911837294332724,0.0,0.5000000000000001,0.0,0.0,0.0,0.0,0.0,24.4,Mae Hong Son,0.0,0.0,3.0,0.0,100,0.9059523809523808,0.0,0.0,0.0,0.0,0.0,0.0,2026.0,0.0,0.0,0.0,0.0
0.0,0.0,0.0,0.0,0.0,0.0,0.981627183447664,0.0,6.6,0.0,0.0,982.9,0.0,0.0,0.0,0.0,0.0,1.0,0.8486442574947509,0.0,0.0,0.1908089953765448,0.0,0.0,0.0,0.0,1.5110289927000227,-0.8660254037844386,0.0,0.0,,True,0.0,0.0,0.0,0.0,0.0,0.0,0.5289640103269624,0.0,0.0,0.0,2026-10-05 00:00:00,0.0,0.9,0.0,0.0,0.0,11,12.911837294332724,0.0,0.5000000000000001,0.0,0.0,0.0,0.0,0.0,24.0,Mae Hong Son,0.0,0.0,4.0,0.0,100,0.8690476190476191,0.0,0.0,0.0,0.0,0.0,0.0,2026.0,0.0,0.0,0.0,0.0
0.0,0.0,0.0,0.0,0.0,0.0,0.8910065241883679,0.0,6.6,0.0,0.0,982.4,0.0,0.0,0.0,0.0,0.0,0.9659258262890683,0.8486442574947509,0.0,0.0,0.45399049973954675,0.0,0.0,0.0,0.0,1.4550536493370199,-0.8660254037844386,0.0,0.0,,True,0.25881904510252074,0.0,0.0,0.0,0.0,0.0,0.5289640103269624,0.0,0.0,0.0,2026-10-05 01:00:00,0.0,0.4,0.0,0.0,0.0,27,12.911837294332724,0.0,0.5000000000000001,0.0,0.0,0.0,0.0,0.0,23.7,Mae Hong Son,0.0,0.0,5.0,0.0,100,0.8321428571428572,0.0,0.0,0.0,0.0,0.0,0.0,2026.0,0.0,0.0,0.0,0.0
0.0,0.0,0.0,0.0,0.0,0.0,-0.4539904997395467,0.0,6.6,0.0,0.0,982.1,0.0,0.0,0.0,0.0,0.0,0.8660254037844387,0.8486442574947509,0.0,0.0,0.8910065241883679,0.0,0.0,0.0,0.0,1.400378046625049,-0.8660254037844386,0.0,0.0,,True,0.49999999999999994,0.0,0.0,0.0,0.0,0.0,0.5289640103269624,0.0,0.0,0.0,2026-10-05 02:00:00,0.0,0.4,0.0,0.0,0.0,117,12.911837294332724,0.0,0.5000000000000001,0.0,0.0,0.0,0.0,0.0,23.7,Mae Hong Son,0.0,0.0,5.0,0.0,100,0.7964285714285715,0.0,0.0,0.0,0.0,0.0,0.0,2026.0,0.0,0.0,0.0,0.0
0.0,0.0,0.0,0.0,0.0,0.0,-0.6018150231520484,0.0,6.6,0.0,0.0,981.8,0.0,0.0,0.0,0.0,0.0,0.7071067811865476,0.8486442574947509,0.0,0.0,0.7986355100472927,0.0,0.0,0.0,0.0,1.34018210742636,-0.8660254037844386,0.0,0.0,,True,0.7071067811865475,0.0,0.0,0.0,0.0,0.0,0.5289640103269624,0.0,0.0,0.0,2026-10-05 03:00:00,0.0,0.9,0.0,0.0,0.0,127,12.911837294332724,0.0,0.5000000000000001,0.0,0.0,0.0,0.0,0.0,23.7,Mae Hong Son,0.0,0.0,4.0,0.0,100,0.7601190476190477,0.0,0.0,0.0,0.0,0.0,0.0,2026.0,0.0,0.0,0.0,0.0
0.0,0.0,0.0,0.0,0.0,0.0,-0.5591929034707467,0.0,6.6,0.0,0.0,981.8,0.0,0.0,0.0,0.0,0.0,0.5000000000000001,0.8486442574947509,0.0,0.0,0.8290375725550417,0.0,0.0,0.0,0.0,1.2857385359265079,-0.8660254037844386,0.0,0.0,,True,0.8660254037844386,0.0,0.0,0.0,0.0,0.0,0.5289640103269624,0.0,0.0,0.0,2026-10-05 04:00:00,0.0,1.3,0.0,0.0,0.0,124,12.911837294332724,0.0,0.5000000000000001,0.0,0.0,0.0,0.0,0.0,23.8,Mae Hong Son,0.0,0.0,4.0,0.0,100,0.7261904761904762,0.0,0.0,0.0,0.0,0.0,0.0,2026.0,0.0,0.0,0.0,0.0
0.0,0.0,0.0,0.0,0.0,0.0,-0.35836794954530027,0.0,6.6,0.0,0.0,982.2,0.0,0.0,0.0,0.0,0.0,0.25881904510252074,0.8486442574947509,0.0,0.0,0.9335804264972017,0.0,0.0,0.0,0.0,1.237232844109878,-0.8660254037844386,0.0,0.0,,True,0.9659258262890683,0.0,0.0,0.0,0.0,0.0,0.5289640103269624,0.0,0.0,0.0,2026-10-05 05:00:00,0.0,1.5,0.0,0.0,0.0,111,12.911837294332724,0.0,0.5000000000000001,0.0,0.0,0.0,0.0,0.0,23.7,Mae Hong Son,0.0,0.0,2.0,0.0,100,0.6946428571428572,0.0,0.0,0.0,0.0,0.0,0.0,2026.0,0.0,0.0,0.0,0.0
0.0,0.0,0.0,0.0,0.0,0.0,6.123233995736766e-17,0.0,6.6,0.0,0.0,982.7,0.0,0.0,0.0,0.0,0.0,6.123233995736766e-17,0.8486442574947509,0.0,0.0,1.0,0.0,0.0,0.0,0.0,1.1904523807142808,-0.8660254037844386,0.0,0.0,,True,1.0,0.0,0.0,0.0,0.0,0.0,0.5289640103269624,0.0,0.0,0.0,2026-10-05 06:00:00,0.0,1.6,0.0,0.0,0.0,90,12.911837294332724,0.0,0.5000000000000001,0.0,0.0,0.0,0.0,0.0,23.7,Mae Hong Son,0.0,0.0,0.0,0.0,100,0.6642857142857144,0.0,0.0,0.0,0.0,0.0,0.0,2026.0,0.0,0.0,0.0,0.0
0.0,0.0,0.0,0.0,0.0,0.0,0.24192189559966767,0.0,6.6,0.0,0.0,983.3,0.0,0.0,0.0,0.0,0.0,-0.25881904510252063,0.8486442574947509,0.0,0.0,0.9702957262759965,0.0,0.0,0.0,0.0,1.147683262380479,-0.8660254037844386,0.0,0.0,,True,0.9659258262890683,0.0,0.0,0.0,0.0,0.0,0.5289640103269624,0.0,0.0,0.0,2026-10-05 07:00:00,0.0,1.5,0.0,0.0,0.0,76,12.911837294332724,-1.0,0.5000000000000001,0.0,0.0,0.0,0.0,0.0,24.0,Mae Hong Son,0.0,0.0,-1.0,0.0,99,0.6357142857142858,0.0,0.0,0.0,0.0,0.0,0.0,2026.0,0.0,0.0,0.0,0.0
0.0,0.0,0.0,0.0,0.0,0.0,0.8290375725550416,0.0,5.8,0.2,0.0,984.0,0.0,0.0,0.0,0.0,0.0,-0.4999999999999998,0.8486442574947509,0.0,0.0,0.5591929034707469,0.0,0.0,0.0,0.0,1.0518064311970539,-0.8660254037844386,0.0,0.0,,True,0.8660254037844387,0.0,0.0,0.0,0.0,0.0,0.5289640103269624,0.0,0.0,0.0,2026-10-05 08:00:00,0.0,0.6,0.0,0.0,0.0,34,12.911837294332724,-6.0,0.5000000000000001,0.0,0.0,0.0,0.0,0.0,25.3,Mae Hong Son,0.0,0.0,-3.0,0.0,93,0.5964285714285715,0.0,0.0,0.0,0.0,0.0,0.0,2026.0,0.18232155679395462,0.0,0.0,0.0
0.0,0.0,0.0,0.0,0.0,0.0,0.5000000000000001,0.0,3.4,0.2,0.0,984.7,0.0,0.0,0.0,0.0,0.0,-0.7071067811865475,0.8486442574947509,0.0,0.0,-0.8660254037844386,0.0,0.0,0.0,0.0,0.972650375435319,-0.8660254037844386,0.0,0.0,,True,0.7071067811865476,0.0,0.0,0.0,0.0,0.0,0.5289640103269624,0.0,0.0,0.0,2026-10-05 09:00:00,0.0,1.5,0.0,0.0,0.0,300,12.911837294332724,-6.0,0.5000000000000001,0.0,0.0,0.0,0.0,0.0,27.0,Mae Hong Son,0.0,0.0,-3.0,0.0,87,0.5619047619047619,0.0,0.0,0.0,0.0,0.0,0.0,2026.0,0.18232155679395462,0.0,0.0,0.0
0.0,0.0,0.0,0.0,0.0,0.0,0.15643446504023067,0.0,3.2,0.2,0.0,985.0,0.0,0.0,0.0,0.0,0.0,-0.8660254037844387,0.8486442574947509,0.0,0.0,-0.9876883405951378,0.0,0.0,0.0,0.0,0.9484584401535013,-0.8660254037844386,0.0,0.0,,True,0.49999999999999994,0.0,0.0,0.0,0.0,0.0,0.5289640103269624,0.0,0.0,0.0,2026-10-05 10:00:00,0.0,2.2,0.0,0.0,0.0,279,12.911837294332724,-3.0,0.5000000000000001,0.0,0.0,0.0,0.0,0.0,27.9,Mae Hong Son,0.0,0.0,-1.0,0.0,84,0.5416666666666667,0.0,0.0,0.0,0.0,0.0,0.0,2026.0,0.18232155679395462,0.0,0.0,0.0
0.0,0.0,0.0,0.0,0.0,0.0,-0.4539904997395469,0.0,3.2,2.2,0.0,984.5,0.0,0.0,0.0,0.0,0.0,-0.9659258262890682,0.8486442574947509,0.0,0.0,-0.8910065241883678,0.0,0.0,0.0,0.0,0.9345228616919671,-0.8660254037844386,0.0,0.0,,True,0.258819045102521,0.0,0.0,0.0,0.0,0.0,0.5289640103269624,0.0,0.0,0.0,2026-10-05 11:00:00,0.0,2.0,0.0,0.0,0.0,243,12.911837294332724,4.0,0.5000000000000001,0.0,0.0,0.0,0.0,0.0,27.2,Mae Hong Son,0.0,0.0,9.0,0.0,88,0.5255952380952381,0.0,0.0,0.0,0.0,0.0,0.0,2026.0,1.1631508098056809,0.0,0.0,0.0
0.0,0.0,0.0,0.0,0.0,0.0,-0.9205048534524404,0.0,3.2,2.2,0.0,983.6,0.0,0.0,0.0,0.0,0.0,-1.0,0.8486442574947509,0.0,0.0,-0.39073112848927355,0.0,0.0,0.0,0.0,0.9252290272329695,-0.8660254037844386,0.0,0.0,,True,1.2246467991473532e-16,0.0,0.0,0.0,0.0,0.0,0.5289640103269624,0.0,0.0,0.0,2026-10-05 12:00:00,0.0,2.7,0.0,0.0,0.0,203,12.911837294332724,8.0,0.5000000000000001,0.0,0.0,0.0,0.0,0.0,25.7,Mae Hong Son,0.0,0.0,24.0,0.0,96,0.5119047619047619,0.0,0.0,0.0,0.0,0.0,0.0,2026.0,1.1631508098056809,0.0,0.0,0.0
0.0,0.0,0.0,0.0,0.0,0.0,-0.9945218953682733,0.0,3.2,2.2,0.0,982.6,0.0,0.0,0.0,0.0,0.0,-0.9659258262890683,0.8486442574947509,0.0,0.0,-0.1045284632676535,0.0,0.0,0.0,0.0,0.9178453692654804,-0.8660254037844386,0.0,0.0,,True,-0.2588190451025208,0.0,0.0,0.0,0.0,0.0,0.5289640103269624,0.0,0.0,0.0,2026-10-05 13:00:00,0.0,3.4,0.0,0.0,0.0,186,12.911837294332724,4.0,0.5000000000000001,0.0,0.0,0.0,0.0,0.0,24.9,Mae Hong Son,0.0,0.0,30.0,0.0,100,0.49940476190476196,0.0,0.0,0.0,0.0,0.0,0.0,2026.0,1.1631508098056809,0.0,0.0,0.0
0.0,0.0,0.0,0.0,0.0,0.0,-0.984807753012208,0.0,3.2,1.2,0.0,981.6,0.0,0.0,0.0,0.0,0.0,-0.8660254037844388,0.8486442574947509,0.0,0.0,-0.17364817766693047,0.0,0.0,0.0,0.0,0.9112515921992753,-0.8660254037844386,0.0,0.0,,True,-0.4999999999999997,0.0,0.0,0.0,0.0,0.0,0.5289640103269624,0.0,0.0,0.0,2026-10-05 14:00:00,0.0,3.1,0.0,0.0,0.0,190,12.911837294332724,-6.0,0.5000000000000001,0.0,0.0,0.0,0.0,0.0,25.8,Mae Hong Son,0.0,0.0,19.0,0.0,94,0.48750000000000004,0.0,0.0,0.0,0.0,0.0,0.0,2026.0,0.7884573603642702,0.0,0.0,0.0
0.0,0.0,0.0,0.0,0.0,0.0,-0.9205048534524404,0.0,3.2,1.2,0.0,980.6,0.0,0.0,0.0,0.0,0.0,-0.7071067811865479,0.8486442574947509,0.0,0.0,-0.39073112848927355,0.0,0.0,0.0,0.0,0.9044530722913845,-0.8660254037844386,0.0,0.0,,True,-0.7071067811865471,0.0,0.0,0.0,0.0,0.0,0.5289640103269624,0.0,0.0,0.0,2026-10-05 15:00:00,0.0,2.3,0.0,0.0,0.0,203,12.911837294332724,-9.0,0.5000000000000001,0.0,0.0,0.0,0.0,0.0,27.4,Mae Hong Son,0.0,0.0,0.0,0.0,85,0.47559523809523807,0.0,0.0,0.0,0.0,0.0,0.0,2026.0,0.7884573603642702,0.0,0.0,0.0
0.0,0.0,0.0,0.0,0.0,0.0,-0.8290375725550418,0.0,3.2,1.2,0.0,980.2,0.0,0.0,0.0,0.0,0.0,-0.5000000000000004,0.8486442574947509,0.0,0.0,-0.5591929034707467,0.0,0.0,0.0,0.0,0.8974451565176094,-0.8660254037844386,0.0,0.0,,True,-0.8660254037844384,0.0,0.0,0.0,0.0,0.0,0.5289640103269624,0.0,0.0,0.0,2026-10-05 16:00:00,0.0,1.3,0.0,0.0,0.0,214,12.911837294332724,-5.0,0.5000000000000001,0.0,0.0,0.0,0.0,0.0,28.1,Mae Hong Son,0.0,0.0,-13.0,0.0,80,0.4636904761904762,0.0,0.0,0.0,0.0,0.0,0.0,2026.0,0.7884573603642702,0.0,0.0,0.0
0.0,0.0,0.0,0.0,0.0,0.0,0.7071067811865476,0.0,3.2,2.6,0.0,980.8,0.0,0.0,0.0,0.0,0.0,-0.25881904510252063,0.8486442574947509,0.0,0.0,0.7071067811865475,0.0,0.0,0.0,0.0,0.8938183318311728,-0.8660254037844386,0.0,0.0,,True,-0.9659258262890683,0.0,0.0,0.0,0.0,0.0,0.5289640103269624,0.0,0.0,0.0,2026-10-05 17:00:00,0.0,0.5,0.0,0.0,0.0,45,12.911837294332724,4.0,0.5000000000000001,0.0,0.0,0.0,0.0,0.0,27.2,Mae Hong Son,0.0,0.0,-12.0,0.0,84,0.45416666666666666,0.0,0.0,0.0,0.0,0.0,0.0,2026.0,1.2809338454620645,0.0,0.0,0.0
0.0,0.0,0.0,0.0,0.0,0.0,0.6691306063588582,0.0,3.2,2.6,0.0,982.0,0.0,0.0,0.0,0.0,0.0,-1.8369701987210297e-16,0.8486442574947509,0.0,0.0,0.7431448254773942,0.0,0.0,0.0,0.0,0.8920877637493367,-0.8660254037844386,0.0,0.0,,True,-1.0,0.0,0.0,0.0,0.0,0.0,0.5289640103269624,0.0,0.0,0.0,2026-10-05 18:00:00,0.0,2.7,0.0,0.0,0.0,48,12.911837294332724,8.0,0.5000000000000001,0.0,0.0,0.0,0.0,0.0,25.4,Mae Hong Son,0.0,0.0,-5.0,0.0,92,0.44642857142857145,0.0,0.0,0.0,0.0,0.0,0.0,2026.0,1.2809338454620645,0.0,0.0,0.0
0.0,0.0,0.0,0.0,0.0,0.0,0.6819983600624985,0.0,3.2,2.6,0.0,983.0,0.0,0.0,0.0,0.0,0.0,0.2588190451025203,0.8486442574947509,0.0,0.0,0.7313537016191705,0.0,0.0,0.0,0.0,0.8908286480979992,-0.8660254037844386,0.0,0.0,,True,-0.9659258262890684,0.0,0.0,0.0,0.0,0.0,0.5289640103269624,0.0,0.0,0.0,2026-10-05 19:00:00,0.0,3.9,0.0,0.0,0.0,47,12.911837294332724,7.0,0.5000000000000001,0.0,0.0,0.0,0.0,0.0,24.0,Mae Hong Son,0.0,0.0,1.0,0.0,99,0.4392857142857143,0.0,0.0,0.0,0.0,0.0,0.0,2026.0,1.2809338454620645,0.0,0.0,0.0
0.0,0.0,0.0,0.0,0.0,0.0,0.7313537016191705,0.0,3.0,2.2,0.0,983.9,0.0,0.0,0.0,0.0,0.0,0.5000000000000001,0.8486442574947509,0.0,0.0,0.6819983600624985,0.0,0.0,0.0,0.0,0.8654450770591371,-0.8660254037844386,0.0,0.0,,True,-0.8660254037844386,0.0,0.0,0.0,0.0,0.0,0.5289640103269624,0.0,0.0,0.0,2026-10-05 20:00:00,0.0,3.2,0.0,0.0,0.0,43,12.911837294332724,1.0,0.5000000000000001,0.0,0.0,0.0,0.0,0.0,23.6,Mae Hong Son,0.0,0.0,1.0,0.0,100,0.4202380952380952,0.0,0.0,0.0,0.0,0.0,0.0,2026.0,1.1631508098056809,0.0,0.0,0.0
0.0,0.0,0.0,0.0,0.0,0.0,0.848048096156426,0.0,2.9,2.2,0.0,984.6,0.0,0.0,0.0,0.0,0.0,0.7071067811865474,0.8486442574947509,0.0,0.0,0.5299192642332049,0.0,0.0,0.0,0.0,0.842682252503758,-0.8660254037844386,0.0,0.0,,True,-0.7071067811865477,0.0,0.0,0.0,0.0,0.0,0.5289640103269624,0.0,0.0,0.0,2026-10-05 21:00:00,0.0,1.7,0.0,0.0,0.0,32,12.911837294332724,-1.0,0.5000000000000001,0.0,0.0,0.0,0.0,0.0,23.5,Mae Hong Son,0.0,0.0,-1.0,0.0,99,0.40238095238095234,0.0,0.0,0.0,0.0,0.0,0.0,2026.0,1.1631508098056809,0.0,0.0,0.0
0.0,0.0,0.0,0.0,0.0,0.0,0.8290375725550418,0.0,2.9,2.2,0.0,985.0,0.0,0.0,0.0,0.0,0.0,0.8660254037844384,0.8486442574947509,0.0,0.0,-0.5591929034707466,0.0,0.0,0.0,0.0,0.82076038213067,-0.8660254037844386,0.0,0.0,,True,-0.5000000000000004,0.0,0.0,0.0,0.0,0.0,0.5289640103269624,0.0,0.0,0.0,2026-10-05 22:00:00,0.0,0.6,0.0,0.0,0.0,326,12.911837294332724,-1.0,0.5000000000000001,0.0,0.0,0.0,0.0,0.0,23.4,Mae Hong Son,0.0,0.0,-2.0,0.0,98,0.38511904761904764,0.0,0.0,0.0,0.0,0.0,0.0,2026.0,1.1631508098056809,0.0,0.0,0.0
0.0,0.0,0.0,0.0,0.0,0.0,0.15643446504023067,0.0,2.9,0.0,0.0,984.9,0.0,0.0,0.0,0.0,0.0,0.9659258262890681,0.8486442574947509,0.0,0.0,-0.9876883405951378,0.0,0.0,0.0,0.0,0.7997127371863854,-0.8660254037844386,0.0,0.0,,True,-0.25881904510252157,0.0,0.0,0.0,0.0,0.0,0.5289640103269624,0.0,0.0,0.0,2026-10-05 23:00:00,0.0,1.1,0.0,0.0,0.0,279,12.911837294332724,-1.0,0.5000000000000001,0.0,0.0,0.0,0.0,0.0,23.2,Mae Hong Son,0.0,0.0,-3.0,0.0,97,0.368452380952381,0.0,0.0,0.0,0.0,0.0,0.0,2026.0,0.0,0.0,0.0,0.0
0.0,0.0,0.0,0.0,0.0,0.0,-1.8369701987210297e-16,0.0,2.9,0.0,0.0,984.6,0.0,0.0,0.0,0.0,0.0,1.0,0.9377521321470804,0.0,0.0,-1.0,0.0,0.0,0.0,0.0,0.781324089457403,-0.8660254037844386,0.0,0.0,,True,0.0,0.0,0.0,0.0,0.0,0.0,0.3473052528448203,0.0,0.0,0.0,2026-10-06 00:00:00,0.0,1.4,0.0,0.0,0.0,270,12.911837294332724,0.0,0.5000000000000001,0.0,0.0,0.0,0.0,0.0,23.0,Mae Hong Son,0.0,0.0,-3.0,0.0,97,0.3529761904761905,0.0,0.0,0.0,0.0,0.0,0.0,2026.0,0.0,0.0,0.0,0.0
0.0,0.0,0.0,0.0,0.0,0.0,-0.10452846326765336,0.0,2.9,0.0,0.0,984.3,0.0,0.0,0.0,0.0,0.0,0.9659258262890683,0.9377521321470804,0.0,0.0,-0.9945218953682734,0.0,0.0,0.0,0.0,0.7655472362053685,-0.8660254037844386,0.0,0.0,,True,0.25881904510252074,0.0,0.0,0.0,0.0,0.0,0.3473052528448203,0.0,0.0,0.0,2026-10-06 01:00:00,0.0,1.8,0.0,0.0,0.0,264,12.911837294332724,0.0,0.5000000000000001,0.0,0.0,0.0,0.0,0.0,22.9,Mae Hong Son,0.0,0.0,-3.0,0.0,97,0.3386904761904762,0.0,0.0,0.0,0.0,0.0,0.0,2026.0,0.0,0.0,0.0,0.0
0.0,0.0,0.0,0.0,0.0,0.0,-0.4539904997395467,0.0,2.9,0.0,0.0,983.8,0.0,0.0,0.0,0.0,0.0,0.8660254037844387,0.9377521321470804,0.0,0.0,0.8910065241883679,0.0,0.0,0.0,0.0,0.7563778330331046,-0.8660254037844386,0.0,0.0,,True,0.49999999999999994,0.0,0.0,0.0,0.0,0.0,0.3473052528448203,0.0,0.0,0.0,2026-10-06 02:00:00,0.0,0.4,0.0,0.0,0.0,117,12.911837294332724,3.0,0.5000000000000001,0.0,0.0,0.0,0.0,0.0,23.5,Mae Hong Son,0.0,0.0,0.0,0.0,100,0.3273809523809524,0.0,0.0,0.0,0.0,0.0,0.0,2026.0,0.0,0.0,0.0,0.0
0.0,0.0,0.0,0.0,0.0,0.0,0.981627183447664,0.0,2.9,0.0,0.0,984.0,0.0,0.0,0.0,0.0,0.0,0.7071067811865476,0.9377521321470804,0.0,0.0,0.1908089953765448,0.0,0.0,0.0,0.0,0.7537651146561257,-0.8660254037844386,0.0,0.0,,True,0.7071067811865475,0.0,0.0,0.0,0.0,0.0,0.3473052528448203,0.0,0.0,0.0,2026-10-06 03:00:00,0.0,0.9,0.0,0.0,0.0,11,12.911837294332724,-1.0,0.5000000000000001,0.0,0.0,0.0,0.0,0.0,23.4,Mae Hong Son,0.0,0.0,-1.0,0.0,99,0.32023809523809527,0.0,0.0,0.0,0.0,0.0,0.0,2026.0,0.0,0.0,0.0,0.0
0.0,0.0,0.0,0.0,0.0,0.0,0.9961946980917455,0.0,2.9,0.0,0.0,984.2,0.0,0.0,0.0,0.0,0.0,0.5000000000000001,0.9377521321470804,0.0,0.0,-0.08715574274765832,0.0,0.0,0.0,0.0,0.753589059825337,-0.8660254037844386,0.0,0.0,,True,0.8660254037844386,0.0,0.0,0.0,0.0,0.0,0.3473052528448203,0.0,0.0,0.0,2026-10-06 04:00:00,0.0,2.0,0.0,0.0,0.0,355,12.911837294332724,0.0,0.5000000000000001,0.0,0.0,0.0,0.0,0.0,23.3,Mae Hong Son,0.0,0.0,-1.0,0.0,99,0.3160714285714286,0.0,0.0,0.0,0.0,0.0,0.0,2026.0,0.0,0.0,0.0,0.0
0.0,0.0,0.0,0.0,0.0,0.0,0.984807753012208,0.0,2.9,0.0,0.0,984.3,0.0,0.0,0.0,0.0,0.0,0.25881904510252074,0.9377521321470804,0.0,0.0,-0.1736481776669304,0.0,0.0,0.0,0.0,0.7539803674883206,-0.8660254037844386,0.0,0.0,,True,0.9659258262890683,0.0,0.0,0.0,0.0,0.0,0.3473052528448203,0.0,0.0,0.0,2026-10-06 05:00:00,0.0,3.1,0.0,0.0,0.0,350,12.911837294332724,0.0,0.5000000000000001,0.0,0.0,0.0,0.0,0.0,23.2,Mae Hong Son,0.0,0.0,-1.0,0.0,99,0.31428571428571433,0.0,0.0,0.0,0.0,0.0,0.0,2026.0,0.0,0.0,0.0,0.0
0.0,0.0,0.0,0.0,0.0,0.0,0.9702957262759965,0.0,2.9,0.0,0.0,984.4,0.0,0.0,0.0,0.0,0.0,6.123233995736766e-17,0.9377521321470804,0.0,0.0,-0.24192189559966787,0.0,0.0,0.0,0.0,0.7543176926241993,-0.8660254037844386,0.0,0.0,,True,1.0,0.0,0.0,0.0,0.0,0.0,0.3473052528448203,0.0,0.0,0.0,2026-10-06 06:00:00,0.0,3.7,0.0,0.0,0.0,346,12.911837294332724,-1.0,0.5000000000000001,0.0,0.0,0.0,0.0,0.0,23.3,Mae Hong Son,0.0,0.0,-2.0,0.0,98,0.3130952380952381,0.0,0.0,0.0,0.0,0.0,0.0,2026.0,0.0,0.0,0.0,0.0
0.0,0.0,0.0,0.0,0.0,0.0,0.9563047559630353,0.0,2.9,0.0,0.0,984.4,0.0,0.0,0.0,0.0,0.0,-0.25881904510252063,0.9377521321470804,0.0,0.0,-0.29237170472273716,0.0,0.0,0.0,0.0,0.7545250398192798,-0.8660254037844386,0.0,0.0,,True,0.9659258262890683,0.0,0.0,0.0,0.0,0.0,0.3473052528448203,0.0,0.0,0.0,2026-10-06 07:00:00,0.0,3.8,0.0,0.0,0.0,343,12.911837294332724,0.0,0.5000000000000001,0.0,0.0,0.0,0.0,0.0,23.4,Mae Hong Son,0.0,0.0,-1.0,0.0,98,0.3125,0.0,0.0,0.0,0.0,0.0,0.0,2026.0,0.0,0.0,0.0,0.0
0.0,0.0,0.0,0.0,0.0,0.0,0.8910065241883678,0.0,2.9,1.6,0.0,984.3,0.0,0.0,0.0,0.0,0.0,-0.4999999999999998,0.9377521321470804,0.0,0.0,-0.45399049973954697,0.0,0.0,0.0,0.0,0.7548593053421798,-0.8660254037844386,0.0,0.0,,True,0.8660254037844387,0.0,0.0,0.0,0.0,0.0,0.3473052528448203,0.0,0.0,0.0,2026-10-06 08:00:00,0.0,2.8,0.0,0.0,0.0,333,12.911837294332724,0.0,0.5000000000000001,0.0,0.0,0.0,0.0,0.0,23.6,Mae Hong Son,0.0,0.0,5.0,0.0,98,0.3113095238095238,0.0,0.0,0.0,0.0,0.0,0.0,2026.0,0.9555114450274365,0.0,0.0,0.0
0.0,0.0,0.0,0.0,0.0,0.0,0.40673664307579976,0.0,2.9,1.6,0.0,984.2,0.0,0.0,0.0,0.0,0.0,-0.7071067811865475,0.9377521321470804,0.0,0.0,-0.9135454576426011,0.0,0.0,0.0,0.0,0.7550951269831178,-0.8660254037844386,0.0,0.0,,True,0.7071067811865476,0.0,0.0,0.0,0.0,0.0,0.3473052528448203,0.0,0.0,0.0,2026-10-06 09:00:00,0.0,1.8,0.0,0.0,0.0,294,12.911837294332724,-1.0,0.5000000000000001,0.0,0.0,0.0,0.0,0.0,24.0,Mae Hong Son,0.0,0.0,10.0,0.0,97,0.3083333333333333,0.0,0.0,0.0,0.0,0.0,0.0,2026.0,0.9555114450274365,0.0,0.0,0.0
0.0,0.0,0.0,0.0,0.0,0.0,-0.5877852522924732,0.0,2.9,1.6,0.0,984.0,0.0,0.0,0.0,0.0,0.0,-0.8660254037844387,0.9377521321470804,0.0,0.0,-0.8090169943749473,0.0,0.0,0.0,0.0,0.7522971246248523,-0.8660254037844386,0.0,0.0,,True,0.49999999999999994,0.0,0.0,0.0,0.0,0.0,0.3473052528448203,0.0,0.0,0.0,2026-10-06 10:00:00,0.0,2.4,0.0,0.0,0.0,234,12.911837294332724,-1.0,0.5000000000000001,0.0,0.0,0.0,0.0,0.0,24.5,Mae Hong Son,0.0,0.0,12.0,0.0,96,0.3011904761904762,0.0,0.0,0.0,0.0,0.0,0.0,2026.0,0.9555114450274365,0.0,0.0,0.0
0.0,0.0,0.0,0.0,0.0,0.0,-0.8571673007021123,0.0,2.9,1.6,0.0,983.8,0.0,0.0,0.0,0.0,0.0,-0.9659258262890682,0.9377521321470804,0.0,0.0,-0.5150380749100542,0.0,0.0,0.0,0.0,0.7436427469876866,-0.8660254037844386,0.0,0.0,,True,0.258819045102521,0.0,0.0,0.0,0.0,0.0,0.3473052528448203,0.0,0.0,0.0,2026-10-06 11:00:00,0.0,4.2,0.0,0.0,0.0,211,12.911837294332724,0.0,0.5000000000000001,0.0,0.0,0.0,0.0,0.0,24.9,Mae Hong Son,0.0,0.0,8.0,0.0,96,0.29047619047619044,0.0,0.0,0.0,0.0,0.0,0.0,2026.0,0.9555114450274365,0.0,0.0,0.0
0.0,0.0,0.0,0.0,0.0,0.0,-0.9205048534524404,0.0,2.9,1.6,0.0,983.6,0.0,0.0,0.0,0.0,0.0,-1.0,0.9377521321470804,0.0,0.0,-0.39073112848927355,0.0,0.0,0.0,0.0,0.7306573683398377,-0.8660254037844386,0.0,0.0,,True,1.2246467991473532e-16,0.0,0.0,0.0,0.0,0.0,0.3473052528448203,0.0,0.0,0.0,2026-10-06 12:00:00,0.0,5.9,0.0,0.0,0.0,203,12.911837294332724,-1.0,0.5000000000000001,0.0,0.0,0.0,0.0,0.0,25.3,Mae Hong Son,0.0,0.0,-1.0,0.0,95,0.2779761904761905,0.0,0.0,0.0,0.0,0.0,0.0,2026.0,0.9555114450274365,0.0,0.0,0.0
0.0,0.0,0.0,0.0,0.0,0.0,-0.9396926207859084,0.0,2.9,1.6,0.0,983.6,0.0,0.0,0.0,0.0,0.0,-0.9659258262890683,0.9377521321470804,0.0,0.0,-0.34202014332566866,0.0,0.0,0.0,0.0,0.7156532048675447,-0.8660254037844386,0.0,0.0,,True,-0.2588190451025208,0.0,0.0,0.0,0.0,0.0,0.3473052528448203,0.0,0.0,0.0,2026-10-06 13:00:00,0.0,6.7,0.0,0.0,0.0,200,12.911837294332724,0.0,0.5000000000000001,0.0,0.0,0.0,0.0,0.0,25.5,Mae Hong Son,0.0,0.0,-5.0,0.0,95,0.2648809523809524,0.0,0.0,0.0,0.0,0.0,0.0,2026.0,0.9555114450274365,0.0,0.0,0.0
0.0,0.0,0.0,0.0,0.0,0.0,-0.9455185755993167,0.0,2.9,0.7,0.0,983.6,0.0,0.0,0.0,0.0,0.0,-0.8660254037844388,0.9377521321470804,0.0,0.0,-0.32556815445715676,0.0,0.0,0.0,0.0,0.696590080987165,-0.8660254037844386,0.0,0.0,,True,-0.4999999999999997,0.0,0.0,0.0,0.0,0.0,0.3473052528448203,0.0,0.0,0.0,2026-10-06 14:00:00,0.0,6.7,0.0,0.0,0.0,199,12.911837294332724,0.0,0.5000000000000001,0.0,0.0,0.0,0.0,0.0,25.5,Mae Hong Son,0.0,0.0,1.0,0.0,95,0.2505952380952381,0.0,0.0,0.0,0.0,0.0,0.0,2026.0,0.5306282510621704,0.0,0.0,0.0
0.0,0.0,0.0,0.0,0.0,0.0,-0.9612616959383189,0.0,2.9,0.7,0.0,983.6,0.0,0.0,0.0,0.0,0.0,-0.7071067811865479,0.9377521321470804,0.0,0.0,-0.275637355816999,0.0,0.0,0.0,0.0,0.6819797444807919,-0.8660254037844386,0.0,0.0,,True,-0.7071067811865471,0.0,0.0,0.0,0.0,0.0,0.3473052528448203,0.0,0.0,0.0,2026-10-06 15:00:00,0.0,5.8,0.0,0.0,0.0,196,12.911837294332724,1.0,0.5000000000000001,0.0,0.0,0.0,0.0,0.0,25.4,Mae Hong Son,0.0,0.0,11.0,0.0,96,0.23809523809523808,0.0,0.0,0.0,0.0,0.0,0.0,2026.0,0.5306282510621704,0.0,0.0,0.0
0.0,0.0,0.0,0.0,0.0,0.0,-0.9612616959383189,0.0,2.9,0.7,0.0,983.6,0.0,0.0,0.0,0.0,0.0,-0.5000000000000004,0.9377521321470804,0.0,0.0,-0.275637355816999,0.0,0.0,0.0,0.0,0.6699745210405673,-0.8660254037844386,0.0,0.0,,True,-0.8660254037844384,0.0,0.0,0.0,0.0,0.0,0.3473052528448203,0.0,0.0,0.0,2026-10-06 16:00:00,0.0,4.5,0.0,0.0,0.0,196,12.911837294332724,0.0,0.5000000000000001,0.0,0.0,0.0,0.0,0.0,25.3,Mae Hong Son,0.0,0.0,16.0,0.0,96,0.22678571428571428,0.0,0.0,0.0,0.0,0.0,0.0,2026.0,0.5306282510621704,0.0,0.0,0.0
0.0,0.0,0.0,0.0,0.0,0.0,-0.9743700647852352,0.0,2.9,0.7,0.0,983.7,0.0,0.0,0.0,0.0,0.0,-0.25881904510252063,0.9377521321470804,0.0,0.0,-0.22495105434386498,0.0,0.0,0.0,0.0,0.6629049910891336,-0.8660254037844386,0.0,0.0,,True,-0.9659258262890683,0.0,0.0,0.0,0.0,0.0,0.3473052528448203,0.0,0.0,0.0,2026-10-06 17:00:00,0.0,3.1,0.0,0.0,0.0,193,12.911837294332724,0.0,0.5000000000000001,0.0,0.0,0.0,0.0,0.0,25.1,Mae Hong Son,0.0,0.0,12.0,0.0,96,0.21785714285714286,0.0,0.0,0.0,0.0,0.0,0.0,2026.0,0.5306282510621704,0.0,0.0,0.0
0.0,0.0,0.0,0.0,0.0,0.0,-0.9945218953682733,0.0,2.9,0.7,0.0,983.9,0.0,0.0,0.0,0.0,0.0,-1.8369701987210297e-16,0.9377521321470804,0.0,0.0,-0.1045284632676535,0.0,0.0,0.0,0.0,0.6595837066663891,-0.8660254037844386,0.0,0.0,,True,-1.0,0.0,0.0,0.0,0.0,0.0,0.3473052528448203,0.0,0.0,0.0,2026-10-06 18:00:00,0.0,1.8,0.0,0.0,0.0,186,12.911837294332724,1.0,0.5000000000000001,0.0,0.0,0.0,0.0,0.0,24.8,Mae Hong Son,0.0,0.0,5.0,0.0,97,0.2113095238095238,0.0,0.0,0.0,0.0,0.0,0.0,2026.0,0.5306282510621704,0.0,0.0,0.0
0.0,0.0,0.0,0.0,0.0,0.0,-1.0,0.0,2.9,0.7,0.0,984.0,0.0,0.0,0.0,0.0,0.0,0.2588190451025203,0.9377521321470804,0.0,0.0,1.2246467991473532e-16,0.0,0.0,0.0,0.0,0.6569463021263999,-0.8660254037844386,0.0,0.0,,True,-0.9659258262890684,0.0,0.0,0.0,0.0,0.0,0.3473052528448203,0.0,0.0,0.0,2026-10-06 19:00:00,0.0,1.1,0.0,0.0,0.0,180,12.911837294332724,1.0,0.5000000000000001,0.0,0.0,0.0,0.0,0.0,24.6,Mae Hong Son,0.0,0.0,-1.0,0.0,98,0.20535714285714285,0.0,0.0,0.0,0.0,0.0,0.0,2026.0,0.5306282510621704,0.0,0.0,0.0
0.0,0.0,0.0,0.0,0.0,0.0,-1.0,0.0,2.9,0.0,0.0,984.1,0.0,0.0,0.0,0.0,0.0,0.5000000000000001,0.9377521321470804,0.0,0.0,1.2246467991473532e-16,0.0,0.0,0.0,0.0,0.6281146879547473,-0.8660254037844386,0.0,0.0,,True,-0.8660254037844386,0.0,0.0,0.0,0.0,0.0,0.3473052528448203,0.0,0.0,0.0,2026-10-06 20:00:00,0.0,0.7,0.0,0.0,0.0,180,12.911837294332724,0.0,0.5000000000000001,0.0,0.0,0.0,0.0,0.0,24.4,Mae Hong Son,0.0,0.0,-2.0,0.0,98,0.18928571428571428,0.0,0.0,0.0,0.0,0.0,0.0,2026.0,0.0,0.0,0.0,0.0
0.0,0.0,0.0,0.0,0.0,0.0,-1.0,0.0,2.9,0.0,0.0,984.3,0.0,0.0,0.0,0.0,0.0,0.7071067811865474,0.9377521321470804,0.0,0.0,1.2246467991473532e-16,0.0,0.0,0.0,0.0,0.6086908370818411,-0.8660254037844386,0.0,0.0,,True,-0.7071067811865477,0.0,0.0,0.0,0.0,0.0,0.3473052528448203,0.0,0.0,0.0,2026-10-06 21:00:00,0.0,0.5,0.0,0.0,0.0,180,12.911837294332724,1.0,0.5000000000000001,0.0,0.0,0.0,0.0,0.0,24.1,Mae Hong Son,0.0,0.0,0.0,0.0,99,0.1761904761904762,0.0,0.0,0.0,0.0,0.0,0.0,2026.0,0.0,0.0,0.0,0.0
0.0,0.0,0.0,0.0,0.0,0.0,-0.9510565162951536,0.0,2.9,0.0,0.0,984.6,0.0,0.0,0.0,0.0,0.0,0.8660254037844384,0.9377521321470804,0.0,0.0,-0.3090169943749473,0.0,0.0,0.0,0.0,0.5862194758019592,-0.8660254037844386,0.0,0.0,,True,-0.5000000000000004,0.0,0.0,0.0,0.0,0.0,0.3473052528448203,0.0,0.0,0.0,2026-10-06 22:00:00,0.0,0.6,0.0,0.0,0.0,198,12.911837294332724,0.0,0.5000000000000001,0.0,0.0,0.0,0.0,0.0,23.9,Mae Hong Son,0.0,0.0,1.0,0.0,99,0.1625,0.0,0.0,0.0,0.0,0.0,0.0,2026.0,0.0,0.0,0.0,0.0
0.0,0.0,0.0,0.0,0.0,0.0,-0.7071067811865477,0.0,2.9,0.0,0.0,984.7,0.0,0.0,0.0,0.0,0.0,0.9659258262890681,0.9377521321470804,0.0,0.0,-0.7071067811865475,0.0,0.0,0.0,0.0,0.5551625239554047,-0.8660254037844386,0.0,0.0,,True,-0.25881904510252157,0.0,0.0,0.0,0.0,0.0,0.3473052528448203,0.0,0.0,0.0,2026-10-06 23:00:00,0.0,0.8,0.0,0.0,0.0,225,12.911837294332724,0.0,0.5000000000000001,0.0,0.0,0.0,0.0,0.0,23.6,Mae Hong Son,0.0,0.0,2.0,0.0,99,0.14702380952380953,0.0,0.0,0.0,0.0,0.0,0.0,2026.0,0.0,0.0,0.0,0.0
,,9.5,,,,,,,0.0,,989.2,,,,,,,,,,,,,0.0,,,,,,9.5,False,,,,,,,,,,,2026-09-22 23:00:00,,1.5,,,,353,,,,,,,0.0,,25.3,Nan,,,,0.0,91,,,,,,,,,,,,
,,9.7,,,,,,,0.0,,988.7,,,,,,,,,,,,,0.0,,,,,,9.7,False,,,,,,,,,,,2026-09-23 00:00:00,,1.9,,,,29,,,,,,,0.0,,24.5,Nan,,,,0.0,94,,,,,,,,,,,,
,,9.8,,,,,,,0.0,,988.4,,,,,,,,,,,,,0.0,,,,,,9.8,False,,,,,,,,,,,2026-09-23 01:00:00,,1.9,,,,61,,,,,,,0.0,,24.0,Nan,,,,0.0,98,,,,,,,,,,,,
,,9.9,,,,,,,0.0,,988.1,,,,,,,,,,,,,0.0,,,,,,9.9,False,,,,,,,,,,,2026-09-23 02:00:00,,1.5,,,,30,,,,,,,0.0,,23.5,Nan,,,,0.0,99,,,,,,,,,,,,
,,9.8,,,,,,,0.0,,987.7,,,,,,,,,,,,,0.0,,,,,,9.8,False,,,,,,,,,,,2026-09-23 03:00:00,,3.5,,,,12,,,,,,,0.0,,23.3,Nan,,,,0.0,99,,,,,,,,,,,,
,,9.6,,,,,,,0.0,,987.6,,,,,,,,,,,,,0.0,,,,,,9.6,False,,,,,,,,,,,2026-09-23 04:00:00,,3.1,,,,24,,,,,,,0.0,,23.0,Nan,,,,0.0,98,,,,,,,,,,,,
,,9.4,,,,,,,0.0,,987.4,,,,,,,,,,,,,0.0,,,,,,9.4,False,,,,,,,,,,,2026-09-23 05:00:00,,2.3,,,,29,,,,,,,0.0,,22.7,Nan,,,,0.0,98,,,,,,,,,,,,
,,9.3,,,,,,,0.0,,987.8,,,,,,,,,,,,,0.0,,,,,,9.3,False,,,,,,,,,,,2026-09-23 06:00:00,,0.9,,,,37,,,,,,,0.0,,22.5,Nan,,,,0.0,98,,,,,,,,,,,,
,,0.5,,,,,,,0.0,,988.8,,,,,,,,,,,,,0.0,,,,,,0.5,False,,,,,,,,,,,2026-09-23 07:00:00,,3.2,,,,34,,,,,,,0.0,,23.5,Nan,,,,0.0,95,,,,,,,,,,,,
,,2.2,,,,,,,0.0,,989.9,,,,,,,,,,,,,0.0,,,,,,2.2,False,,,,,,,,,,,2026-09-23 08:00:00,,2.3,,,,356,,,,,,,0.0,,25.4,Nan,,,,0.0,88,,,,,,,,,,,,
,,2.1,,,,,,,0.0,,990.2,,,,,,,,,,,,,0.0,,,,,,2.1,False,,,,,,,,,,,2026-09-23 09:00:00,,2.4,,,,27,,,,,,,0.0,,27.5,Nan,,,,0.0,80,,,,,,,,,,,,
,,1.6,,,,,,,0.0,,990.3,,,,,,,,,,,,,0.0,,,,,,1.6,False,,,,,,,,,,,2026-09-23 10:00:00,,1.9,,,,338,,,,,,,0.0,,29.3,Nan,,,,0.0,73,,,,,,,,,,,,
,,2.0,,,,,,,0.0,,989.9,,,,,,,,,,,,,0.0,,,,,,2.0,False,,,,,,,,,,,2026-09-23 11:00:00,,1.0,,,,45,,,,,,,0.0,,30.5,Nan,,,,0.0,63,,,,,,,,,,,,
,,2.2,,,,,,,0.0,,989.2,,,,,,,,,,,,,0.0,,,,,,2.2,False,,,,,,,,,,,2026-09-23 12:00:00,,1.5,,,,7,,,,,,,0.0,,31.2,Nan,,,,0.0,59,,,,,,,,,,,,
,,2.5,,,,,,,0.1,,988.3,,,,,,,,,,,,,0.0,,,,,,2.5,False,,,,,,,,,,,2026-09-23 13:00:00,,3.3,,,,319,,,,,,,0.0,,31.9,Nan,,,,0.0,55,,,,,,,,,,,,
,,2.6,,,,,,,0.0,,987.0,,,,,,,,,,,,,0.0,,,,,,2.6,False,,,,,,,,,,,2026-09-23 14:00:00,,6.2,,,,350,,,,,,,0.0,,32.0,Nan,,,,0.0,56,,,,,,,,,,,,
,,2.8,,,,,,,0.1,,985.6,,,,,,,,,,,,,0.0,,,,,,2.8,False,,,,,,,,,,,2026-09-23 15:00:00,,7.2,,,,18,,,,,,,0.0,,31.3,Nan,,,,0.0,60,,,,,,,,,,,,
,,2.9,,,,,,,0.0,,985.4,,,,,,,,,,,,,0.0,,,,,,2.9,False,,,,,,,,,,,2026-09-23 16:00:00,,8.6,,,,15,,,,,,,0.0,,30.9,Nan,,,,0.0,61,,,,,,,,,,,,
,,3.2,,,,,,,0.0,,985.1,,,,,,,,,,,,,0.0,,,,,,3.2,False,,,,,,,,,,,2026-09-23 17:00:00,,6.5,,,,24,,,,,,,0.0,,30.4,Nan,,,,0.0,66,,,,,,,,,,,,
,,4.9,,,,,,,0.0,,985.4,,,,,,,,,,,,,0.0,,,,,,4.9,False,,,,,,,,,,,2026-09-23 18:00:00,,2.4,,,,36,,,,,,,0.0,,28.9,Nan,,,,0.0,78,,,,,,,,,,,,
,,12.1,,,,,,,0.0,,985.7,,,,,,,,,,,,,0.0,,,,,,12.1,False,,,,,,,,,,,2026-09-23 19:00:00,,6.0,,,,9,,,,,,,0.0,,27.4,Nan,,,,0.0,73,,,,,,,,,,,,
,,13.8,,,,,,,0.0,,986.7,,,,,,,,,,,,,0.0,,,,,,13.8,False,,,,,,,,,,,2026-09-23 20:00:00,,4.4,,,,12,,,,,,,0.0,,26.6,Nan,,,,0.0,79,,,,,,,,,,,,
,,14.6,,,,,,,0.0,,987.8,,,,,,,,,,,,,0.0,,,,,,14.6,False,,,,,,,,,,,2026-09-23 21:00:00,,0.7,,,,194,,,,,,,0.0,,26.5,Nan,,,,0.0,79,,,,,,,,,,,,
,,15.0,,,,,,,0.0,,988.6,,,,,,,,,,,,,0.0,,,,,,15.0,False,,,,,,,,,,,2026-09-23 22:00:00,,4.0,,,,201,,,,,,,0.0,,26.0,Nan,,,,0.0,83,,,,,,,,,,,,
,,15.0,,,,,,,0.0,,989.0,,,,,,,,,,,,,0.0,,,,,,15.0,False,,,,,,,,,,,2026-09-23 23:00:00,,1.1,,,,162,,,,,,,0.0,,26.1,Nan,,,,0.0,82,,,,,,,,,,,,
,,14.4,,,,,,,0.0,,988.8,,,,,,,,,,,,,0.0,,,,,,14.4,False,,,,,,,,,,,2026-09-24 00:00:00,,2.1,,,,75,,,,,,,0.0,,25.3,Nan,,,,0.0,86,,,,,,,,,,,,
,,13.6,,,,,,,0.0,,988.4,,,,,,,,,,,,,0.0,,,,,,13.6,False,,,,,,,,,,,2026-09-24 01:00:00,,2.5,,,,60,,,,,,,0.0,,24.6,Nan,,,,0.0,90,,,,,,,,,,,,
,,11.6,,,,,,,0.0,,988.0,,,,,,,,,,,,,0.0,,,,,,11.6,False,,,,,,,,,,,2026-09-24 02:00:00,,3.1,,,,45,,,,,,,0.0,,23.9,Nan,,,,0.0,93,,,,,,,,,,,,
,,9.8,,,,,,,0.0,,987.9,,,,,,,,,,,,,0.0,,,,,,9.8,False,,,,,,,,,,,2026-09-24 03:00:00,,2.4,,,,13,,,,,,,0.0,,23.5,Nan,,,,0.0,95,,,,,,,,,,,,
,,8.9,,,,,,,0.0,,987.9,,,,,,,,,,,,,0.0,,,,,,8.9,False,,,,,,,,,,,2026-09-24 04:00:00,,4.3,,,,345,,,,,,,0.0,,23.6,Nan,,,,0.0,93,,,,,,,,,,,,
,,8.0,,,,,,,0.0,,988.1,,,,,,,,,,,,,0.0,,,,,,8.0,False,,,,,,,,,,,2026-09-24 05:00:00,,2.3,,,,23,,,,,,,0.0,,23.7,Nan,,,,0.0,91,,,,,,,,,,,,
,,7.6,,,,,,,0.0,,988.7,,,,,,,,,,,,,0.0,,,,,,7.6,False,,,,,,,,,,,2026-09-24 06:00:00,,1.5,,,,7,,,,,,,0.0,,23.6,Nan,,,,0.0,91,,,,,,,,,,,,
,,5.7,,,,,,,0.0,,989.5,,,,,,,,,,,,,0.0,,,,,,5.7,False,,,,,,,,,,,2026-09-24 07:00:00,,4.2,,,,301,,,,,,,0.0,,23.9,Nan,,,,0.0,91,,,,,,,,,,,,
,,6.9,,,,,,,0.0,,990.0,,,,,,,,,,,,,0.0,,,,,,6.9,False,,,,,,,,,,,2026-09-24 08:00:00,,3.7,,,,29,,,,,,,0.0,,25.7,Nan,,,,0.0,86,,,,,,,,,,,,
,,7.5,,,,,,,0.0,,990.0,,,,,,,,,,,,,0.0,,,,,,7.5,False,,,,,,,,,,,2026-09-24 09:00:00,,3.6,,,,6,,,,,,,0.0,,27.5,Nan,,,,0.0,81,,,,,,,,,,,,
,,7.2,,,,,,,0.0,,989.9,,,,,,,,,,,,,0.0,,,,,,7.2,False,,,,,,,,,,,2026-09-24 10:00:00,,1.4,,,,23,,,,,,,0.0,,29.2,Nan,,,,0.0,75,,,,,,,,,,,,
,,5.9,,,,,,,0.0,,989.0,,,,,,,,,,,,,0.0,,,,,,5.9,False,,,,,,,,,,,2026-09-24 11:00:00,,1.8,,,,336,,,,,,,0.0,,30.6,Nan,,,,0.0,67,,,,,,,,,,,,
,,5.4,,,,,,,0.0,,988.0,,,,,,,,,,,,,0.0,,,,,,5.4,False,,,,,,,,,,,2026-09-24 12:00:00,,1.5,,,,339,,,,,,,0.0,,31.6,Nan,,,,0.0,62,,,,,,,,,,,,
,,4.9,,,,,,,0.6,,987.8,,,,,,,,,,,,,0.0,,,,,,4.9,False,,,,,,,,,,,2026-09-24 13:00:00,,10.1,,,,101,,,,,,,0.0,,28.0,Nan,,,,0.0,87,,,,,,,,,,,,
,,6.1,,,,,,,2.1,,987.0,,,,,,,,,,,,,0.0,,,,,,6.1,False,,,,,,,,,,,2026-09-24 14:00:00,,6.5,,,,219,,,,,,,0.0,,27.3,Nan,,,,0.0,87,,,,,,,,,,,,
,,5.0,,,,,,,0.1,,986.0,,,,,,,,,,,,,0.0,,,,,,5.0,False,,,,,,,,,,,2026-09-24 15:00:00,,3.0,,,,38,,,,,,,0.0,,27.8,Nan,,,,0.0,84,,,,,,,,,,,,
,,5.3,,,,,,,0.0,,985.7,,,,,,,,,,,,,0.0,,,,,,5.3,False,,,,,,,,,,,2026-09-24 16:00:00,,6.1,,,,5,,,,,,,0.0,,28.9,Nan,,,,0.0,77,,,,,,,,,,,,
,,5.4,,,,,,,0.0,,986.0,,,,,,,,,,,,,0.0,,,,,,5.4,False,,,,,,,,,,,2026-09-24 17:00:00,,3.3,,,,351,,,,,,,0.0,,28.3,Nan,,,,0.0,78,,,,,,,,,,,,
,,5.4,,,,,,,0.0,,986.6,,,,,,,,,,,,,0.0,,,,,,5.4,False,,,,,,,,,,,2026-09-24 18:00:00,,1.7,,,,302,,,,,,,0.0,,27.4,Nan,,,,0.0,86,,,,,,,,,,,,
,,11.9,,,,,,,0.0,,987.1,,,,,,,,,,,,,0.0,,,,,,11.9,False,,,,,,,,,,,2026-09-24 19:00:00,,2.3,,,,266,,,,,,,0.0,,25.6,Nan,,,,0.0,93,,,,,,,,,,,,
,,12.5,,,,,,,0.0,,987.5,,,,,,,,,,,,,0.0,,,,,,12.5,False,,,,,,,,,,,2026-09-24 20:00:00,,1.8,,,,336,,,,,,,0.0,,25.3,Nan,,,,0.0,96,,,,,,,,,,,,
,,12.5,,,,,,,0.0,,988.4,,,,,,,,,,,,,0.0,,,,,,12.5,False,,,,,,,,,,,2026-09-24 21:00:00,,0.6,,,,56,,,,,,,0.0,,24.9,Nan,,,,0.0,97,,,,,,,,,,,,
,,13.4,,,,,,,0.0,,989.0,,,,,,,,,,,,,0.0,,,,,,13.4,False,,,,,,,,,,,2026-09-24 22:00:00,,1.2,,,,297,,,,,,,0.0,,25.0,Nan,,,,0.0,98,,,,,,,,,,,,
,,14.1,,,,,,,0.0,,989.3,,,,,,,,,,,,,0.0,,,,,,14.1,False,,,,,,,,,,,2026-09-24 23:00:00,,1.9,,,,338,,,,,,,0.0,,25.0,Nan,,,,0.0,98,,,,,,,,,,,,
,,14.3,,,,,,,0.0,,988.9,,,,,,,,,,,,,0.0,,,,,,14.3,False,,,,,,,,,,,2026-09-25 00:00:00,,2.4,,,,347,,,,,,,0.0,,24.8,Nan,,,,0.0,98,,,,,,,,,,,,
,,16.2,,,,,,,0.0,,988.5,,,,,,,,,,,,,0.0,,,,,,16.2,False,,,,,,,,,,,2026-09-25 01:00:00,,3.8,,,,45,,,,,,,0.0,,24.6,Nan,,,,0.0,97,,,,,,,,,,,,
,,15.1,,,,,,,0.0,,987.8,,,,,,,,,,,,,0.0,,,,,,15.1,False,,,,,,,,,,,2026-09-25 02:00:00,,3.1,,,,357,,,,,,,0.0,,24.3,Nan,,,,0.0,98,,,,,,,,,,,,
,,14.1,,,,,,,0.0,,987.6,,,,,,,,,,,,,0.0,,,,,,14.1,False,,,,,,,,,,,2026-09-25 03:00:00,,3.1,,,,357,,,,,,,0.0,,23.9,Nan,,,,0.0,98,,,,,,,,,,,,
,,13.3,,,,,,,0.0,,987.4,,,,,,,,,,,,,0.0,,,,,,13.3,False,,,,,,,,,,,2026-09-25 04:00:00,,3.4,,,,335,,,,,,,0.0,,23.9,Nan,,,,0.0,97,,,,,,,,,,,,
,,11.4,,,,,,,0.0,,987.8,,,,,,,,,,,,,0.0,,,,,,11.4,False,,,,,,,,,,,2026-09-25 05:00:00,,2.3,,,,328,,,,,,,0.0,,23.5,Nan,,,,0.0,98,,,,,,,,,,,,
,,4.1,,,,,,,0.0,,988.1,,,,,,,,,,,,,0.0,,,,,,4.1,False,,,,,,,,,,,2026-09-25 06:00:00,,1.0,,,,59,,,,,,,0.0,,23.4,Nan,,,,0.0,99,,,,,,,,,,,,
,,1.5,,,,,,,0.0,,989.0,,,,,,,,,,,,,0.0,,,,,,1.5,False,,,,,,,,,,,2026-09-25 07:00:00,,5.2,,,,358,,,,,,,0.0,,25.1,Nan,,,,0.0,93,,,,,,,,,,,,
,,2.6,,,,,,,0.0,,989.7,,,,,,,,,,,,,0.0,,,,,,2.6,False,,,,,,,,,,,2026-09-25 08:00:00,,4.7,,,,360,,,,,,,0.0,,26.4,Nan,,,,0.0,87,,,,,,,,,,,,
,,2.4,,,,,,,0.0,,989.9,,,,,,,,,,,,,0.0,,,,,,2.4,False,,,,,,,,,,,2026-09-25 09:00:00,,6.6,,,,22,,,,,,,0.0,,27.8,Nan,,,,0.0,80,,,,,,,,,,,,
,,2.6,,,,,,,0.0,,989.7,,,,,,,,,,,,,0.0,,,,,,2.6,False,,,,,,,,,,,2026-09-25 10:00:00,,5.4,,,,15,,,,,,,0.0,,29.1,Nan,,,,0.0,74,,,,,,,,,,,,
,,3.0,,,,,,,0.1,,989.1,,,,,,,,,,,,,0.0,,,,,,3.0,False,,,,,,,,,,,2026-09-25 11:00:00,,4.2,,,,5,,,,,,,0.0,,30.1,Nan,,,,0.0,70,,,,,,,,,,,,
,,3.5,,,,,,,0.2,,987.9,,,,,,,,,,,,,0.0,,,,,,3.5,False,,,,,,,,,,,2026-09-25 12:00:00,,4.0,,,,3,,,,,,,0.0,,30.8,Nan,,,,0.0,66,,,,,,,,,,,,
,,3.5,,,,,,,2.7,,987.3,,,,,,,,,,,,,0.0,,,,,,3.5,False,,,,,,,,,,,2026-09-25 13:00:00,,3.9,,,,22,,,,,,,0.0,,31.4,Nan,,,,0.0,61,,,,,,,,,,,,
,,3.6,,,,,,,1.0,,985.5,,,,,,,,,,,,,0.0,,,,,,3.6,False,,,,,,,,,,,2026-09-25 14:00:00,,4.9,,,,33,,,,,,,0.0,,29.8,Nan,,,,0.0,75,,,,,,,,,,,,
,,3.7,,,,,,,0.6,,985.0,,,,,,,,,,,,,0.0,,,,,,3.7,False,,,,,,,,,,,2026-09-25 15:00:00,,4.8,,,,103,,,,,,,0.0,,29.2,Nan,,,,0.0,75,,,,,,,,,,,,
,,3.7,,,,,,,0.1,,984.5,,,,,,,,,,,,,0.0,,,,,,3.7,False,,,,,,,,,,,2026-09-25 16:00:00,,1.6,,,,354,,,,,,,0.0,,29.9,Nan,,,,0.0,70,,,,,,,,,,,,
,,3.9,,,,,,,0.0,,984.5,,,,,,,,,,,,,0.0,,,,,,3.9,False,,,,,,,,,,,2026-09-25 17:00:00,,2.6,,,,304,,,,,,,0.0,,29.6,Nan,,,,0.0,72,,,,,,,,,,,,
,,5.3,,,,,,,0.0,,984.9,,,,,,,,,,,,,0.0,,,,,,5.3,False,,,,,,,,,,,2026-09-25 18:00:00,,0.8,,,,315,,,,,,,0.0,,28.4,Nan,,,,0.0,85,,,,,,,,,,,,
,,10.5,,,,,,,0.0,,985.4,,,,,,,,,,,,,0.0,,,,,,10.5,False,,,,,,,,,,,2026-09-25 19:00:00,,0.9,,,,11,,,,,,,0.0,,26.8,Nan,,,,0.0,93,,,,,,,,,,,,
,,9.9,,,,,,,0.0,,986.2,,,,,,,,,,,,,0.0,,,,,,9.9,False,,,,,,,,,,,2026-09-25 20:00:00,,0.7,,,,76,,,,,,,0.0,,26.4,Nan,,,,0.0,94,,,,,,,,,,,,
,,7.5,,,,,,,0.0,,987.0,,,,,,,,,,,,,0.0,,,,,,7.5,False,,,,,,,,,,,2026-09-25 21:00:00,,0.5,,,,135,,,,,,,0.0,,26.2,Nan,,,,0.0,94,,,,,,,,,,,,
,,6.2,,,,,,,0.0,,987.7,,,,,,,,,,,,,0.0,,,,,,6.2,False,,,,,,,,,,,2026-09-25 22:00:00,,1.5,,,,201,,,,,,,0.0,,25.8,Nan,,,,0.0,95,,,,,,,,,,,,
,,5.8,,,,,,,0.0,,988.1,,,,,,,,,,,,,0.0,,,,,,5.8,False,,,,,,,,,,,2026-09-25 23:00:00,,4.0,,,,180,,,,,,,0.0,,25.3,Nan,,,,0.0,97,,,,,,,,,,,,
,,5.3,,,,,,,0.0,,987.9,,,,,,,,,,,,,0.0,,,,,,5.3,False,,,,,,,,,,,2026-09-26 00:00:00,,2.4,,,,279,,,,,,,0.0,,25.0,Nan,,,,0.0,98,,,,,,,,,,,,
,,5.1,,,,,,,0.1,,987.0,,,,,,,,,,,,,0.0,,,,,,5.1,False,,,,,,,,,,,2026-09-26 01:00:00,,0.4,,,,360,,,,,,,0.0,,25.3,Nan,,,,0.0,98,,,,,,,,,,,,
,,5.2,,,,,,,0.0,,986.5,,,,,,,,,,,,,0.0,,,,,,5.2,False,,,,,,,,,,,2026-09-26 02:00:00,,2.9,,,,349,,,,,,,0.0,,24.6,Nan,,,,0.0,100,,,,,,,,,,,,
,,5.4,,,,,,,0.0,,986.4,,,,,,,,,,,,,0.0,,,,,,5.4,False,,,,,,,,,,,2026-09-26 03:00:00,,3.5,,,,21,,,,,,,0.0,,24.4,Nan,,,,0.0,100,,,,,,,,,,,,
,,5.7,,,,,,,0.0,,986.5,,,,,,,,,,,,,0.0,,,,,,5.7,False,,,,,,,,,,,2026-09-26 04:00:00,,2.6,,,,39,,,,,,,0.0,,24.0,Nan,,,,0.0,100,,,,,,,,,,,,
,,6.1,,,,,,,0.0,,986.8,,,,,,,,,,,,,0.0,,,,,,6.1,False,,,,,,,,,,,2026-09-26 05:00:00,,3.4,,,,6,,,,,,,0.0,,23.6,Nan,,,,0.0,100,,,,,,,,,,,,
,,6.2,,,,,,,0.0,,987.2,,,,,,,,,,,,,0.0,,,,,,6.2,False,,,,,,,,,,,2026-09-26 06:00:00,,5.8,,,,4,,,,,,,0.0,,23.3,Nan,,,,0.0,98,,,,,,,,,,,,
,,1.7,,,,,,,0.0,,987.8,,,,,,,,,,,,,0.0,,,,,,1.7,False,,,,,,,,,,,2026-09-26 07:00:00,,6.1,,,,358,,,,,,,0.0,,24.1,Nan,,,,0.0,96,,,,,,,,,,,,
,,1.6,,,,,,,0.0,,988.7,,,,,,,,,,,,,0.0,,,,,,1.6,False,,,,,,,,,,,2026-09-26 08:00:00,,4.5,,,,37,,,,,,,0.0,,25.6,Nan,,,,0.0,90,,,,,,,,,,,,
,,1.3,,,,,,,0.0,,989.2,,,,,,,,,,,,,0.0,,,,,,1.3,False,,,,,,,,,,,2026-09-26 09:00:00,,4.3,,,,17,,,,,,,0.0,,27.5,Nan,,,,0.0,82,,,,,,,,,,,,
,,1.1,,,,,,,0.0,,988.8,,,,,,,,,,,,,0.0,,,,,,1.1,False,,,,,,,,,,,2026-09-26 10:00:00,,3.7,,,,55,,,,,,,0.0,,29.2,Nan,,,,0.0,73,,,,,,,,,,,,
,,1.0,,,,,,,0.0,,988.2,,,,,,,,,,,,,0.0,,,,,,1.0,False,,,,,,,,,,,2026-09-26 11:00:00,,5.8,,,,106,,,,,,,0.0,,30.5,Nan,,,,0.0,66,,,,,,,,,,,,
,,1.1,,,,,,,0.0,,987.0,,,,,,,,,,,,,0.0,,,,,,1.1,False,,,,,,,,,,,2026-09-26 12:00:00,,5.4,,,,111,,,,,,,0.0,,31.2,Nan,,,,0.0,61,,,,,,,,,,,,
,,1.2,,,,,,,0.0,,986.3,,,,,,,,,,,,,0.0,,,,,,1.2,False,,,,,,,,,,,2026-09-26 13:00:00,,5.9,,,,125,,,,,,,0.0,,31.9,Nan,,,,0.0,56,,,,,,,,,,,,
,,1.4,,,,,,,0.0,,984.3,,,,,,,,,,,,,0.0,,,,,,1.4,False,,,,,,,,,,,2026-09-26 14:00:00,,5.0,,,,136,,,,,,,0.0,,32.1,Nan,,,,0.0,56,,,,,,,,,,,,
,,1.5,,,,,,,0.0,,983.2,,,,,,,,,,,,,0.0,,,,,,1.5,False,,,,,,,,,,,2026-09-26 15:00:00,,7.0,,,,136,,,,,,,0.0,,32.0,Nan,,,,0.0,56,,,,,,,,,,,,
,,1.6,,,,,,,0.1,,983.0,,,,,,,,,,,,,0.0,,,,,,1.6,False,,,,,,,,,,,2026-09-26 16:00:00,,6.0,,,,106,,,,,,,0.0,,31.4,Nan,,,,0.0,58,,,,,,,,,,,,
,,1.8,,,,,,,0.0,,983.6,,,,,,,,,,,,,0.0,,,,,,1.8,False,,,,,,,,,,,2026-09-26 17:00:00,,6.8,,,,130,,,,,,,0.0,,30.6,Nan,,,,0.0,65,,,,,,,,,,,,
,,2.1,,,,,,,0.0,,984.0,,,,,,,,,,,,,0.0,,,,,,2.1,False,,,,,,,,,,,2026-09-26 18:00:00,,8.7,,,,132,,,,,,,0.0,,28.7,Nan,,,,0.0,70,,,,,,,,,,,,
,,9.4,,,,,,,0.0,,984.9,,,,,,,,,,,,,0.0,,,,,,9.4,False,,,,,,,,,,,2026-09-26 19:00:00,,11.5,,,,151,,,,,,,0.0,,27.5,Nan,,,,0.0,74,,,,,,,,,,,,
,,7.0,,,,,,,0.0,,985.9,,,,,,,,,,,,,0.0,,,,,,7.0,False,,,,,,,,,,,2026-09-26 20:00:00,,6.5,,,,161,,,,,,,0.0,,26.7,Nan,,,,0.0,79,,,,,,,,,,,,
,,4.9,,,,,,,0.0,,986.5,,,,,,,,,,,,,0.0,,,,,,4.9,False,,,,,,,,,,,2026-09-26 21:00:00,,4.3,,,,165,,,,,,,0.0,,26.0,Nan,,,,0.0,84,,,,,,,,,,,,
,,3.7,,,,,,,0.0,,987.0,,,,,,,,,,,,,0.0,,,,,,3.7,False,,,,,,,,,,,2026-09-26 22:00:00,,5.9,,,,157,,,,,,,0.0,,25.7,Nan,,,,0.0,85,,,,,,,,,,,,
,,2.7,,,,,,,0.0,,986.9,,,,,,,,,,,,,0.0,,,,,,2.7,False,,,,,,,,,,,2026-09-26 23:00:00,,5.0,,,,154,,,,,,,0.0,,25.3,Nan,,,,0.0,87,,,,,,,,,,,,
,,2.3,,,,,,,0.0,,986.8,,,,,,,,,,,,,0.0,,,,,,2.3,False,,,,,,,,,,,2026-09-27 00:00:00,,3.8,,,,139,,,,,,,0.0,,24.8,Nan,,,,0.0,90,,,,,,,,,,,,
,,2.7,,,,,,,0.0,,986.1,,,,,,,,,,,,,0.0,,,,,,2.7,False,,,,,,,,,,,2026-09-27 01:00:00,,5.2,,,,134,,,,,,,0.0,,25.4,Nan,,,,0.0,86,,,,,,,,,,,,
,,3.9,,,,,,,0.0,,985.8,,,,,,,,,,,,,0.0,,,,,,3.9,False,,,,,,,,,,,2026-09-27 02:00:00,,5.3,,,,128,,,,,,,0.0,,25.0,Nan,,,,0.0,83,,,,,,,,,,,,
,,4.1,,,,,,,0.0,,985.3,,,,,,,,,,,,,0.0,,,,,,4.1,False,,,,,,,,,,,2026-09-27 03:00:00,,4.1,,,,113,,,,,,,0.0,,24.7,Nan,,,,0.0,85,,,,,,,,,,,,
,,3.9,,,,,,,0.0,,985.1,,,,,,,,,,,,,0.0,,,,,,3.9,False,,,,,,,,,,,2026-09-27 04:00:00,,4.7,,,,113,,,,,,,0.0,,24.5,Nan,,,,0.0,84,,,,,,,,,,,,
,,3.8,,,,,,,0.0,,985.3,,,,,,,,,,,,,0.0,,,,,,3.8,False,,,,,,,,,,,2026-09-27 05:00:00,,4.6,,,,101,,,,,,,0.0,,24.3,Nan,,,,0.0,85,,,,,,,,,,,,
,,3.9,,,,,,,0.0,,985.6,,,,,,,,,,,,,0.0,,,,,,3.9,False,,,,,,,,,,,2026-09-27 06:00:00,,1.7,,,,103,,,,,,,0.0,,24.3,Nan,,,,0.0,85,,,,,,,,,,,,
,,3.0,,,,,,,0.0,,986.4,,,,,,,,,,,,,0.0,,,,,,3.0,False,,,,,,,,,,,2026-09-27 07:00:00,,3.3,,,,77,,,,,,,0.0,,25.2,Nan,,,,0.0,84,,,,,,,,,,,,
,,2.9,,,,,,,0.0,,987.2,,,,,,,,,,,,,0.0,,,,,,2.9,False,,,,,,,,,,,2026-09-27 08:00:00,,6.2,,,,98,,,,,,,0.0,,26.7,Nan,,,,0.0,77,,,,,,,,,,,,
,,3.1,,,,,,,0.0,,987.3,,,,,,,,,,,,,0.0,,,,,,3.1,False,,,,,,,,,,,2026-09-27 09:00:00,,8.2,,,,109,,,,,,,0.0,,27.7,Nan,,,,0.0,70,,,,,,,,,,,,
,,3.3,,,,,,,0.0,,987.4,,,,,,,,,,,,,0.0,,,,,,3.3,False,,,,,,,,,,,2026-09-27 10:00:00,,10.2,,,,127,,,,,,,0.0,,28.8,Nan,,,,0.0,66,,,,,,,,,,,,
,,3.3,,,,,,,0.1,,986.8,,,,,,,,,,,,,0.0,,,,,,3.3,False,,,,,,,,,,,2026-09-27 11:00:00,,12.1,,,,133,,,,,,,0.0,,29.9,Nan,,,,0.0,61,,,,,,,,,,,,
,,3.4,,,,,,,0.0,,985.7,,,,,,,,,,,,,0.0,,,,,,3.4,False,,,,,,,,,,,2026-09-27 12:00:00,,12.2,,,,131,,,,,,,0.0,,30.6,Nan,,,,0.0,59,,,,,,,,,,,,
,,3.5,,,,,,,0.0,,984.9,,,,,,,,,,,,,0.0,,,,,,3.5,False,,,,,,,,,,,2026-09-27 13:00:00,,11.3,,,,124,,,,,,,0.0,,31.6,Nan,,,,0.0,55,,,,,,,,,,,,
,,3.3,,,,,,,0.1,,983.2,,,,,,,,,,,,,0.0,,,,,,3.3,False,,,,,,,,,,,2026-09-27 14:00:00,,10.3,,,,128,,,,,,,0.0,,31.7,Nan,,,,0.0,54,,,,,,,,,,,,
,,3.7,,,,,,,0.0,,982.3,,,,,,,,,,,,,0.0,,,,,,3.7,False,,,,,,,,,,,2026-09-27 15:00:00,,11.8,,,,126,,,,,,,0.0,,31.9,Nan,,,,0.0,54,,,,,,,,,,,,
,,3.3,,,,,,,0.0,,982.1,,,,,,,,,,,,,0.0,,,,,,3.3,False,,,,,,,,,,,2026-09-27 16:00:00,,14.0,,,,138,,,,,,,0.0,,31.1,Nan,,,,0.0,57,,,,,,,,,,,,
,,3.4,,,,,,,0.0,,982.8,,,,,,,,,,,,,0.0,,,,,,3.4,False,,,,,,,,,,,2026-09-27 17:00:00,,13.1,,,,157,,,,,,,0.0,,29.6,Nan,,,,0.0,67,,,,,,,,,,,,
,,3.5,,,,,,,0.0,,983.5,,,,,,,,,,,,,0.0,,,,,,3.5,False,,,,,,,,,,,2026-09-27 18:00:00,,15.1,,,,154,,,,,,,0.0,,28.3,Nan,,,,0.0,69,,,,,,,,,,,,
,,6.5,,,,,,,0.3,,984.3,,,,,,,,,,,,,0.0,,,,,,6.5,False,,,,,,,,,,,2026-09-27 19:00:00,,12.2,,,,156,,,,,,,0.0,,26.6,Nan,,,,0.0,80,,,,,,,,,,,,
,,6.8,,,,,,,0.8,,985.1,,,,,,,,,,,,,0.0,,,,,,6.8,False,,,,,,,,,,,2026-09-27 20:00:00,,7.6,,,,165,,,,,,,0.0,,25.2,Nan,,,,0.0,90,,,,,,,,,,,,
,,6.9,,,,,,,0.2,,985.9,,,,,,,,,,,,,0.0,,,,,,6.9,False,,,,,,,,,,,2026-09-27 21:00:00,,4.4,,,,159,,,,,,,0.0,,25.0,Nan,,,,0.0,93,,,,,,,,,,,,
,,6.9,,,,,,,0.0,,986.2,,,,,,,,,,,,,0.0,,,,,,6.9,False,,,,,,,,,,,2026-09-27 22:00:00,,3.5,,,,189,,,,,,,0.0,,24.9,Nan,,,,0.0,95,,,,,,,,,,,,
,,6.8,,,,,,,0.0,,986.1,,,,,,,,,,,,,0.0,,,,,,6.8,False,,,,,,,,,,,2026-09-27 23:00:00,,3.3,,,,193,,,,,,,0.0,,24.8,Nan,,,,0.0,96,,,,,,,,,,,,
,,6.3,,,,,,,0.0,,985.9,,,,,,,,,,,,,0.0,,,,,,6.3,False,,,,,,,,,,,2026-09-28 00:00:00,,3.7,,,,191,,,,,,,0.0,,24.4,Nan,,,,0.0,97,,,,,,,,,,,,
,,5.3,,,,,,,0.0,,985.7,,,,,,,,,,,,,0.0,,,,,,5.3,False,,,,,,,,,,,2026-09-28 01:00:00,,2.3,,,,162,,,,,,,0.0,,24.5,Nan,,,,0.0,99,,,,,,,,,,,,
,,4.2,,,,,,,0.0,,985.3,,,,,,,,,,,,,0.0,,,,,,4.2,False,,,,,,,,,,,2026-09-28 02:00:00,,0.6,,,,198,,,,,,,0.0,,24.4,Nan,,,,0.0,98,,,,,,,,,,,,
,,3.0,,,,,,,0.0,,985.2,,,,,,,,,,,,,0.0,,,,,,3.0,False,,,,,,,,,,,2026-09-28 03:00:00,,0.0,,,,270,,,,,,,0.0,,24.2,Nan,,,,0.0,99,,,,,,,,,,,,
,,2.5,,,,,,,0.0,,985.0,,,,,,,,,,,,,0.0,,,,,,2.5,False,,,,,,,,,,,2026-09-28 04:00:00,,0.4,,,,27,,,,,,,0.0,,24.0,Nan,,,,0.0,99,,,,,,,,,,,,
,,2.2,,,,,,,0.1,,985.4,,,,,,,,,,,,,0.0,,,,,,2.2,False,,,,,,,,,,,2026-09-28 05:00:00,,2.4,,,,189,,,,,,,0.0,,24.0,Nan,,,,0.0,100,,,,,,,,,,,,
,,1.7,,,,,,,0.0,,985.9,,,,,,,,,,,,,0.0,,,,,,1.7,False,,,,,,,,,,,2026-09-28 06:00:00,,2.2,,,,215,,,,,,,0.0,,23.8,Nan,,,,0.0,99,,,,,,,,,,,,
,,0.1,,,,,,,0.0,,986.9,,,,,,,,,,,,,0.0,,,,,,0.1,False,,,,,,,,,,,2026-09-28 07:00:00,,1.8,,,,246,,,,,,,0.0,,24.1,Nan,,,,0.0,99,,,,,,,,,,,,
,,0.4,,,,,,,0.0,,987.5,,,,,,,,,,,,,0.0,,,,,,0.4,False,,,,,,,,,,,2026-09-28 08:00:00,,1.4,,,,360,,,,,,,0.0,,25.3,Nan,,,,0.0,95,,,,,,,,,,,,
,,0.6,,,,,,,0.0,,988.0,,,,,,,,,,,,,0.0,,,,,,0.6,False,,,,,,,,,,,2026-09-28 09:00:00,,2.8,,,,50,,,,,,,0.0,,26.9,Nan,,,,0.0,82,,,,,,,,,,,,
,,0.6,,,,,,,0.1,,988.1,,,,,,,,,,,,,0.0,,,,,,0.6,False,,,,,,,,,,,2026-09-28 10:00:00,,7.5,,,,117,,,,,,,0.0,,28.2,Nan,,,,0.0,75,,,,,,,,,,,,
,,0.6,,,,,,,0.1,,988.2,,,,,,,,,,,,,0.0,,,,,,0.6,False,,,,,,,,,,,2026-09-28 11:00:00,,11.7,,,,144,,,,,,,0.0,,28.8,Nan,,,,0.0,72,,,,,,,,,,,,
,,0.7,,,,,,,1.4,,987.8,,,,,,,,,,,,,0.0,,,,,,0.7,False,,,,,,,,,,,2026-09-28 12:00:00,,9.3,,,,158,,,,,,,0.0,,26.8,Nan,,,,0.0,84,,,,,,,,,,,,
,,0.8,,,,,,,0.8,,987.6,,,,,,,,,,,,,0.0,,,,,,0.8,False,,,,,,,,,,,2026-09-28 13:00:00,,9.6,,,,142,,,,,,,0.0,,27.3,Nan,,,,0.0,79,,,,,,,,,,,,
,,1.1,,,,,,,1.3,,987.0,,,,,,,,,,,,,0.0,,,,,,1.1,False,,,,,,,,,,,2026-09-28 14:00:00,,7.5,,,,150,,,,,,,0.0,,26.7,Nan,,,,0.0,84,,,,,,,,,,,,
,,1.2,,,,,,,0.8,,986.9,,,,,,,,,,,,,0.0,,,,,,1.2,False,,,,,,,,,,,2026-09-28 15:00:00,,8.7,,,,176,,,,,,,0.0,,26.0,Nan,,,,0.0,91,,,,,,,,,,,,
,,1.3,,,,,,,0.6,,986.8,,,,,,,,,,,,,0.0,,,,,,1.3,False,,,,,,,,,,,2026-09-28 16:00:00,,5.6,,,,176,,,,,,,0.0,,25.6,Nan,,,,0.0,93,,,,,,,,,,,,
,,1.4,,,,,,,0.4,,986.7,,,,,,,,,,,,,0.0,,,,,,1.4,False,,,,,,,,,,,2026-09-28 17:00:00,,4.8,,,,205,,,,,,,0.0,,25.5,Nan,,,,0.0,90,,,,,,,,,,,,
,,1.8,,,,,,,0.5,,987.0,,,,,,,,,,,,,0.0,,,,,,1.8,False,,,,,,,,,,,2026-09-28 18:00:00,,3.1,,,,201,,,,,,,0.0,,24.8,Nan,,,,0.0,96,,,,,,,,,,,,
,,7.4,,,,,,,0.3,,987.3,,,,,,,,,,,,,0.0,,,,,,7.4,False,,,,,,,,,,,2026-09-28 19:00:00,,4.2,,,,18,,,,,,,0.0,,24.3,Nan,,,,0.0,98,,,,,,,,,,,,
,,7.0,,,,,,,0.0,,988.2,,,,,,,,,,,,,0.0,,,,,,7.0,False,,,,,,,,,,,2026-09-28 20:00:00,,1.8,,,,360,,,,,,,0.0,,24.3,Nan,,,,0.0,97,,,,,,,,,,,,
,,7.0,,,,,,,0.0,,989.1,,,,,,,,,,,,,0.0,,,,,,7.0,False,,,,,,,,,,,2026-09-28 21:00:00,,0.8,,,,225,,,,,,,0.0,,24.7,Nan,,,,0.0,91,,,,,,,,,,,,
,,6.8,,,,,,,0.0,,989.9,,,,,,,,,,,,,0.0,,,,,,6.8,False,,,,,,,,,,,2026-09-28 22:00:00,,3.6,,,,153,,,,,,,0.0,,24.6,Nan,,,,0.0,92,,,,,,,,,,,,
,,6.0,,,,,,,0.0,,990.5,,,,,,,,,,,,,0.0,,,,,,6.0,False,,,,,,,,,,,2026-09-28 23:00:00,,3.6,,,,139,,,,,,,0.0,,24.5,Nan,,,,0.0,93,,,,,,,,,,,,
,,5.3,,,,,,,0.0,,990.4,,,,,,,,,,,,,0.0,,,,,,5.3,False,,,,,,,,,,,2026-09-29 00:00:00,,3.0,,,,142,,,,,,,0.0,,24.5,Nan,,,,0.0,94,,,,,,,,,,,,
,,4.7,,,,,,,0.0,,990.0,,,,,,,,,,,,,0.0,,,,,,4.7,False,,,,,,,,,,,2026-09-29 01:00:00,,1.6,,,,63,,,,,,,0.0,,24.9,Nan,,,,0.0,91,,,,,,,,,,,,
,,4.1,,,,,,,0.0,,989.6,,,,,,,,,,,,,0.0,,,,,,4.1,False,,,,,,,,,,,2026-09-29 02:00:00,,0.6,,,,56,,,,,,,0.0,,24.6,Nan,,,,0.0,88,,,,,,,,,,,,
,,3.5,,,,,,,0.0,,989.3,,,,,,,,,,,,,0.0,,,,,,3.5,False,,,,,,,,,,,2026-09-29 03:00:00,,0.4,,,,63,,,,,,,0.0,,24.4,Nan,,,,0.0,89,,,,,,,,,,,,
,,3.1,,,,,,,0.0,,989.0,,,,,,,,,,,,,0.0,,,,,,3.1,False,,,,,,,,,,,2026-09-29 04:00:00,,0.8,,,,135,,,,,,,0.0,,24.1,Nan,,,,0.0,91,,,,,,,,,,,,
,,2.9,,,,,,,0.0,,989.2,,,,,,,,,,,,,0.0,,,,,,2.9,False,,,,,,,,,,,2026-09-29 05:00:00,,1.8,,,,156,,,,,,,0.0,,23.8,Nan,,,,0.0,94,,,,,,,,,,,,
,,2.7,,,,,,,0.0,,989.4,,,,,,,,,,,,,0.0,,,,,,2.7,False,,,,,,,,,,,2026-09-29 06:00:00,,1.5,,,,166,,,,,,,0.0,,23.5,Nan,,,,0.0,96,,,,,,,,,,,,
,,0.9,,,,,,,0.0,,990.2,,,,,,,,,,,,,0.0,,,,,,0.9,False,,,,,,,,,,,2026-09-29 07:00:00,,1.6,,,,174,,,,,,,0.0,,24.1,Nan,,,,0.0,98,,,,,,,,,,,,
,,1.8,,,,,,,0.0,,990.9,,,,,,,,,,,,,0.0,,,,,,1.8,False,,,,,,,,,,,2026-09-29 08:00:00,,1.7,,,,238,,,,,,,0.0,,25.1,Nan,,,,0.0,96,,,,,,,,,,,,
,,2.5,,,,,,,0.0,,991.6,,,,,,,,,,,,,0.0,,,,,,2.5,False,,,,,,,,,,,2026-09-29 09:00:00,,4.0,,,,190,,,,,,,0.0,,26.7,Nan,,,,0.0,86,,,,,,,,,,,,
,,3.6,,,,,,,0.2,,991.4,,,,,,,,,,,,,0.0,,,,,,3.6,False,,,,,,,,,,,2026-09-29 10:00:00,,10.3,,,,164,,,,,,,0.0,,28.3,Nan,,,,0.0,72,,,,,,,,,,,,
,,4.6,,,,,,,0.1,,991.2,,,,,,,,,,,,,0.0,,,,,,4.6,False,,,,,,,,,,,2026-09-29 11:00:00,,13.2,,,,174,,,,,,,0.0,,29.6,Nan,,,,0.0,60,,,,,,,,,,,,
,,4.9,,,,,,,0.0,,990.2,,,,,,,,,,,,,0.0,,,,,,4.9,False,,,,,,,,,,,2026-09-29 12:00:00,,12.8,,,,185,,,,,,,0.0,,30.5,Nan,,,,0.0,56,,,,,,,,,,,,
,,5.1,,,,,,,0.0,,990.0,,,,,,,,,,,,,0.0,,,,,,5.1,False,,,,,,,,,,,2026-09-29 13:00:00,,11.0,,,,185,,,,,,,0.0,,31.0,Nan,,,,0.0,54,,,,,,,,,,,,
,,5.3,,,,,,,0.0,,988.4,,,,,,,,,,,,,0.0,,,,,,5.3,False,,,,,,,,,,,2026-09-29 14:00:00,,11.0,,,,175,,,,,,,0.0,,31.2,Nan,,,,0.0,54,,,,,,,,,,,,
,,5.5,,,,,,,0.0,,987.7,,,,,,,,,,,,,0.0,,,,,,5.5,False,,,,,,,,,,,2026-09-29 15:00:00,,12.3,,,,188,,,,,,,0.0,,31.1,Nan,,,,0.0,54,,,,,,,,,,,,
,,5.5,,,,,,,0.0,,987.3,,,,,,,,,,,,,0.0,,,,,,5.5,False,,,,,,,,,,,2026-09-29 16:00:00,,13.3,,,,196,,,,,,,0.0,,30.4,Nan,,,,0.0,58,,,,,,,,,,,,
,,5.9,,,,,,,0.0,,987.2,,,,,,,,,,,,,0.0,,,,,,5.9,False,,,,,,,,,,,2026-09-29 17:00:00,,9.3,,,,198,,,,,,,0.0,,29.3,Nan,,,,0.0,68,,,,,,,,,,,,
,,7.1,,,,,,,0.0,,987.6,,,,,,,,,,,,,0.0,,,,,,7.1,False,,,,,,,,,,,2026-09-29 18:00:00,,8.0,,,,207,,,,,,,0.0,,27.5,Nan,,,,0.0,74,,,,,,,,,,,,
,,9.7,,,,,,,0.0,,987.7,,,,,,,,,,,,,0.0,,,,,,9.7,False,,,,,,,,,,,2026-09-29 19:00:00,,7.7,,,,189,,,,,,,0.0,,27.5,Nan,,,,0.0,72,,,,,,,,,,,,
,,10.0,,,,,,,0.0,,988.3,,,,,,,,,,,,,0.0,,,,,,10.0,False,,,,,,,,,,,2026-09-29 20:00:00,,6.3,,,,193,,,,,,,0.0,,27.0,Nan,,,,0.0,73,,,,,,,,,,,,
,,10.2,,,,,,,0.0,,989.3,,,,,,,,,,,,,0.0,,,,,,10.2,False,,,,,,,,,,,2026-09-29 21:00:00,,4.5,,,,185,,,,,,,0.0,,26.2,Nan,,,,0.0,79,,,,,,,,,,,,
,,10.8,,,,,,,0.0,,990.1,,,,,,,,,,,,,0.0,,,,,,10.8,False,,,,,,,,,,,2026-09-29 22:00:00,,4.1,,,,157,,,,,,,0.0,,25.8,Nan,,,,0.0,82,,,,,,,,,,,,
,,11.1,,,,,,,0.0,,990.5,,,,,,,,,,,,,0.0,,,,,,11.1,False,,,,,,,,,,,2026-09-29 23:00:00,,4.0,,,,175,,,,,,,0.0,,25.3,Nan,,,,0.0,85,,,,,,,,,,,,
,,11.2,,,,,,,0.0,,990.4,,,,,,,,,,,,,0.0,,,,,,11.2,False,,,,,,,,,,,2026-09-30 00:00:00,,3.4,,,,186,,,,,,,0.0,,25.1,Nan,,,,0.0,88,,,,,,,,,,,,
,,11.8,,,,,,,0.0,,990.1,,,,,,,,,,,,,0.0,,,,,,11.8,False,,,,,,,,,,,2026-09-30 01:00:00,,2.0,,,,190,,,,,,,0.0,,25.1,Nan,,,,0.0,90,,,,,,,,,,,,
,,11.7,,,,,,,0.0,,989.6,,,,,,,,,,,,,0.0,,,,,,11.7,False,,,,,,,,,,,2026-09-30 02:00:00,,3.0,,,,155,,,,,,,0.0,,24.6,Nan,,,,0.0,93,,,,,,,,,,,,
,,11.8,,,,,,,0.2,,989.3,,,,,,,,,,,,,0.0,,,,,,11.8,False,,,,,,,,,,,2026-09-30 03:00:00,,2.9,,,,191,,,,,,,0.0,,24.3,Nan,,,,0.0,93,,,,,,,,,,,,
,,12.0,,,,,,,0.5,,989.5,,,,,,,,,,,,,0.0,,,,,,12.0,False,,,,,,,,,,,2026-09-30 04:00:00,,3.1,,,,242,,,,,,,0.0,,24.0,Nan,,,,0.0,96,,,,,,,,,,,,
,,12.0,,,,,,,0.0,,989.5,,,,,,,,,,,,,0.0,,,,,,12.0,False,,,,,,,,,,,2026-09-30 05:00:00,,0.6,,,,252,,,,,,,0.0,,24.1,Nan,,,,0.0,95,,,,,,,,,,,,
,,12.1,,,,,,,0.7,,990.0,,,,,,,,,,,,,0.0,,,,,,12.1,False,,,,,,,,,,,2026-09-30 06:00:00,,0.2,,,,90,,,,,,,0.0,,23.6,Nan,,,,0.0,97,,,,,,,,,,,,
,,13.0,,,,,,,0.1,,990.9,,,,,,,,,,,,,0.0,,,,,,13.0,False,,,,,,,,,,,2026-09-30 07:00:00,,6.1,,,,62,,,,,,,0.0,,23.4,Nan,,,,0.0,98,,,,,,,,,,,,
,,11.1,,,,,,,0.5,,991.6,,,,,,,,,,,,,0.0,,,,,,11.1,False,,,,,,,,,,,2026-09-30 08:00:00,,5.1,,,,84,,,,,,,0.0,,23.8,Nan,,,,0.0,96,,,,,,,,,,,,
,,8.8,,,,,,,0.1,,992.4,,,,,,,,,,,,,0.0,,,,,,8.8,False,,,,,,,,,,,2026-09-30 09:00:00,,3.3,,,,119,,,,,,,0.0,,25.2,Nan,,,,0.0,89,,,,,,,,,,,,
,,7.5,,,,,,,0.1,,992.5,,,,,,,,,,,,,0.0,,,,,,7.5,False,,,,,,,,,,,2026-09-30 10:00:00,,2.3,,,,129,,,,,,,0.0,,26.8,Nan,,,,0.0,85,,,,,,,,,,,,
11.174999999999999,9.133333333333333,0.0,0.0,10.75,13.0,-0.9902680687415704,9.112499999999999,16.2,0.1,0.0,992.1,0.0,0.0,3.3,3.9,0.0,-0.9659258262890682,-0.20129852008866114,0.0,0.0,0.13917310096006533,13.0,-1.3000000000000007,0.0,0.0,4.021649885364652,-1.0,0.6,1.9551214796017151,,True,0.258819045102521,12.0,11.1,0.0,0.0,0.0,0.9795299412524943,4.6,0.0,0.0,2026-09-30 11:00:00,0.0,2.5,0.0,8.8,0.0,172,18.212416209628277,-6.0,-1.8369701987210297e-16,1.4884742374510735,1.4652218262092602,11.1,0.0,2.8224269255376657,28.3,Nan,7.5,3.876961309202809,19.0,0.0,79,5.811904761904763,11.1,0.0,0.0,0.0,0.0,6.185416666666668,2026.0,0.09531017980432487,13.0,0.0,13.0
10.249999999999998,5.433333333333334,0.0,0.0,8.75,13.0,-0.9975640502598242,8.920833333333333,16.2,0.2,0.0,990.8,0.0,0.0,3.4,-4.6,0.0,-1.0,-0.20129852008866114,0.0,0.0,-0.06975647374412527,13.0,-7.5,0.0,0.0,4.035851240828289,-1.0,0.7,4.338490520907013,,True,1.2246467991473532e-16,12.1,8.8,0.0,0.0,0.0,0.9795299412524943,4.9,0.0,0.0,2026-09-30 12:00:00,0.0,5.1,0.0,7.5,0.0,184,18.212416209628277,-3.0,-1.8369701987210297e-16,3.8784303812524756,3.4201608149325375,11.2,0.0,3.246662281824554,28.9,Nan,0.0,3.8958706549014464,20.0,0.0,76,5.8,8.8,0.0,0.0,0.0,0.0,6.172916666666667,2026.0,0.18232155679395462,13.0,0.0,13.0
9.316666666666666,2.5,0.0,0.0,6.733333333333334,13.0,-0.9961946980917455,8.716666666666667,16.2,0.2,0.0,989.6,0.0,0.0,3.5,-4.9,0.0,-0.9659258262890683,-0.20129852008866114,0.0,0.0,0.0871557427476582,13.0,0.0,0.0,0.0,4.051051590751432,-1.0,0.8,5.064144108885089,,True,-0.2588190451025208,13.0,7.5,0.0,0.0,0.0,0.9795299412524943,5.1,0.0,0.0,2026-09-30 13:00:00,0.0,5.8,0.0,0.0,0.0,175,18.212416209628277,-5.0,-1.8369701987210297e-16,3.5355339059327378,4.416603773137102,11.8,0.0,3.6251053624534677,29.5,Nan,0.0,3.91757968081768,17.0,0.0,71,5.786904761904762,7.5,0.0,0.0,0.0,0.0,6.158333333333334,2026.0,0.18232155679395462,13.0,0.0,13.0
8.333333333333334,0.0,0.0,0.0,4.566666666666666,11.1,-0.9925461516413221,8.504166666666666,16.2,0.0,0.0,988.5,0.0,0.0,3.3,-5.1,0.0,-0.8660254037844388,-0.20129852008866114,0.0,0.0,-0.12186934340514731,13.0,0.0,0.0,0.0,4.067655894446282,-1.0,1.1,4.6863869048790905,,True,-0.4999999999999997,11.1,0.0,0.0,0.0,0.0,0.9795299412524943,5.3,0.0,0.0,2026-09-30 14:00:00,0.0,5.8,0.0,0.0,0.0,187,18.212416209628277,-5.0,-1.8369701987210297e-16,0.0,5.0258222102347485,11.7,0.0,3.9644754977452217,30.4,Nan,0.0,3.941966161983411,12.0,0.0,66,5.77202380952381,0.0,0.0,0.0,0.0,0.0,6.141666666666667,2026.0,0.0,13.0,0.0,13.0
7.358333333333334,0.0,0.0,0.0,2.716666666666667,8.8,-0.9335804264972017,8.283333333333333,16.2,0.0,0.0,987.2,0.0,0.0,3.7,-5.3,0.0,-0.7071067811865479,-0.20129852008866114,0.0,0.0,-0.35836794954530043,13.0,0.0,0.0,0.0,4.084605825258103,-1.0,1.2,3.8602317144037985,,True,-0.7071067811865471,8.8,0.0,0.0,0.0,0.0,0.9795299412524943,5.5,0.0,0.0,2026-09-30 15:00:00,0.0,5.6,0.0,0.0,0.0,201,18.212416209628277,-1.0,-1.8369701987210297e-16,0.0,5.3991447367975685,11.8,0.0,4.272457008430734,30.4,Nan,0.0,3.9742743703515657,11.0,0.0,65,5.75654761904762,0.0,0.0,0.0,0.0,0.0,6.118750000000001,2026.0,0.0,13.0,0.0,13.0
6.375,0.0,0.0,0.0,1.25,7.5,-0.981627183447664,8.054166666666667,16.2,0.0,0.0,986.8,0.0,0.0,3.3,-5.5,0.0,-0.5000000000000004,-0.20129852008866114,0.0,0.0,-0.19080899537654472,13.0,0.0,0.0,0.0,4.102309742562463,-1.0,1.3,2.7950849718747373,,True,-0.8660254037844384,7.5,0.0,0.0,0.0,0.0,0.9795299412524943,5.5,0.0,0.0,2026-09-30 16:00:00,0.0,4.6,0.0,0.0,0.0,191,18.212416209628277,2.0,-1.8369701987210297e-16,0.0,5.572420928106562,12.0,0.0,4.553842623421333,30.1,Nan,0.0,4.008761563230387,9.0,0.0,67,5.739880952380953,0.0,0.0,0.0,0.0,0.0,6.09375,2026.0,0.0,13.0,0.0,13.0
5.375,0.0,0.0,0.0,0.0,0.0,-0.9993908270190958,7.825,16.2,0.0,0.0,986.5,0.0,0.0,3.4,-5.5,0.0,-0.25881904510252063,-0.20129852008866114,0.0,0.0,0.03489949670250114,13.0,0.0,0.0,0.0,4.120285218701093,-1.0,1.4,0.0,,True,-0.9659258262890683,0.0,0.0,0.0,0.0,0.0,0.9795299412524943,5.9,0.0,0.0,2026-09-30 17:00:00,0.0,5.6,0.0,0.0,0.0,178,18.212416209628277,3.0,-1.8369701987210297e-16,0.0,5.549943693408069,12.0,0.0,4.807914482045897,29.5,Nan,0.0,4.0452818882687955,2.0,0.0,70,5.722619047619048,0.0,0.0,0.0,0.0,0.0,6.066666666666667,2026.0,0.0,13.0,0.0,13.0
4.375,0.0,0.0,0.0,0.0,0.0,-0.9993908270190958,7.579166666666667,16.2,0.1,0.0,986.7,0.0,0.0,3.5,-5.9,0.0,-1.8369701987210297e-16,-0.20129852008866114,0.0,0.0,-0.0348994967025009,13.0,0.0,0.0,0.0,4.13925592659482,-1.0,1.8,0.0,,True,-1.0,0.0,0.0,0.0,0.0,0.0,0.9795299412524943,7.1,0.0,0.0,2026-09-30 18:00:00,0.0,4.9,0.0,0.0,0.0,182,18.212416209628277,13.0,-1.8369701987210297e-16,0.0,5.343395456074723,12.1,0.0,5.045045355483823,27.6,Nan,0.0,4.083688334908366,9.0,0.0,83,5.703571428571429,0.0,0.0,0.0,0.0,0.0,6.0375000000000005,2026.0,0.09531017980432487,13.0,0.0,13.0
3.366666666666667,0.0,0.0,0.0,0.0,0.0,-0.9781476007338056,7.283333333333332,16.2,0.0,0.0,987.6,0.0,0.0,6.5,-7.1,0.0,0.2588190451025203,-0.20129852008866114,0.0,0.0,-0.2079116908177595,13.0,0.0,0.0,0.0,4.162016410115722,-1.0,7.4,0.0,,True,-0.9659258262890684,0.0,0.0,0.0,0.0,0.0,0.9795299412524943,9.7,0.0,0.0,2026-09-30 19:00:00,0.0,5.9,0.0,0.0,0.0,192,18.212416209628277,6.0,-1.8369701987210297e-16,0.0,4.9149997174183255,13.0,0.0,5.267721413371144,26.5,Nan,0.0,4.130425724627749,17.0,0.0,89,5.674404761904762,0.0,0.0,0.0,0.0,0.0,6.0,2026.0,0.0,13.0,0.0,13.0
2.283333333333333,0.0,0.0,0.0,0.0,0.0,-0.9975640502598242,6.879166666666667,16.2,0.0,0.0,989.1,0.0,0.0,6.8,-9.7,0.0,0.5000000000000001,-0.20129852008866114,0.0,0.0,-0.06975647374412527,13.0,0.0,0.0,0.0,4.154887431587166,-1.0,7.0,0.0,,True,-0.8660254037844386,0.0,0.0,0.0,0.0,0.0,0.9795299412524943,10.0,0.0,0.0,2026-09-30 20:00:00,0.0,5.8,0.0,0.0,0.0,184,18.212416209628277,2.0,-1.8369701987210297e-16,0.0,4.024266668875488,11.1,0.0,5.436219517172654,25.9,Nan,0.0,4.2125783045804885,18.0,0.0,91,5.602380952380953,0.0,0.0,0.0,0.0,0.0,5.845833333333334,2026.0,0.0,11.1,0.0,13.0
1.3583333333333334,0.0,0.0,0.0,0.0,0.0,-0.981627183447664,6.4624999999999995,16.2,0.0,0.0,990.4,0.0,0.0,6.9,-10.0,0.0,0.7071067811865474,-0.20129852008866114,0.0,0.0,0.19080899537654497,13.0,0.0,0.0,0.0,4.128336450444968,-1.0,7.0,0.0,,True,-0.7071067811865477,0.0,0.0,0.0,0.0,0.0,0.9795299412524943,10.2,0.0,0.0,2026-09-30 21:00:00,0.0,4.8,0.0,0.0,0.0,169,18.212416209628277,1.0,-1.8369701987210297e-16,0.0,3.048895519510121,8.8,0.0,5.562808980182584,25.7,Nan,0.0,4.290541923813355,13.0,0.0,92,5.520238095238096,0.0,0.0,0.0,0.0,0.0,5.7,2026.0,0.0,8.8,0.0,13.0
0.625,0.0,0.0,0.0,0.0,0.0,-0.9975640502598242,6.0375000000000005,16.2,0.0,0.0,991.4,0.0,0.0,6.9,-10.2,0.0,0.8660254037844384,-0.20129852008866114,0.0,0.0,0.06975647374412552,13.0,0.0,0.0,0.0,4.089776258094059,-1.0,6.8,0.0,,True,-0.5000000000000004,0.0,0.0,0.0,0.0,0.0,0.9795299412524943,10.8,0.0,0.0,2026-09-30 22:00:00,0.0,5.6,0.0,0.0,0.0,176,18.212416209628277,1.0,-1.8369701987210297e-16,0.0,2.072890493972125,7.5,0.0,5.649986172549451,25.5,Nan,0.0,4.362241316749402,11.0,0.0,93,5.433333333333334,0.0,0.0,0.0,0.0,0.0,5.554166666666667,2026.0,0.0,7.5,0.0,13.0
0.0,0.0,0.0,0.0,0.0,0.0,-0.9876883405951377,5.5874999999999995,16.2,0.0,0.0,991.2,0.0,0.0,6.8,-10.8,0.0,0.9659258262890681,-0.20129852008866114,0.0,0.0,0.15643446504023098,13.0,0.0,0.0,0.0,4.0434206166866575,-1.0,6.0,0.0,,True,-0.25881904510252157,0.0,0.0,0.0,0.0,0.0,0.9795299412524943,11.1,0.0,0.0,2026-09-30 23:00:00,0.0,5.5,0.0,0.0,0.0,171,18.212416209628277,0.0,-1.8369701987210297e-16,0.0,0.0,0.0,0.0,5.682745265274523,25.2,Nan,0.0,4.429382246243073,8.0,0.0,93,5.344047619047619,0.0,0.0,0.0,0.0,0.0,5.4125000000000005,2026.0,0.0,0.0,0.0,13.0
0.0,0.0,0.0,0.0,0.0,0.0,-0.39073112848927377,5.125,16.2,0.0,0.0,990.6,0.0,0.0,6.3,-11.1,0.0,1.0,0.20129852008866006,0.0,0.0,0.9205048534524403,13.0,0.0,0.0,0.0,3.994532118793459,-0.8660254037844386,5.3,0.0,,True,0.0,0.0,0.0,0.0,0.0,0.0,0.9795299412524945,11.2,0.0,0.0,2026-10-01 00:00:00,0.0,2.7,0.0,0.0,0.0,113,18.212416209628277,-1.0,0.5000000000000001,0.0,0.0,0.0,0.0,5.666954649545027,24.8,Nan,0.0,4.495211572699702,4.0,0.0,92,5.254761904761905,0.0,0.0,0.0,0.0,0.0,5.2875,2026.0,0.0,0.0,0.0,13.0
0.0,0.0,0.0,0.0,0.0,0.0,-0.848048096156426,4.658333333333333,16.2,0.0,0.0,990.5,0.0,0.0,5.3,-11.2,0.0,0.9659258262890683,0.20129852008866006,0.0,0.0,0.5299192642332049,13.0,0.0,0.0,0.0,3.9516414970923095,-0.8660254037844386,4.7,0.0,,True,0.25881904510252074,0.0,0.0,0.0,0.0,0.0,0.9795299412524945,11.8,0.0,0.0,2026-10-01 01:00:00,0.0,1.7,0.0,0.0,0.0,148,18.212416209628277,-1.0,0.5000000000000001,0.0,0.0,0.0,0.0,5.608320950952155,24.6,Nan,0.0,4.5581995524244245,1.0,0.0,91,5.169047619047619,0.0,0.0,0.0,0.0,0.0,5.177083333333333,2026.0,0.0,0.0,0.0,13.0
0.0,0.0,0.0,0.0,0.0,0.0,0.7071067811865476,4.166666666666667,16.2,0.0,0.0,989.6,0.0,0.0,4.2,-11.8,0.0,0.8660254037844387,0.20129852008866006,0.0,0.0,0.7071067811865475,13.0,0.0,0.0,0.0,3.917251367559145,-0.8660254037844386,4.1,0.0,,True,0.49999999999999994,0.0,0.0,0.0,0.0,0.0,0.9795299412524945,11.7,0.0,0.0,2026-10-01 02:00:00,0.0,0.3,0.0,0.0,0.0,45,18.212416209628277,0.0,0.5000000000000001,0.0,0.0,0.0,0.0,5.476363351308563,24.4,Nan,0.0,4.617492029109405,-2.0,0.0,91,5.088095238095238,0.0,0.0,0.0,0.0,0.0,5.079166666666667,2026.0,0.0,0.0,0.0,13.0
0.0,0.0,0.0,0.0,0.0,0.0,-0.15643446504023104,3.679166666666667,16.2,0.0,0.0,989.3,0.0,0.0,3.0,-11.7,0.0,0.7071067811865476,0.20129852008866006,0.0,0.0,-0.9876883405951377,13.0,0.0,0.0,0.0,3.9040722387465467,-0.8660254037844386,3.5,0.0,,True,0.7071067811865475,0.0,0.0,0.0,0.0,0.0,0.9795299412524945,11.8,0.0,0.0,2026-10-01 03:00:00,0.0,1.1,0.0,0.0,0.0,261,18.212416209628277,2.0,0.5000000000000001,0.0,0.0,0.0,0.0,5.302041993944933,24.1,Nan,0.0,4.672410434757774,0.0,0.0,93,5.019047619047619,0.0,0.0,0.0,0.0,0.0,4.9937499999999995,2026.0,0.0,0.0,0.0,13.0
0.0,0.0,0.0,0.0,0.0,0.0,0.9563047559630353,3.1875,16.2,0.0,0.0,989.3,0.0,0.0,2.5,-11.8,0.0,0.5000000000000001,0.20129852008866006,0.0,0.0,-0.29237170472273716,13.0,0.0,0.0,0.0,3.9054149787778742,-0.8660254037844386,3.1,0.0,,True,0.8660254037844386,0.0,0.0,0.0,0.0,0.0,0.9795299412524945,12.0,0.0,0.0,2026-10-01 04:00:00,0.0,1.9,0.0,0.0,0.0,343,18.212416209628277,2.0,0.5000000000000001,0.0,0.0,0.0,0.0,5.0681450008854325,23.8,Nan,0.0,4.722197508105263,-1.0,0.0,95,4.960714285714285,0.0,0.0,0.0,0.0,0.0,4.920833333333333,2026.0,0.0,0.0,0.0,13.0
0.0,0.0,0.0,0.0,0.0,0.0,0.9510565162951535,2.6875,16.2,0.1,0.0,989.5,0.0,0.0,2.2,-12.0,0.0,0.25881904510252074,0.20129852008866006,0.0,0.0,0.3090169943749474,13.0,0.0,0.0,0.0,3.911977897977318,-0.8660254037844386,2.9,0.0,,True,0.9659258262890683,0.0,0.0,0.0,0.0,0.0,0.9795299412524945,12.0,0.0,0.0,2026-10-01 05:00:00,0.0,1.1,0.0,0.0,0.0,18,18.212416209628277,1.0,0.5000000000000001,0.0,0.0,0.0,0.0,4.756426573594929,23.7,Nan,0.0,4.767638577342736,1.0,0.0,96,4.907738095238095,0.0,0.0,0.0,0.0,0.0,4.85625,2026.0,0.09531017980432487,0.0,0.0,13.0
0.0,0.0,0.0,0.0,0.0,0.0,0.30901699437494745,2.1875,16.2,0.0,0.0,990.0,0.0,0.0,1.7,-12.0,0.0,6.123233995736766e-17,0.20129852008866006,0.0,0.0,0.9510565162951535,13.0,0.0,0.0,0.0,3.922722874194968,-0.8660254037844386,2.7,0.0,,True,1.0,0.0,0.0,0.0,0.0,0.0,0.9795299412524945,12.1,0.0,0.0,2026-10-01 06:00:00,0.0,0.6,0.0,0.0,0.0,72,18.212416209628277,0.0,0.5000000000000001,0.0,0.0,0.0,0.0,4.3659012528915495,23.5,Nan,0.0,4.810230345027379,-1.0,0.0,96,4.8601190476190474,0.0,0.0,0.0,0.0,0.0,4.795833333333333,2026.0,0.0,0.0,0.0,13.0
0.0,0.0,0.0,0.0,0.0,0.0,0.9271838545667873,1.6833333333333336,16.2,0.0,0.0,990.9,0.0,0.0,0.1,-12.1,0.0,-0.25881904510252063,0.20129852008866006,0.0,0.0,-0.37460659341591235,13.0,0.0,0.0,0.0,3.9346694645613467,-0.8660254037844386,0.9,0.0,,True,0.9659258262890683,0.0,0.0,0.0,0.0,0.0,0.9795299412524945,13.0,0.0,0.0,2026-10-01 07:00:00,0.0,1.0,0.0,0.0,0.0,338,18.212416209628277,-2.0,0.5000000000000001,0.0,0.0,0.0,0.0,3.861634656751234,24.1,Nan,0.0,4.85003176893948,-4.0,0.0,94,4.814880952380953,0.0,0.0,0.0,0.0,0.0,4.739583333333333,2026.0,0.0,0.0,0.0,13.0
0.0,0.0,0.0,0.0,0.0,0.0,-0.7071067811865477,1.1416666666666666,16.2,0.0,0.0,991.7,0.0,0.0,0.4,-13.0,0.0,-0.4999999999999998,0.20129852008866006,0.0,0.0,-0.7071067811865475,11.1,0.0,0.0,0.0,3.9514306086372417,-0.8660254037844386,1.8,0.0,,True,0.8660254037844387,0.0,0.0,0.0,0.0,0.0,0.9795299412524945,11.1,0.0,0.0,2026-10-01 08:00:00,0.0,1.3,0.0,0.0,0.0,225,18.212416209628277,-5.0,0.5000000000000001,0.0,0.0,0.0,0.0,3.066066517362089,25.5,Nan,0.0,4.866550726358683,-7.0,0.0,89,4.780952380952381,0.0,0.0,0.0,0.0,0.0,4.720833333333334,2026.0,0.0,0.0,0.0,13.0
0.0,0.0,0.0,0.0,0.0,0.0,-0.7771459614569708,0.6791666666666667,16.2,0.1,0.0,992.3,0.0,0.0,0.6,-11.1,0.0,-0.7071067811865475,0.20129852008866006,0.0,0.0,-0.6293203910498376,8.8,0.0,0.0,0.0,3.965027770889241,-0.8660254037844386,2.5,0.0,,True,0.7071067811865476,0.0,0.0,0.0,0.0,0.0,0.9795299412524945,8.8,0.0,0.0,2026-10-01 09:00:00,0.0,1.2,0.0,0.0,0.0,219,18.212416209628277,-8.0,0.5000000000000001,0.0,0.0,0.0,0.0,2.260342740726626,27.2,Nan,0.0,4.895760637758164,-8.0,0.0,81,4.739880952380952,0.0,0.0,0.0,0.0,0.0,4.683333333333334,2026.0,0.09531017980432487,0.0,0.0,13.0
0.0,0.0,0.0,0.0,0.0,0.0,-0.8660254037844386,0.3125,16.2,0.2,0.0,992.3,0.0,0.0,0.6,-8.8,0.0,-0.8660254037844387,0.20129852008866006,0.0,0.0,-0.5000000000000001,7.5,0.0,0.0,0.0,3.9759067477897645,-0.8660254037844386,3.6,0.0,,True,0.49999999999999994,0.0,0.0,0.0,0.0,0.0,0.9795299412524945,7.5,0.0,0.0,2026-10-01 10:00:00,0.0,1.5,0.0,0.0,0.0,210,18.212416209628277,-5.0,0.5000000000000001,0.0,0.0,0.0,0.0,1.4986973510352248,28.2,Nan,0.0,4.9318757524394305,-9.0,0.0,76,4.6952380952380945,0.0,0.0,0.0,0.0,0.0,4.63125,2026.0,0.18232155679395462,0.0,0.0,13.0
0.0,0.0,0.0,0.0,0.0,0.0,-1.0,0.0,16.2,0.1,0.0,991.9,0.0,0.0,0.6,-7.5,0.0,-0.9659258262890682,0.20129852008866006,0.0,0.0,1.2246467991473532e-16,0.0,0.0,0.0,0.0,3.9874647689285876,-0.8660254037844386,4.6,0.0,,True,0.258819045102521,0.0,0.0,0.0,0.0,0.0,0.9795299412524945,0.0,0.0,0.0,2026-10-01 11:00:00,0.0,1.4,0.0,0.0,0.0,180,18.212416209628277,-6.0,0.5000000000000001,0.0,0.0,0.0,0.0,0.0,29.8,Nan,0.0,4.974179423533092,-9.0,0.0,70,4.652380952380952,0.0,0.0,0.0,0.0,0.0,4.5562499999999995,2026.0,0.09531017980432487,0.0,0.0,13.0
0.0,0.0,0.0,0.0,0.0,0.0,-0.984807753012208,0.0,16.2,0.1,0.0,990.9,0.0,0.0,0.7,0.0,0.0,-1.0,0.20129852008866006,0.0,0.0,-0.17364817766693047,0.0,0.0,0.0,0.0,4.002276093850335,-0.8660254037844386,4.9,0.0,,True,1.2246467991473532e-16,0.0,0.0,0.0,0.0,0.0,0.9795299412524945,0.0,0.0,0.0,2026-10-01 12:00:00,0.0,2.0,0.0,0.0,0.0,190,18.212416209628277,-3.0,0.5000000000000001,0.0,0.0,0.0,0.0,0.0,30.7,Nan,0.0,5.016545108577106,-9.0,0.0,67,4.6172619047619055,0.0,0.0,0.0,0.0,0.0,4.460416666666666,2026.0,0.09531017980432487,0.0,0.0,13.0
0.0,0.0,0.0,0.0,0.0,0.0,-0.838670567945424,0.0,16.2,0.1,0.0,989.5,0.0,0.0,0.8,0.0,0.0,-0.9659258262890683,0.20129852008866006,0.0,0.0,-0.5446390350150271,0.0,0.0,0.0,0.0,4.01751581442575,-0.8660254037844386,5.1,0.0,,True,-0.2588190451025208,0.0,0.0,0.0,0.0,0.0,0.9795299412524945,0.0,0.0,0.0,2026-10-01 13:00:00,0.0,3.6,0.0,0.0,0.0,213,18.212416209628277,-4.0,0.5000000000000001,0.0,0.0,0.0,0.0,0.0,31.5,Nan,0.0,5.056259871573937,-8.0,0.0,63,4.585119047619047,0.0,0.0,0.0,0.0,0.0,4.358333333333333,2026.0,0.09531017980432487,0.0,0.0,13.0
0.0,0.0,0.0,0.0,0.0,0.0,-0.5150380749100545,0.0,16.2,0.0,0.0,988.3,0.0,0.0,1.1,0.0,0.0,-0.8660254037844388,0.20129852008866006,0.0,0.0,-0.8571673007021121,0.0,0.0,0.0,0.0,4.032881257342901,-0.8660254037844386,5.3,0.0,,True,-0.4999999999999997,0.0,0.0,0.0,0.0,0.0,0.9795299412524945,0.0,0.0,0.0,2026-10-01 14:00:00,0.0,4.6,0.0,0.0,0.0,239,18.212416209628277,-1.0,0.5000000000000001,0.0,0.0,0.0,0.0,0.0,31.7,Nan,0.0,5.093009489459274,-4.0,0.0,62,4.555952380952381,0.0,0.0,0.0,0.0,0.0,4.252083333333333,2026.0,0.0,0.0,0.0,13.0
0.0,0.0,0.0,0.0,0.0,0.0,-0.6946583704589973,0.0,16.2,0.0,0.0,986.9,0.0,0.0,1.2,0.0,0.0,-0.7071067811865479,0.20129852008866006,0.0,0.0,-0.7193398003386512,0.0,0.0,0.0,0.0,4.046254277967809,-0.8660254037844386,5.5,0.0,,True,-0.7071067811865471,0.0,0.0,0.0,0.0,0.0,0.9795299412524945,0.0,0.0,0.0,2026-10-01 15:00:00,0.0,5.2,0.0,0.0,0.0,226,18.212416209628277,1.0,0.5000000000000001,0.0,0.0,0.0,0.0,0.0,31.7,Nan,0.0,5.126436113151341,-2.0,0.0,63,4.519642857142857,0.0,0.0,0.0,0.0,0.0,4.141666666666667,2026.0,0.0,0.0,0.0,13.0
0.0,0.0,0.0,0.0,0.0,0.0,-0.90630778703665,0.0,16.2,0.0,0.0,986.3,0.0,0.0,1.3,0.0,0.0,-0.5000000000000004,0.20129852008866006,0.0,0.0,-0.4226182617406993,0.0,0.0,0.0,0.0,4.0609733744180625,-0.8660254037844386,5.5,0.0,,True,-0.8660254037844384,0.0,0.0,0.0,0.0,0.0,0.9795299412524945,0.0,0.0,0.0,2026-10-01 16:00:00,0.0,5.2,0.0,0.0,0.0,205,18.212416209628277,2.0,0.5000000000000001,0.0,0.0,0.0,0.0,0.0,31.1,Nan,0.0,5.1561750836308455,-2.0,0.0,65,4.489880952380952,0.0,0.0,0.0,0.0,0.0,4.027083333333334,2026.0,0.0,0.0,0.0,13.0
0.0,0.0,0.0,0.0,0.0,0.0,-0.34202014332566855,0.0,16.2,0.0,0.0,986.4,0.0,0.0,1.4,0.0,0.0,-0.25881904510252063,0.20129852008866006,0.0,0.0,-0.9396926207859084,0.0,0.0,0.0,0.0,4.075119289324206,-0.8660254037844386,5.9,0.0,,True,-0.9659258262890683,0.0,0.0,0.0,0.0,0.0,0.9795299412524945,0.0,0.0,0.0,2026-10-01 17:00:00,0.0,2.1,0.0,0.0,0.0,250,18.212416209628277,3.0,0.5000000000000001,0.0,0.0,0.0,0.0,0.0,30.6,Nan,0.0,5.183211078408185,-2.0,0.0,68,4.458333333333333,0.0,0.0,0.0,0.0,0.0,3.9125,2026.0,0.0,0.0,0.0,13.0
0.0,0.0,0.0,0.0,0.0,0.0,-0.12186934340514717,0.0,16.2,0.0,0.0,986.9,0.0,0.0,1.8,0.0,0.0,-1.8369701987210297e-16,0.20129852008866006,0.0,0.0,-0.9925461516413221,0.0,0.0,0.0,0.0,4.088838438143849,-0.8660254037844386,7.1,0.0,,True,-1.0,0.0,0.0,0.0,0.0,0.0,0.9795299412524945,0.0,0.0,0.0,2026-10-01 18:00:00,0.0,3.1,0.0,0.0,0.0,263,18.212416209628277,16.0,0.5000000000000001,0.0,0.0,0.0,0.0,0.0,28.7,Nan,0.0,5.204534864877189,1.0,0.0,84,4.4261904761904765,0.0,0.0,0.0,0.0,0.0,3.7895833333333333,2026.0,0.0,0.0,0.0,13.0
0.0,0.0,0.0,0.0,0.0,0.0,-1.8369701987210297e-16,0.0,16.2,0.0,0.0,988.1,0.0,0.0,7.4,0.0,0.0,0.2588190451025203,0.20129852008866006,0.0,0.0,-1.0,0.0,0.0,0.0,0.0,4.10225986472486,-0.8660254037844386,9.7,0.0,,True,-0.9659258262890684,0.0,0.0,0.0,0.0,0.0,0.9795299412524945,0.0,0.0,0.0,2026-10-01 19:00:00,0.0,2.3,0.0,0.0,0.0,270,18.212416209628277,5.0,0.5000000000000001,0.0,0.0,0.0,0.0,0.0,27.6,Nan,0.0,5.209239921097468,0.0,0.0,89,4.394047619047619,0.0,0.0,0.0,0.0,0.0,3.641666666666666,2026.0,0.0,0.0,0.0,13.0
0.0,0.0,0.0,0.0,0.0,0.0,-0.9743700647852352,0.0,16.2,0.2,0.0,989.6,0.0,0.0,7.0,0.0,0.0,0.5000000000000001,0.20129852008866006,0.0,0.0,-0.22495105434386498,0.0,0.0,0.0,0.0,4.0746891966528835,-0.8660254037844386,10.0,0.0,,True,-0.8660254037844386,0.0,0.0,0.0,0.0,0.0,0.9795299412524945,0.0,0.0,0.0,2026-10-01 20:00:00,0.0,3.1,0.0,0.0,0.0,193,18.212416209628277,3.0,0.5000000000000001,0.0,0.0,0.0,0.0,0.0,26.8,Nan,0.0,5.158194919386906,1.0,0.0,92,4.323214285714285,0.0,0.0,0.0,0.0,0.0,3.4395833333333337,2026.0,0.18232155679395462,0.0,0.0,13.0
0.0,0.0,0.0,0.0,0.0,0.0,-0.8290375725550418,0.0,16.2,0.1,0.0,990.7,0.0,0.0,7.0,0.0,0.0,0.7071067811865474,0.20129852008866006,0.0,0.0,-0.5591929034707467,0.0,0.0,0.0,0.0,4.038667096468806,-0.8660254037844386,10.2,0.0,,True,-0.7071067811865477,0.0,0.0,0.0,0.0,0.0,0.9795299412524945,0.0,0.0,0.0,2026-10-01 21:00:00,0.0,1.3,0.0,0.0,0.0,214,18.212416209628277,-2.0,0.5000000000000001,0.0,0.0,0.0,0.0,0.0,27.0,Nan,0.0,5.090520448588729,-2.0,0.0,90,4.248809523809523,0.0,0.0,0.0,0.0,0.0,3.2312499999999997,2026.0,0.09531017980432487,0.0,0.0,13.0
0.0,0.0,0.0,0.0,0.0,0.0,-0.10452846326765355,0.0,16.2,0.0,0.0,991.4,0.0,0.0,6.8,0.0,0.0,0.8660254037844384,0.20129852008866006,0.0,0.0,0.9945218953682733,0.0,0.0,0.0,0.0,4.000937345884288,-0.8660254037844386,10.8,0.0,,True,-0.5000000000000004,0.0,0.0,0.0,0.0,0.0,0.9795299412524945,0.0,0.0,0.0,2026-10-01 22:00:00,0.0,1.6,0.0,0.0,0.0,96,18.212416209628277,0.0,0.5000000000000001,0.0,0.0,0.0,0.0,0.0,26.7,Nan,0.0,5.007396872377902,-3.0,0.0,90,4.1744047619047615,0.0,0.0,0.0,0.0,0.0,3.0187500000000003,2026.0,0.0,0.0,0.0,13.0
0.0,0.0,0.0,0.0,0.0,0.0,-0.4694715627858909,0.0,16.2,0.0,0.0,991.4,0.0,0.0,6.0,0.0,0.0,0.9659258262890681,0.20129852008866006,0.0,0.0,0.8829475928589269,0.0,0.0,0.0,0.0,3.9494613696736187,-0.8660254037844386,11.1,0.0,,True,-0.25881904510252157,0.0,0.0,0.0,0.0,0.0,0.9795299412524945,0.0,0.0,0.0,2026-10-01 23:00:00,0.0,2.7,0.0,0.0,0.0,118,18.212416209628277,1.0,0.5000000000000001,0.0,0.0,0.0,0.0,0.0,26.3,Nan,0.0,4.894061292781283,-2.0,0.0,91,4.0946428571428575,0.0,0.0,0.0,0.0,0.0,2.7937499999999997,2026.0,0.0,0.0,0.0,13.0
0.0,0.0,0.0,0.0,0.0,0.0,-0.848048096156426,0.0,16.2,0.0,0.0,991.1,0.0,0.0,5.3,0.0,0.0,1.0,0.39435585511331855,0.0,0.0,0.5299192642332049,0.0,0.0,0.0,0.0,3.8852443036853845,-0.8660254037844386,11.2,0.0,,True,0.0,0.0,0.0,0.0,0.0,0.0,0.9189578116202306,0.0,0.0,0.0,2026-10-02 00:00:00,0.0,4.4,0.0,0.0,0.0,148,18.212416209628277,1.0,0.5000000000000001,0.0,0.0,0.0,0.0,0.0,25.9,Nan,0.0,4.756426573594929,0.0,0.0,92,4.010714285714285,0.0,0.0,0.0,0.0,0.0,2.5625,2026.0,0.0,0.0,0.0,13.0
0.0,0.0,0.0,0.0,0.0,0.0,-0.8910065241883679,0.0,16.2,0.0,0.0,990.1,0.0,0.0,4.7,0.0,0.0,0.9659258262890683,0.39435585511331855,0.0,0.0,-0.4539904997395467,0.0,0.0,0.0,0.0,3.8148986915308765,-0.8660254037844386,11.8,0.0,,True,0.25881904510252074,0.0,0.0,0.0,0.0,0.0,0.9189578116202306,0.0,0.0,0.0,2026-10-02 01:00:00,0.0,1.2,0.0,0.0,0.0,207,18.212416209628277,0.0,0.5000000000000001,0.0,0.0,0.0,0.0,0.0,25.7,Nan,0.0,4.599092226250259,1.0,0.0,92,3.925595238095238,0.0,0.0,0.0,0.0,0.0,2.3291666666666666,2026.0,0.0,0.0,0.0,13.0
0.0,0.0,0.0,0.0,0.0,0.0,0.06975647374412522,0.0,15.1,0.0,0.0,989.4,0.0,0.0,4.1,0.0,0.0,0.8660254037844387,0.39435585511331855,0.0,0.0,-0.9975640502598243,0.0,0.0,0.0,0.0,3.706627818077508,-0.8660254037844386,11.7,0.0,,True,0.49999999999999994,0.0,0.0,0.0,0.0,0.0,0.9189578116202306,0.0,0.0,0.0,2026-10-02 02:00:00,0.0,2.5,0.0,0.0,0.0,274,18.212416209628277,4.0,0.5000000000000001,0.0,0.0,0.0,0.0,0.0,25.1,Nan,0.0,4.397221344844441,5.0,0.0,96,3.8291666666666666,0.0,0.0,0.0,0.0,0.0,2.0833333333333335,2026.0,0.0,0.0,0.0,13.0
0.0,0.0,0.0,0.0,0.0,0.0,0.45399049973954664,0.0,14.1,0.0,0.0,989.2,0.0,0.0,3.5,0.0,0.0,0.7071067811865476,0.39435585511331855,0.0,0.0,-0.891006524188368,0.0,0.0,0.0,0.0,3.614159253387091,-0.8660254037844386,11.8,0.0,,True,0.7071067811865475,0.0,0.0,0.0,0.0,0.0,0.9189578116202306,0.0,0.0,0.0,2026-10-02 03:00:00,0.0,1.6,0.0,0.0,0.0,297,18.212416209628277,1.0,0.5000000000000001,0.0,0.0,0.0,0.0,0.0,24.9,Nan,0.0,4.1761096121935735,4.0,0.0,97,3.7392857142857148,0.0,0.0,0.0,0.0,0.0,1.8395833333333336,2026.0,0.0,0.0,0.0,13.0
0.0,0.0,0.0,0.0,0.0,0.0,-1.0,0.0,13.3,0.0,0.0,988.9,0.0,0.0,3.1,0.0,0.0,0.5000000000000001,0.39435585511331855,0.0,0.0,1.2246467991473532e-16,0.0,0.0,0.0,0.0,3.5354456668042817,-0.8660254037844386,12.0,0.0,,True,0.8660254037844386,0.0,0.0,0.0,0.0,0.0,0.9189578116202306,0.0,0.0,0.0,2026-10-02 04:00:00,0.0,1.1,0.0,0.0,0.0,180,18.212416209628277,1.0,0.5000000000000001,0.0,0.0,0.0,0.0,0.0,24.6,Nan,0.0,3.922127730900665,3.0,0.0,98,3.6553571428571425,0.0,0.0,0.0,0.0,0.0,1.59375,2026.0,0.0,0.0,0.0,13.0
0.0,0.0,0.0,0.0,0.0,0.0,-0.8910065241883678,0.0,13.0,0.0,0.0,989.3,0.0,0.0,2.9,0.0,0.0,0.25881904510252074,0.39435585511331855,0.0,0.0,0.45399049973954686,0.0,0.0,0.0,0.0,3.4668367305224765,-0.8660254037844386,12.0,0.0,,True,0.9659258262890683,0.0,0.0,0.0,0.0,0.0,0.9189578116202306,0.0,0.0,0.0,2026-10-02 05:00:00,0.0,2.8,0.0,0.0,0.0,153,18.212416209628277,1.0,0.5000000000000001,0.0,0.0,0.0,0.0,0.0,24.3,Nan,0.0,3.6218035476127084,3.0,0.0,99,3.576190476190476,0.0,0.0,0.0,0.0,0.0,1.34375,2026.0,0.0,0.0,0.0,13.0
0.0,0.0,0.0,0.0,0.0,0.0,-0.5591929034707467,0.0,13.0,0.0,0.0,990.1,0.0,0.0,2.7,0.0,0.0,6.123233995736766e-17,0.39435585511331855,0.0,0.0,0.8290375725550417,0.0,0.0,0.0,0.0,3.424342423261148,-0.8660254037844386,12.1,0.0,,True,1.0,0.0,0.0,0.0,0.0,0.0,0.9189578116202306,0.0,0.0,0.0,2026-10-02 06:00:00,0.0,2.6,0.0,0.0,0.0,124,18.212416209628277,0.0,0.5000000000000001,0.0,0.0,0.0,0.0,0.0,24.2,Nan,0.0,3.275184870736307,3.0,0.0,99,3.5083333333333337,0.0,0.0,0.0,0.0,0.0,1.09375,2026.0,0.0,0.0,0.0,13.0
0.0,0.0,0.0,0.0,0.0,0.0,-0.5299192642332048,0.0,13.0,0.0,0.0,991.1,0.0,0.0,0.9,0.0,0.0,-0.25881904510252063,0.39435585511331855,0.0,0.0,0.8480480961564261,0.0,0.0,0.0,0.0,3.4346333130187214,-0.8660254037844386,13.0,0.0,,True,0.9659258262890683,0.0,0.0,0.0,0.0,0.0,0.9189578116202306,0.0,0.0,0.0,2026-10-02 07:00:00,0.0,2.3,0.0,0.0,0.0,122,18.212416209628277,-3.0,0.5000000000000001,0.0,0.0,0.0,0.0,0.0,25.0,Nan,0.0,2.8573613507725777,2.0,0.0,96,3.4839285714285717,0.0,0.0,0.0,0.0,0.0,0.8416666666666668,2026.0,0.0,0.0,0.0,13.0
0.0,0.0,0.0,0.0,0.0,0.0,-0.9925461516413221,0.0,13.0,0.1,0.0,992.2,0.0,0.0,1.8,0.0,0.0,-0.4999999999999998,0.39435585511331855,0.0,0.0,-0.12186934340514731,0.0,0.0,0.0,0.0,3.441721433900691,-0.8660254037844386,11.1,0.0,,True,0.8660254037844387,0.0,0.0,0.0,0.0,0.0,0.9189578116202306,0.0,0.0,0.0,2026-10-02 08:00:00,0.0,2.9,0.0,0.0,0.0,187,18.212416209628277,-5.0,0.5000000000000001,0.0,0.0,0.0,0.0,0.0,26.2,Nan,0.0,2.2419261002291955,2.0,0.0,91,3.4749999999999996,0.0,0.0,0.0,0.0,0.0,0.5708333333333333,2026.0,0.09531017980432487,0.0,0.0,11.1
0.0,0.0,0.0,0.0,0.0,0.0,-0.8660254037844386,0.0,13.0,0.2,0.0,992.7,0.0,0.0,2.5,0.0,0.0,-0.7071067811865475,0.39435585511331855,0.0,0.0,-0.5000000000000001,0.0,0.0,0.0,0.0,3.4514530772808145,-0.8660254037844386,8.8,0.0,,True,0.7071067811865476,0.0,0.0,0.0,0.0,0.0,0.9189578116202306,0.0,0.0,0.0,2026-10-02 09:00:00,0.0,4.0,0.0,0.0,0.0,210,18.212416209628277,-5.0,0.5000000000000001,0.0,0.0,0.0,0.0,0.0,27.4,Nan,0.0,1.6339802609136853,5.0,0.0,86,3.4595238095238097,0.0,0.0,0.0,0.0,0.0,0.33958333333333335,2026.0,0.18232155679395462,0.0,0.0,8.8
0.0,0.0,0.0,0.0,0.0,0.0,-0.9205048534524404,0.0,13.0,0.1,0.0,992.9,0.0,0.0,3.6,0.0,0.0,-0.8660254037844387,0.39435585511331855,0.0,0.0,-0.39073112848927355,0.0,0.0,0.0,0.0,3.460763223072015,-0.8660254037844386,7.5,0.0,,True,0.49999999999999994,0.0,0.0,0.0,0.0,0.0,0.9189578116202306,0.0,0.0,0.0,2026-10-02 10:00:00,0.0,1.4,0.0,0.0,0.0,203,18.212416209628277,-4.0,0.5000000000000001,0.0,0.0,0.0,0.0,0.0,28.7,Nan,0.0,1.0711960313126632,6.0,0.0,82,3.445238095238095,0.0,0.0,0.0,0.0,0.0,0.15625,2026.0,0.09531017980432487,0.0,0.0,7.5
0.0,0.0,0.0,0.0,0.0,0.0,-0.9335804264972017,0.0,13.0,0.1,0.0,992.6,0.0,0.0,4.6,0.0,0.0,-0.9659258262890682,0.39435585511331855,0.0,0.0,-0.35836794954530043,0.0,0.0,0.0,0.0,3.4703087471367033,-0.8660254037844386,0.0,0.0,,True,0.258819045102521,0.0,0.0,0.0,0.0,0.0,0.9189578116202306,0.0,0.0,0.0,2026-10-02 11:00:00,0.0,3.1,0.0,0.0,0.0,201,18.212416209628277,-4.0,0.5000000000000001,0.0,0.0,0.0,0.0,0.0,29.8,Nan,0.0,0.0,8.0,0.0,78,3.429761904761905,0.0,0.0,0.0,0.0,0.0,0.0,2026.0,0.09531017980432487,0.0,0.0,0.0
0.0,0.0,0.0,0.0,0.0,0.0,-0.9876883405951378,0.0,13.0,0.2,0.0,991.3,0.0,0.0,4.9,0.0,0.0,-1.0,0.39435585511331855,0.0,0.0,-0.15643446504023073,0.0,0.0,0.0,0.0,3.4801787297392797,-0.8660254037844386,0.0,0.0,,True,1.2246467991473532e-16,0.0,0.0,0.0,0.0,0.0,0.9189578116202306,0.0,0.0,0.0,2026-10-02 12:00:00,0.0,3.3,0.0,0.0,0.0,189,18.212416209628277,-1.0,0.5000000000000001,0.0,0.0,0.0,0.0,0.0,30.2,Nan,0.0,0.0,10.0,0.0,77,3.411904761904762,0.0,0.0,0.0,0.0,0.0,0.0,2026.0,0.18232155679395462,0.0,0.0,0.0
0.0,0.0,0.0,0.0,0.0,0.0,-0.7071067811865475,0.0,13.0,0.2,0.0,989.9,0.0,0.0,5.1,0.0,0.0,-0.9659258262890683,0.39435585511331855,0.0,0.0,0.7071067811865476,0.0,0.0,0.0,0.0,3.490051001761716,-0.8660254037844386,0.0,0.0,,True,-0.2588190451025208,0.0,0.0,0.0,0.0,0.0,0.9189578116202306,0.0,0.0,0.0,2026-10-02 13:00:00,0.0,1.0,0.0,0.0,0.0,135,18.212416209628277,1.0,0.5000000000000001,0.0,0.0,0.0,0.0,0.0,29.7,Nan,0.0,0.0,15.0,0.0,78,3.3910714285714287,0.0,0.0,0.0,0.0,0.0,0.0,2026.0,0.18232155679395462,0.0,0.0,0.0
0.0,0.0,0.0,0.0,0.0,0.0,0.17364817766692997,0.0,13.0,1.0,0.0,988.8,0.0,0.0,5.3,0.0,0.0,-0.8660254037844388,0.39435585511331855,0.0,0.0,-0.9848077530122081,0.0,0.0,0.0,0.0,3.4997714130083777,-0.8660254037844386,0.0,0.0,,True,-0.4999999999999997,0.0,0.0,0.0,0.0,0.0,0.9189578116202306,0.0,0.0,0.0,2026-10-02 14:00:00,0.0,8.4,0.0,0.0,0.0,280,18.212416209628277,4.0,0.5000000000000001,0.0,0.0,0.0,0.0,0.0,28.5,Nan,0.0,0.0,20.0,0.0,82,3.3702380952380957,0.0,0.0,0.0,0.0,0.0,0.0,2026.0,0.6931471805599453,0.0,0.0,0.0
0.0,0.0,0.0,0.0,0.0,0.0,-0.5591929034707466,0.0,13.0,2.5,0.0,988.8,0.0,0.0,5.5,0.0,0.0,-0.7071067811865479,0.39435585511331855,0.0,0.0,-0.8290375725550418,0.0,0.0,0.0,0.0,3.5093071507071785,-0.8660254037844386,0.0,0.0,,True,-0.7071067811865471,0.0,0.0,0.0,0.0,0.0,0.9189578116202306,0.0,0.0,0.0,2026-10-02 15:00:00,0.0,4.1,0.0,0.0,0.0,236,18.212416209628277,6.0,0.5000000000000001,0.0,0.0,0.0,0.0,0.0,26.5,Nan,0.0,0.0,25.0,0.0,88,3.3488095238095235,0.0,0.0,0.0,0.0,0.0,0.0,2026.0,1.252762968495368,0.0,0.0,0.0
0.0,0.0,0.0,0.0,0.0,0.0,0.12186934340514749,0.0,13.0,0.7,0.0,988.4,0.0,0.0,5.5,0.0,0.0,-0.5000000000000004,0.39435585511331855,0.0,0.0,0.992546151641322,0.0,0.0,0.0,0.0,3.518631924590621,-0.8660254037844386,0.0,0.0,,True,-0.8660254037844384,0.0,0.0,0.0,0.0,0.0,0.9189578116202306,0.0,0.0,0.0,2026-10-02 16:00:00,0.0,2.9,0.0,0.0,0.0,83,18.212416209628277,2.0,0.5000000000000001,0.0,0.0,0.0,0.0,0.0,26.2,Nan,0.0,0.0,25.0,0.0,90,3.3267857142857142,0.0,0.0,0.0,0.0,0.0,0.0,2026.0,0.5306282510621704,0.0,0.0,0.0
0.0,0.0,0.0,0.0,0.0,0.0,0.981627183447664,0.0,13.0,0.2,0.0,988.7,0.0,0.0,5.9,0.0,0.0,-0.25881904510252063,0.39435585511331855,0.0,0.0,-0.19080899537654467,0.0,0.0,0.0,0.0,3.527794561354187,-0.8660254037844386,0.0,0.0,,True,-0.9659258262890683,0.0,0.0,0.0,0.0,0.0,0.9189578116202306,0.0,0.0,0.0,2026-10-02 17:00:00,0.0,0.9,0.0,0.0,0.0,349,18.212416209628277,-2.0,0.5000000000000001,0.0,0.0,0.0,0.0,0.0,26.5,Nan,0.0,0.0,20.0,0.0,88,3.3047619047619046,0.0,0.0,0.0,0.0,0.0,0.0,2026.0,0.18232155679395462,0.0,0.0,0.0
0.0,0.0,0.0,0.0,0.0,0.0,0.8090169943749475,0.0,13.0,0.0,0.0,988.6,0.0,0.0,7.1,0.0,0.0,-1.8369701987210297e-16,0.39435585511331855,0.0,0.0,0.5877852522924731,0.0,0.0,0.0,0.0,3.5366220074985266,-0.8660254037844386,0.0,0.0,,True,-1.0,0.0,0.0,0.0,0.0,0.0,0.9189578116202306,0.0,0.0,0.0,2026-10-02 18:00:00,0.0,1.5,0.0,0.0,0.0,36,18.212416209628277,8.0,0.5000000000000001,0.0,0.0,0.0,0.0,0.0,25.4,Nan,0.0,0.0,12.0,0.0,96,3.2815476190476187,0.0,0.0,0.0,0.0,0.0,0.0,2026.0,0.0,0.0,0.0,0.0
0.0,0.0,0.0,0.0,0.0,0.0,0.9975640502598242,0.0,13.0,0.0,0.0,989.3,0.0,0.0,9.7,0.0,0.0,0.2588190451025203,0.39435585511331855,0.0,0.0,-0.06975647374412564,0.0,0.0,0.0,0.0,3.542110616433036,-0.8660254037844386,0.0,0.0,,True,-0.9659258262890684,0.0,0.0,0.0,0.0,0.0,0.9189578116202306,0.0,0.0,0.0,2026-10-02 19:00:00,0.0,2.5,0.0,0.0,0.0,356,18.212416209628277,2.0,0.5000000000000001,0.0,0.0,0.0,0.0,0.0,25.1,Nan,0.0,0.0,9.0,0.0,98,3.25,0.0,0.0,0.0,0.0,0.0,0.0,2026.0,0.0,0.0,0.0,0.0
0.0,0.0,0.0,0.0,0.0,0.0,0.6293203910498375,0.0,13.0,0.0,0.0,990.1,0.0,0.0,10.0,0.0,0.0,0.5000000000000001,0.39435585511331855,0.0,0.0,-0.7771459614569708,0.0,0.0,0.0,0.0,3.5060863322296587,-0.8660254037844386,0.0,0.0,,True,-0.8660254037844386,0.0,0.0,0.0,0.0,0.0,0.9189578116202306,0.0,0.0,0.0,2026-10-02 20:00:00,0.0,1.2,0.0,0.0,0.0,309,18.212416209628277,0.0,0.5000000000000001,0.0,0.0,0.0,0.0,0.0,24.9,Nan,0.0,0.0,6.0,0.0,98,3.1875,0.0,0.0,0.0,0.0,0.0,0.0,2026.0,0.0,0.0,0.0,0.0
0.0,0.0,0.0,0.0,0.0,0.0,1.0,0.0,13.0,0.0,0.0,991.1,0.0,0.0,10.2,0.0,0.0,0.7071067811865474,0.39435585511331855,0.0,0.0,-2.4492935982947064e-16,0.0,0.0,0.0,0.0,3.4758373923748644,-0.8660254037844386,0.0,0.0,,True,-0.7071067811865477,0.0,0.0,0.0,0.0,0.0,0.9189578116202306,0.0,0.0,0.0,2026-10-02 21:00:00,0.0,0.7,0.0,0.0,0.0,360,18.212416209628277,0.0,0.5000000000000001,0.0,0.0,0.0,0.0,0.0,24.8,Nan,0.0,0.0,8.0,0.0,98,3.1285714285714286,0.0,0.0,0.0,0.0,0.0,0.0,2026.0,0.0,0.0,0.0,0.0
0.0,0.0,0.0,0.0,0.0,0.0,-0.7071067811865475,0.0,13.0,0.0,0.0,991.9,0.0,0.0,10.8,0.0,0.0,0.8660254037844384,0.39435585511331855,0.0,0.0,0.7071067811865476,0.0,0.0,0.0,0.0,3.467559357770227,-0.8660254037844386,0.0,0.0,,True,-0.5000000000000004,0.0,0.0,0.0,0.0,0.0,0.9189578116202306,0.0,0.0,0.0,2026-10-02 22:00:00,0.0,0.5,0.0,0.0,0.0,135,18.212416209628277,0.0,0.5000000000000001,0.0,0.0,0.0,0.0,0.0,24.7,Nan,0.0,0.0,8.0,0.0,98,3.083928571428571,0.0,0.0,0.0,0.0,0.0,0.0,2026.0,0.0,0.0,0.0,0.0
0.0,0.0,0.0,0.0,0.0,0.0,6.123233995736766e-17,0.0,13.0,0.0,0.0,991.5,0.0,0.0,11.1,0.0,0.0,0.9659258262890681,0.39435585511331855,0.0,0.0,1.0,0.0,0.0,0.0,0.0,3.467191906099058,-0.8660254037844386,0.0,0.0,,True,-0.25881904510252157,0.0,0.0,0.0,0.0,0.0,0.9189578116202306,0.0,0.0,0.0,2026-10-02 23:00:00,0.0,1.3,0.0,0.0,0.0,90,18.212416209628277,1.0,0.5000000000000001,0.0,0.0,0.0,0.0,0.0,24.3,Nan,0.0,0.0,8.0,0.0,99,3.0470238095238096,0.0,0.0,0.0,0.0,0.0,0.0,2026.0,0.0,0.0,0.0,0.0
0.0,0.0,0.0,0.0,0.0,0.0,0.9876883405951378,0.0,13.0,0.0,0.0,990.7,0.0,0.0,11.2,0.0,0.0,1.0,0.5712682150947923,0.0,0.0,0.15643446504023087,0.0,0.0,0.0,0.0,3.4684837413898473,-0.8660254037844386,0.0,0.0,,True,0.0,0.0,0.0,0.0,0.0,0.0,0.8207634412072763,0.0,0.0,0.0,2026-10-03 00:00:00,0.0,1.1,0.0,0.0,0.0,9,18.212416209628277,1.0,0.5000000000000001,0.0,0.0,0.0,0.0,0.0,23.9,Nan,0.0,0.0,8.0,0.0,100,3.0125,0.0,0.0,0.0,0.0,0.0,0.0,2026.0,0.0,0.0,0.0,0.0
0.0,0.0,0.0,0.0,0.0,0.0,0.7771459614569706,0.0,13.0,0.0,0.0,990.2,0.0,0.0,11.8,0.0,0.0,0.9659258262890683,0.5712682150947923,0.0,0.0,-0.6293203910498378,0.0,0.0,0.0,0.0,3.471635959576935,-0.8660254037844386,0.0,0.0,,True,0.25881904510252074,0.0,0.0,0.0,0.0,0.0,0.8207634412072763,0.0,0.0,0.0,2026-10-03 01:00:00,0.0,2.3,0.0,0.0,0.0,321,18.212416209628277,-1.0,0.5000000000000001,0.0,0.0,0.0,0.0,0.0,23.7,Nan,0.0,0.0,7.0,0.0,99,2.980952380952381,0.0,0.0,0.0,0.0,0.0,0.0,2026.0,0.0,0.0,0.0,0.0
0.0,0.0,0.0,0.0,0.0,0.0,0.7771459614569706,0.0,13.0,0.0,0.0,990.0,0.0,0.0,11.7,0.0,0.0,0.8660254037844387,0.5712682150947923,0.0,0.0,-0.6293203910498378,0.0,0.0,0.0,0.0,3.4752697227253617,-0.8660254037844386,0.0,0.0,,True,0.49999999999999994,0.0,0.0,0.0,0.0,0.0,0.8207634412072763,0.0,0.0,0.0,2026-10-03 02:00:00,0.0,2.6,0.0,0.0,0.0,321,18.212416209628277,0.0,0.5000000000000001,0.0,0.0,0.0,0.0,0.0,23.8,Nan,0.0,0.0,3.0,0.0,99,2.9505952380952376,0.0,0.0,0.0,0.0,0.0,0.0,2026.0,0.0,0.0,0.0,0.0
0.0,0.0,0.0,0.0,0.0,0.0,0.7547095802227719,0.0,13.0,0.0,0.0,989.9,0.0,0.0,11.8,0.0,0.0,0.7071067811865476,0.5712682150947923,0.0,0.0,-0.6560590289905074,0.0,0.0,0.0,0.0,3.4782531694148164,-0.8660254037844386,0.0,0.0,,True,0.7071067811865475,0.0,0.0,0.0,0.0,0.0,0.8207634412072763,0.0,0.0,0.0,2026-10-03 03:00:00,0.0,1.9,0.0,0.0,0.0,319,18.212416209628277,-1.0,0.5000000000000001,0.0,0.0,0.0,0.0,0.0,24.0,Nan,0.0,0.0,1.0,0.0,98,2.919642857142857,0.0,0.0,0.0,0.0,0.0,0.0,2026.0,0.0,0.0,0.0,0.0
0.0,0.0,0.0,0.0,0.0,0.0,0.7071067811865476,0.0,13.0,0.0,0.0,989.8,0.0,0.0,12.0,0.0,0.0,0.5000000000000001,0.5712682150947923,0.0,0.0,0.7071067811865475,0.0,0.0,0.0,0.0,3.480133883234681,-0.8660254037844386,0.0,0.0,,True,0.8660254037844386,0.0,0.0,0.0,0.0,0.0,0.8207634412072763,0.0,0.0,0.0,2026-10-03 04:00:00,0.0,0.8,0.0,0.0,0.0,45,18.212416209628277,0.0,0.5000000000000001,0.0,0.0,0.0,0.0,0.0,23.9,Nan,0.0,0.0,0.0,0.0,98,2.8875,0.0,0.0,0.0,0.0,0.0,0.0,2026.0,0.0,0.0,0.0,0.0
0.0,0.0,0.0,0.0,0.0,0.0,0.766044443118978,0.0,13.0,0.0,0.0,990.0,0.0,0.0,12.0,0.0,0.0,0.25881904510252074,0.5712682150947923,0.0,0.0,0.6427876096865393,0.0,0.0,0.0,0.0,3.4803340845579824,-0.8660254037844386,0.0,0.0,,True,0.9659258262890683,0.0,0.0,0.0,0.0,0.0,0.8207634412072763,0.0,0.0,0.0,2026-10-03 05:00:00,0.0,1.4,0.0,0.0,0.0,40,18.212416209628277,1.0,0.5000000000000001,0.0,0.0,0.0,0.0,0.0,23.9,Nan,0.0,0.0,0.0,0.0,99,2.8535714285714286,0.0,0.0,0.0,0.0,0.0,0.0,2026.0,0.0,0.0,0.0,0.0
0.0,0.0,0.0,0.0,0.0,0.0,0.766044443118978,0.0,13.0,0.0,0.0,990.6,0.0,0.0,12.1,0.0,0.0,6.123233995736766e-17,0.5712682150947923,0.0,0.0,0.6427876096865393,0.0,0.0,0.0,0.0,3.4780946655941474,-0.8660254037844386,0.0,0.0,,True,1.0,0.0,0.0,0.0,0.0,0.0,0.8207634412072763,0.0,0.0,0.0,2026-10-03 06:00:00,0.0,1.4,0.0,0.0,0.0,40,18.212416209628277,-1.0,0.5000000000000001,0.0,0.0,0.0,0.0,0.0,24.1,Nan,0.0,0.0,-1.0,0.0,98,2.817261904761905,0.0,0.0,0.0,0.0,0.0,0.0,2026.0,0.0,0.0,0.0,0.0
0.0,0.0,0.0,0.0,0.0,0.0,0.9510565162951535,0.0,13.0,0.0,0.0,991.4,0.0,0.0,13.0,0.0,0.0,-0.25881904510252063,0.5712682150947923,0.0,0.0,0.3090169943749474,0.0,0.0,0.0,0.0,3.4748973765006177,-0.8660254037844386,0.0,0.0,,True,0.9659258262890683,0.0,0.0,0.0,0.0,0.0,0.8207634412072763,0.0,0.0,0.0,2026-10-03 07:00:00,0.0,1.1,0.0,0.0,0.0,18,18.212416209628277,-1.0,0.5000000000000001,0.0,0.0,0.0,0.0,0.0,24.5,Nan,0.0,0.0,1.0,0.0,97,2.780357142857143,0.0,0.0,0.0,0.0,0.0,0.0,2026.0,0.0,0.0,0.0,0.0
0.0,0.0,0.0,0.0,0.0,0.0,-1.8369701987210297e-16,0.0,13.0,0.1,0.0,992.1,0.0,0.0,11.1,0.0,0.0,-0.4999999999999998,0.5712682150947923,0.0,0.0,-1.0,0.0,0.0,0.0,0.0,3.4804994086749756,-0.8660254037844386,0.0,0.0,,True,0.8660254037844387,0.0,0.0,0.0,0.0,0.0,0.8207634412072763,0.0,0.0,0.0,2026-10-03 08:00:00,0.0,0.4,0.0,0.0,0.0,270,18.212416209628277,-4.0,0.5000000000000001,0.0,0.0,0.0,0.0,0.0,25.1,Nan,0.0,0.0,2.0,0.0,93,2.7702380952380956,0.0,0.0,0.0,0.0,0.0,0.0,2026.0,0.09531017980432487,0.0,0.0,0.0
0.0,0.0,0.0,0.0,0.0,0.0,-0.7071067811865475,0.0,13.0,0.1,0.0,992.6,0.0,0.0,8.8,0.0,0.0,-0.7071067811865475,0.5712682150947923,0.0,0.0,0.7071067811865476,0.0,0.0,0.0,0.0,3.48587345948045,-0.8660254037844386,0.0,0.0,,True,0.7071067811865476,0.0,0.0,0.0,0.0,0.0,0.8207634412072763,0.0,0.0,0.0,2026-10-03 09:00:00,0.0,0.3,0.0,0.0,0.0,135,18.212416209628277,-4.0,0.5000000000000001,0.0,0.0,0.0,0.0,0.0,25.9,Nan,0.0,0.0,3.0,0.0,89,2.7607142857142857,0.0,0.0,0.0,0.0,0.0,0.0,2026.0,0.09531017980432487,0.0,0.0,0.0
0.0,0.0,0.0,0.0,0.0,0.0,-0.9925461516413221,0.0,13.0,0.2,0.0,992.5,0.0,0.0,7.5,0.0,0.0,-0.8660254037844387,0.5712682150947923,0.0,0.0,-0.12186934340514731,0.0,0.0,0.0,0.0,3.490547194025433,-0.8660254037844386,0.0,0.0,,True,0.49999999999999994,0.0,0.0,0.0,0.0,0.0,0.8207634412072763,0.0,0.0,0.0,2026-10-03 10:00:00,0.0,1.5,0.0,0.0,0.0,187,18.212416209628277,-6.0,0.5000000000000001,0.0,0.0,0.0,0.0,0.0,27.4,Nan,0.0,0.0,1.0,0.0,83,2.7529761904761907,0.0,0.0,0.0,0.0,0.0,0.0,2026.0,0.18232155679395462,0.0,0.0,0.0
0.0,0.0,0.0,0.0,0.0,0.0,-0.8571673007021123,0.0,13.0,0.1,0.0,991.8,0.0,0.0,0.0,0.0,0.0,-0.9659258262890682,0.5712682150947923,0.0,0.0,-0.5150380749100542,0.0,0.0,0.0,0.0,3.494670991686635,-0.8660254037844386,0.0,0.0,,True,0.258819045102521,0.0,0.0,0.0,0.0,0.0,0.8207634412072763,0.0,0.0,0.0,2026-10-03 11:00:00,0.0,3.1,0.0,0.0,0.0,211,18.212416209628277,-5.0,0.5000000000000001,0.0,0.0,0.0,0.0,0.0,29.0,Nan,0.0,0.0,0.0,0.0,78,2.7464285714285714,0.0,0.0,0.0,0.0,0.0,0.0,2026.0,0.09531017980432487,0.0,0.0,0.0
0.0,0.0,0.0,0.0,0.0,0.0,-0.9743700647852352,0.0,13.0,0.1,0.0,990.4,0.0,0.0,0.0,0.0,0.0,-1.0,0.5712682150947923,0.0,0.0,-0.22495105434386498,0.0,0.0,0.0,0.0,3.498490118118953,-0.8660254037844386,0.0,0.0,,True,1.2246467991473532e-16,0.0,0.0,0.0,0.0,0.0,0.8207634412072763,0.0,0.0,0.0,2026-10-03 12:00:00,0.0,3.9,0.0,0.0,0.0,193,18.212416209628277,-2.0,0.5000000000000001,0.0,0.0,0.0,0.0,0.0,29.6,Nan,0.0,0.0,-1.0,0.0,76,2.7404761904761905,0.0,0.0,0.0,0.0,0.0,0.0,2026.0,0.09531017980432487,0.0,0.0,0.0
0.0,0.0,0.0,0.0,0.0,0.0,-0.6293203910498378,0.0,13.0,0.2,0.0,989.0,0.0,0.0,0.0,0.0,0.0,-0.9659258262890683,0.5712682150947923,0.0,0.0,-0.7771459614569706,0.0,0.0,0.0,0.0,3.502581197134051,-0.8660254037844386,0.0,0.0,,True,-0.2588190451025208,0.0,0.0,0.0,0.0,0.0,0.8207634412072763,0.0,0.0,0.0,2026-10-03 13:00:00,0.0,6.5,0.0,0.0,0.0,231,18.212416209628277,1.0,0.5000000000000001,0.0,0.0,0.0,0.0,0.0,29.2,Nan,0.0,0.0,-1.0,0.0,77,2.7339285714285713,0.0,0.0,0.0,0.0,0.0,0.0,2026.0,0.18232155679395462,0.0,0.0,0.0
0.0,0.0,0.0,0.0,0.0,0.0,-0.8571673007021123,0.0,13.0,0.3,0.0,987.9,0.0,0.0,0.0,0.0,0.0,-0.8660254037844388,0.5712682150947923,0.0,0.0,-0.5150380749100542,0.0,0.0,0.0,0.0,3.5069229697822557,-0.8660254037844386,0.0,0.0,,True,-0.4999999999999997,0.0,0.0,0.0,0.0,0.0,0.8207634412072763,0.0,0.0,0.0,2026-10-03 14:00:00,0.0,5.9,0.0,0.0,0.0,211,18.212416209628277,4.0,0.5000000000000001,0.0,0.0,0.0,0.0,0.0,28.1,Nan,0.0,0.0,-1.0,0.0,81,2.7267857142857146,0.0,0.0,0.0,0.0,0.0,0.0,2026.0,0.26236426446749106,0.0,0.0,0.0
0.0,0.0,0.0,0.0,0.0,0.0,-0.5591929034707466,0.0,13.0,1.2,0.0,987.4,0.0,0.0,0.0,0.0,0.0,-0.7071067811865479,0.5712682150947923,0.0,0.0,-0.8290375725550418,0.0,0.0,0.0,0.0,3.5117259337036417,-0.8660254037844386,0.0,0.0,,True,-0.7071067811865471,0.0,0.0,0.0,0.0,0.0,0.8207634412072763,0.0,0.0,0.0,2026-10-03 15:00:00,0.0,8.4,0.0,0.0,0.0,236,18.212416209628277,8.0,0.5000000000000001,0.0,0.0,0.0,0.0,0.0,26.0,Nan,0.0,0.0,1.0,0.0,89,2.7184523809523813,0.0,0.0,0.0,0.0,0.0,0.0,2026.0,0.7884573603642702,0.0,0.0,0.0
0.0,0.0,0.0,0.0,0.0,0.0,-0.9743700647852351,0.0,13.0,0.6,0.0,986.5,0.0,0.0,0.0,0.0,0.0,-0.5000000000000004,0.5712682150947923,0.0,0.0,0.2249510543438652,0.0,0.0,0.0,0.0,3.5167158329090378,-0.8660254037844386,0.0,0.0,,True,-0.8660254037844384,0.0,0.0,0.0,0.0,0.0,0.8207634412072763,0.0,0.0,0.0,2026-10-03 16:00:00,0.0,1.7,0.0,0.0,0.0,167,18.212416209628277,1.0,0.5000000000000001,0.0,0.0,0.0,0.0,0.0,26.1,Nan,0.0,0.0,0.0,0.0,90,2.7095238095238097,0.0,0.0,0.0,0.0,0.0,0.0,2026.0,0.4700036292457356,0.0,0.0,0.0
0.0,0.0,0.0,0.0,0.0,0.0,-0.1564344650402308,0.0,13.0,0.1,0.0,986.5,0.0,0.0,0.0,0.0,0.0,-0.25881904510252063,0.5712682150947923,0.0,0.0,0.9876883405951378,0.0,0.0,0.0,0.0,3.521870444603468,-0.8660254037844386,0.0,0.0,,True,-0.9659258262890683,0.0,0.0,0.0,0.0,0.0,0.8207634412072763,0.0,0.0,0.0,2026-10-03 17:00:00,0.0,2.4,0.0,0.0,0.0,99,18.212416209628277,-1.0,0.5000000000000001,0.0,0.0,0.0,0.0,0.0,26.3,Nan,0.0,0.0,1.0,0.0,89,2.7,0.0,0.0,0.0,0.0,0.0,0.0,2026.0,0.09531017980432487,0.0,0.0,0.0
0.0,0.0,0.0,0.0,0.0,0.0,0.08715574274765814,0.0,13.0,0.0,0.0,987.3,0.0,0.0,0.0,0.0,0.0,-1.8369701987210297e-16,0.5712682150947923,0.0,0.0,0.9961946980917455,0.0,0.0,0.0,0.0,3.527325907996664,-0.8660254037844386,0.0,0.0,,True,-1.0,0.0,0.0,0.0,0.0,0.0,0.8207634412072763,0.0,0.0,0.0,2026-10-03 18:00:00,0.0,2.0,0.0,0.0,0.0,85,18.212416209628277,6.0,0.5000000000000001,0.0,0.0,0.0,0.0,0.0,25.5,Nan,0.0,0.0,-1.0,0.0,95,2.6892857142857145,0.0,0.0,0.0,0.0,0.0,0.0,2026.0,0.0,0.0,0.0,0.0
0.0,0.0,0.0,0.0,0.0,0.0,0.5299192642332049,0.0,13.0,0.0,0.0,988.2,0.0,0.0,0.0,0.0,0.0,0.2588190451025203,0.5712682150947923,0.0,0.0,0.848048096156426,0.0,0.0,0.0,0.0,3.5331082567735783,-0.8660254037844386,0.0,0.0,,True,-0.9659258262890684,0.0,0.0,0.0,0.0,0.0,0.8207634412072763,0.0,0.0,0.0,2026-10-03 19:00:00,0.0,1.7,0.0,0.0,0.0,58,18.212416209628277,1.0,0.5000000000000001,0.0,0.0,0.0,0.0,0.0,25.2,Nan,0.0,0.0,-2.0,0.0,96,2.6767857142857143,0.0,0.0,0.0,0.0,0.0,0.0,2026.0,0.0,0.0,0.0,0.0
0.0,0.0,0.0,0.0,0.0,0.0,0.5591929034707468,0.0,13.0,0.0,0.0,989.2,0.0,0.0,0.0,0.0,0.0,0.5000000000000001,0.5712682150947923,0.0,0.0,0.8290375725550417,0.0,0.0,0.0,0.0,3.5004736782644463,-0.8660254037844386,0.0,0.0,,True,-0.8660254037844386,0.0,0.0,0.0,0.0,0.0,0.8207634412072763,0.0,0.0,0.0,2026-10-03 20:00:00,0.0,1.3,0.0,0.0,0.0,56,18.212416209628277,2.0,0.5000000000000001,0.0,0.0,0.0,0.0,0.0,24.9,Nan,0.0,0.0,0.0,0.0,98,2.6208333333333336,0.0,0.0,0.0,0.0,0.0,0.0,2026.0,0.0,0.0,0.0,0.0
0.0,0.0,0.0,0.0,0.0,0.0,0.7071067811865476,0.0,13.0,0.0,0.0,990.1,0.0,0.0,0.0,0.0,0.0,0.7071067811865474,0.5712682150947923,0.0,0.0,0.7071067811865475,0.0,0.0,0.0,0.0,3.489744399267978,-0.8660254037844386,0.0,0.0,,True,-0.7071067811865477,0.0,0.0,0.0,0.0,0.0,0.8207634412072763,0.0,0.0,0.0,2026-10-03 21:00:00,0.0,0.5,0.0,0.0,0.0,45,18.212416209628277,1.0,0.5000000000000001,0.0,0.0,0.0,0.0,0.0,24.5,Nan,0.0,0.0,1.0,0.0,99,2.5791666666666666,0.0,0.0,0.0,0.0,0.0,0.0,2026.0,0.0,0.0,0.0,0.0
0.0,0.0,0.0,0.0,0.0,0.0,-1.8369701987210297e-16,0.0,13.0,0.0,0.0,990.7,0.0,0.0,0.0,0.0,0.0,0.8660254037844384,0.5712682150947923,0.0,0.0,-1.0,0.0,0.0,0.0,0.0,3.490701935141412,-0.8660254037844386,0.0,0.0,,True,-0.5000000000000004,0.0,0.0,0.0,0.0,0.0,0.8207634412072763,0.0,0.0,0.0,2026-10-03 22:00:00,0.0,0.0,0.0,0.0,0.0,270,18.212416209628277,1.0,0.5000000000000001,0.0,0.0,0.0,0.0,0.0,24.3,Nan,0.0,0.0,2.0,0.0,100,2.55,0.0,0.0,0.0,0.0,0.0,0.0,2026.0,0.0,0.0,0.0,0.0
0.0,0.0,0.0,0.0,0.0,0.0,0.4539904997395468,0.0,13.0,0.0,0.0,990.5,0.0,0.0,0.0,0.0,0.0,0.9659258262890681,0.5712682150947923,0.0,0.0,0.8910065241883678,0.0,0.0,0.0,0.0,3.495046249357423,-0.8660254037844386,0.0,0.0,,True,-0.25881904510252157,0.0,0.0,0.0,0.0,0.0,0.8207634412072763,0.0,0.0,0.0,2026-10-03 23:00:00,0.0,0.4,0.0,0.0,0.0,63,18.212416209628277,-1.0,0.5000000000000001,0.0,0.0,0.0,0.0,0.0,24.3,Nan,0.0,0.0,0.0,0.0,99,2.5279761904761906,0.0,0.0,0.0,0.0,0.0,0.0,2026.0,0.0,0.0,0.0,0.0
0.0,0.0,0.0,0.0,0.0,0.0,0.5150380749100542,0.0,13.0,0.0,0.0,989.8,0.0,0.0,0.0,0.0,0.0,1.0,0.7247927872291199,0.0,0.0,0.8571673007021123,0.0,0.0,0.0,0.0,3.5004219052478844,-0.8660254037844386,0.0,0.0,,True,0.0,0.0,0.0,0.0,0.0,0.0,0.6889669190756866,0.0,0.0,0.0,2026-10-04 00:00:00,0.0,1.0,0.0,0.0,0.0,59,18.212416209628277,0.0,0.5000000000000001,0.0,0.0,0.0,0.0,0.0,24.3,Nan,0.0,0.0,-1.0,0.0,99,2.511904761904762,0.0,0.0,0.0,0.0,0.0,0.0,2026.0,0.0,0.0,0.0,0.0
0.0,0.0,0.0,0.0,0.0,0.0,0.24192189559966767,0.0,13.0,0.0,0.0,989.1,0.0,0.0,0.0,0.0,0.0,0.9659258262890683,0.7247927872291199,0.0,0.0,0.9702957262759965,0.0,0.0,0.0,0.0,3.5057176633371396,-0.8660254037844386,0.0,0.0,,True,0.25881904510252074,0.0,0.0,0.0,0.0,0.0,0.6889669190756866,0.0,0.0,0.0,2026-10-04 01:00:00,0.0,1.5,0.0,0.0,0.0,76,18.212416209628277,-1.0,0.5000000000000001,0.0,0.0,0.0,0.0,0.0,24.3,Nan,0.0,0.0,-1.0,0.0,98,2.4982142857142855,0.0,0.0,0.0,0.0,0.0,0.0,2026.0,0.0,0.0,0.0,0.0
0.0,0.0,0.0,0.0,0.0,0.0,-0.484809620246337,0.0,13.0,0.0,0.0,988.6,0.0,0.0,0.0,0.0,0.0,0.8660254037844387,0.7247927872291199,0.0,0.0,0.8746197071393959,0.0,0.0,0.0,0.0,3.510940747431205,-0.8660254037844386,0.0,0.0,,True,0.49999999999999994,0.0,0.0,0.0,0.0,0.0,0.6889669190756866,0.0,0.0,0.0,2026-10-04 02:00:00,0.0,1.9,0.0,0.0,0.0,119,18.212416209628277,0.0,0.5000000000000001,0.0,0.0,0.0,0.0,0.0,24.3,Nan,0.0,0.0,-1.0,0.0,98,2.482142857142857,0.0,0.0,0.0,0.0,0.0,0.0,2026.0,0.0,0.0,0.0,0.0
0.0,0.0,0.0,0.0,0.0,0.0,-0.8571673007021122,0.0,13.0,0.0,0.0,988.2,0.0,0.0,0.0,0.0,0.0,0.7071067811865476,0.7247927872291199,0.0,0.0,0.5150380749100544,0.0,0.0,0.0,0.0,3.5143808361594258,-0.8660254037844386,0.0,0.0,,True,0.7071067811865475,0.0,0.0,0.0,0.0,0.0,0.6889669190756866,0.0,0.0,0.0,2026-10-04 03:00:00,0.0,3.1,0.0,0.0,0.0,149,18.212416209628277,1.0,0.5000000000000001,0.0,0.0,0.0,0.0,0.0,24.3,Nan,0.0,0.0,1.0,0.0,99,2.4589285714285714,0.0,0.0,0.0,0.0,0.0,0.0,2026.0,0.0,0.0,0.0,0.0
0.0,0.0,0.0,0.0,0.0,0.0,-0.9455185755993168,0.0,13.0,0.0,0.0,988.0,0.0,0.0,0.0,0.0,0.0,0.5000000000000001,0.7247927872291199,0.0,0.0,0.3255681544571566,0.0,0.0,0.0,0.0,3.5171347255976038,-0.8660254037844386,0.0,0.0,,True,0.8660254037844386,0.0,0.0,0.0,0.0,0.0,0.6889669190756866,0.0,0.0,0.0,2026-10-04 04:00:00,0.0,4.4,0.0,0.0,0.0,161,18.212416209628277,0.0,0.5000000000000001,0.0,0.0,0.0,0.0,0.0,24.4,Nan,0.0,0.0,1.0,0.0,99,2.4345238095238093,0.0,0.0,0.0,0.0,0.0,0.0,2026.0,0.0,0.0,0.0,0.0
0.0,0.0,0.0,0.0,0.0,0.0,-0.984807753012208,0.0,13.0,0.0,0.0,988.3,0.0,0.0,0.0,0.0,0.0,0.25881904510252074,0.7247927872291199,0.0,0.0,0.17364817766693028,0.0,0.0,0.0,0.0,3.520254752605645,-0.8660254037844386,0.0,0.0,,True,0.9659258262890683,0.0,0.0,0.0,0.0,0.0,0.6889669190756866,0.0,0.0,0.0,2026-10-04 05:00:00,0.0,5.1,0.0,0.0,0.0,170,18.212416209628277,0.0,0.5000000000000001,0.0,0.0,0.0,0.0,0.0,24.4,Nan,0.0,0.0,0.0,0.0,99,2.411309523809524,0.0,0.0,0.0,0.0,0.0,0.0,2026.0,0.0,0.0,0.0,0.0
0.0,0.0,0.0,0.0,0.0,0.0,-0.9993908270190958,0.0,13.0,0.0,0.0,988.9,0.0,0.0,0.0,0.0,0.0,6.123233995736766e-17,0.7247927872291199,0.0,0.0,0.03489949670250114,0.0,0.0,0.0,0.0,3.5234659883219646,-0.8660254037844386,0.0,0.0,,True,1.0,0.0,0.0,0.0,0.0,0.0,0.6889669190756866,0.0,0.0,0.0,2026-10-04 06:00:00,0.0,5.6,0.0,0.0,0.0,178,18.212416209628277,-1.0,0.5000000000000001,0.0,0.0,0.0,0.0,0.0,24.4,Nan,0.0,0.0,0.0,0.0,98,2.3886904761904764,0.0,0.0,0.0,0.0,0.0,0.0,2026.0,0.0,0.0,0.0,0.0
0.0,0.0,0.0,0.0,0.0,0.0,-0.9975640502598242,0.0,13.0,0.0,0.0,989.5,0.0,0.0,0.0,0.0,0.0,-0.25881904510252063,0.7247927872291199,0.0,0.0,-0.06975647374412527,0.0,0.0,0.0,0.0,3.5262786957229144,-0.8660254037844386,0.0,0.0,,True,0.9659258262890683,0.0,0.0,0.0,0.0,0.0,0.6889669190756866,0.0,0.0,0.0,2026-10-04 07:00:00,0.0,5.8,0.0,0.0,0.0,184,18.212416209628277,-3.0,0.5000000000000001,0.0,0.0,0.0,0.0,0.0,24.8,Nan,0.0,0.0,-2.0,0.0,95,2.3654761904761905,0.0,0.0,0.0,0.0,0.0,0.0,2026.0,0.0,0.0,0.0,0.0
0.0,0.0,0.0,0.0,0.0,0.0,-0.9993908270190958,0.0,13.0,0.1,0.0,990.2,0.0,0.0,0.0,0.0,0.0,-0.4999999999999998,0.7247927872291199,0.0,0.0,-0.0348994967025009,0.0,0.0,0.0,0.0,3.530613604786547,-0.8660254037844386,0.0,0.0,,True,0.8660254037844387,0.0,0.0,0.0,0.0,0.0,0.6889669190756866,0.0,0.0,0.0,2026-10-04 08:00:00,0.0,5.2,0.0,0.0,0.0,182,18.212416209628277,-4.0,0.5000000000000001,0.0,0.0,0.0,0.0,0.0,25.7,Nan,0.0,0.0,-2.0,0.0,91,2.3476190476190473,0.0,0.0,0.0,0.0,0.0,0.0,2026.0,0.09531017980432487,0.0,0.0,0.0
0.0,0.0,0.0,0.0,0.0,0.0,-1.0,0.0,13.0,0.1,0.0,990.8,0.0,0.0,0.0,0.0,0.0,-0.7071067811865475,0.7247927872291199,0.0,0.0,1.2246467991473532e-16,0.0,0.0,0.0,0.0,3.5349573805030228,-0.8660254037844386,0.0,0.0,,True,0.7071067811865476,0.0,0.0,0.0,0.0,0.0,0.6889669190756866,0.0,0.0,0.0,2026-10-04 09:00:00,0.0,4.1,0.0,0.0,0.0,180,18.212416209628277,-6.0,0.5000000000000001,0.0,0.0,0.0,0.0,0.0,26.9,Nan,0.0,0.0,-4.0,0.0,85,2.330357142857143,0.0,0.0,0.0,0.0,0.0,0.0,2026.0,0.09531017980432487,0.0,0.0,0.0
0.0,0.0,0.0,0.0,0.0,0.0,-1.0,0.0,13.0,0.1,0.0,990.9,0.0,0.0,0.0,0.0,0.0,-0.8660254037844387,0.7247927872291199,0.0,0.0,1.2246467991473532e-16,0.0,0.0,0.0,0.0,3.538980373803703,-0.8660254037844386,0.0,0.0,,True,0.49999999999999994,0.0,0.0,0.0,0.0,0.0,0.6889669190756866,0.0,0.0,0.0,2026-10-04 10:00:00,0.0,3.2,0.0,0.0,0.0,180,18.212416209628277,-4.0,0.5000000000000001,0.0,0.0,0.0,0.0,0.0,28.0,Nan,0.0,0.0,-2.0,0.0,81,2.3119047619047617,0.0,0.0,0.0,0.0,0.0,0.0,2026.0,0.09531017980432487,0.0,0.0,0.0
0.0,0.0,0.0,0.0,0.0,0.0,-0.9455185755993167,0.0,13.0,0.1,0.0,990.2,0.0,0.0,0.0,0.0,0.0,-0.9659258262890682,0.7247927872291199,0.0,0.0,-0.32556815445715676,0.0,0.0,0.0,0.0,3.5425978667768105,-0.8660254037844386,0.0,0.0,,True,0.258819045102521,0.0,0.0,0.0,0.0,0.0,0.6889669190756866,0.0,0.0,0.0,2026-10-04 11:00:00,0.0,3.2,0.0,0.0,0.0,199,18.212416209628277,-3.0,0.5000000000000001,0.0,0.0,0.0,0.0,0.0,29.0,Nan,0.0,0.0,0.0,0.0,78,2.2922619047619044,0.0,0.0,0.0,0.0,0.0,0.0,2026.0,0.09531017980432487,0.0,0.0,0.0
0.0,0.0,0.0,0.0,0.0,0.0,-0.7771459614569708,0.0,13.0,0.1,0.0,989.1,0.0,0.0,0.0,0.0,0.0,-1.0,0.7247927872291199,0.0,0.0,-0.6293203910498376,0.0,0.0,0.0,0.0,3.546102863925686,-0.8660254037844386,0.0,0.0,,True,1.2246467991473532e-16,0.0,0.0,0.0,0.0,0.0,0.6889669190756866,0.0,0.0,0.0,2026-10-04 12:00:00,0.0,4.0,0.0,0.0,0.0,219,18.212416209628277,-3.0,0.5000000000000001,0.0,0.0,0.0,0.0,0.0,29.9,Nan,0.0,0.0,-1.0,0.0,75,2.2726190476190475,0.0,0.0,0.0,0.0,0.0,0.0,2026.0,0.09531017980432487,0.0,0.0,0.0
0.0,0.0,0.0,0.0,0.0,0.0,-0.6691306063588581,0.0,13.0,0.1,0.0,987.9,0.0,0.0,0.0,0.0,0.0,-0.9659258262890683,0.7247927872291199,0.0,0.0,-0.7431448254773944,0.0,0.0,0.0,0.0,3.5493116767459023,-0.8660254037844386,0.0,0.0,,True,-0.2588190451025208,0.0,0.0,0.0,0.0,0.0,0.6889669190756866,0.0,0.0,0.0,2026-10-04 13:00:00,0.0,4.6,0.0,0.0,0.0,228,18.212416209628277,-2.0,0.5000000000000001,0.0,0.0,0.0,0.0,0.0,30.3,Nan,0.0,0.0,-4.0,0.0,73,2.2523809523809524,0.0,0.0,0.0,0.0,0.0,0.0,2026.0,0.09531017980432487,0.0,0.0,0.0
0.0,0.0,0.0,0.0,0.0,0.0,-0.6018150231520483,0.0,13.0,0.3,0.0,986.9,0.0,0.0,0.0,0.0,0.0,-0.8660254037844388,0.7247927872291199,0.0,0.0,-0.7986355100472928,0.0,0.0,0.0,0.0,3.5521981772684876,-0.8660254037844386,0.0,0.0,,True,-0.4999999999999997,0.0,0.0,0.0,0.0,0.0,0.6889669190756866,0.0,0.0,0.0,2026-10-04 14:00:00,0.0,4.5,0.0,0.0,0.0,233,18.212416209628277,1.0,0.5000000000000001,0.0,0.0,0.0,0.0,0.0,30.0,Nan,0.0,0.0,-7.0,0.0,74,2.231547619047619,0.0,0.0,0.0,0.0,0.0,0.0,2026.0,0.26236426446749106,0.0,0.0,0.0
0.0,0.0,0.0,0.0,0.0,0.0,-0.5591929034707466,0.0,13.0,0.3,0.0,986.0,0.0,0.0,0.0,0.0,0.0,-0.7071067811865479,0.7247927872291199,0.0,0.0,-0.8290375725550418,0.0,0.0,0.0,0.0,3.55535828888711,-0.8660254037844386,0.0,0.0,,True,-0.7071067811865471,0.0,0.0,0.0,0.0,0.0,0.6889669190756866,0.0,0.0,0.0,2026-10-04 15:00:00,0.0,4.1,0.0,0.0,0.0,236,18.212416209628277,2.0,0.5000000000000001,0.0,0.0,0.0,0.0,0.0,29.4,Nan,0.0,0.0,-13.0,0.0,76,2.211904761904762,0.0,0.0,0.0,0.0,0.0,0.0,2026.0,0.26236426446749106,0.0,0.0,0.0
0.0,0.0,0.0,0.0,0.0,0.0,-0.5877852522924732,0.0,13.0,0.3,0.0,985.5,0.0,0.0,0.0,0.0,0.0,-0.5000000000000004,0.7247927872291199,0.0,0.0,-0.8090169943749473,0.0,0.0,0.0,0.0,3.557531244733662,-0.8660254037844386,0.0,0.0,,True,-0.8660254037844384,0.0,0.0,0.0,0.0,0.0,0.6889669190756866,0.0,0.0,0.0,2026-10-04 16:00:00,0.0,3.1,0.0,0.0,0.0,234,18.212416209628277,3.0,0.5000000000000001,0.0,0.0,0.0,0.0,0.0,28.5,Nan,0.0,0.0,-11.0,0.0,79,2.1898809523809524,0.0,0.0,0.0,0.0,0.0,0.0,2026.0,0.26236426446749106,0.0,0.0,0.0
0.0,0.0,0.0,0.0,0.0,0.0,-0.7986355100472928,0.0,13.0,0.7,0.0,985.7,0.0,0.0,0.0,0.0,0.0,-0.25881904510252063,0.7247927872291199,0.0,0.0,-0.6018150231520484,0.0,0.0,0.0,0.0,3.560456757813952,-0.8660254037844386,0.0,0.0,,True,-0.9659258262890683,0.0,0.0,0.0,0.0,0.0,0.6889669190756866,0.0,0.0,0.0,2026-10-04 17:00:00,0.0,0.9,0.0,0.0,0.0,217,18.212416209628277,6.0,0.5000000000000001,0.0,0.0,0.0,0.0,0.0,27.3,Nan,0.0,0.0,-4.0,0.0,85,2.170238095238095,0.0,0.0,0.0,0.0,0.0,0.0,2026.0,0.5306282510621704,0.0,0.0,0.0
0.0,0.0,0.0,0.0,0.0,0.0,0.24192189559966767,0.0,13.0,0.7,0.0,986.5,0.0,0.0,0.0,0.0,0.0,-1.8369701987210297e-16,0.7247927872291199,0.0,0.0,0.9702957262759965,0.0,0.0,0.0,0.0,3.5630711739279346,-0.8660254037844386,0.0,0.0,,True,-1.0,0.0,0.0,0.0,0.0,0.0,0.6889669190756866,0.0,0.0,0.0,2026-10-04 18:00:00,0.0,2.2,0.0,0.0,0.0,76,18.212416209628277,7.0,0.5000000000000001,0.0,0.0,0.0,0.0,0.0,26.0,Nan,0.0,0.0,-3.0,0.0,92,2.15,0.0,0.0,0.0,0.0,0.0,0.0,2026.0,0.5306282510621704,0.0,0.0,0.0
0.0,0.0,0.0,0.0,0.0,0.0,0.27563735581699916,0.0,13.0,0.7,0.0,987.4,0.0,0.0,0.0,0.0,0.0,0.2588190451025203,0.7247927872291199,0.0,0.0,0.9612616959383189,0.0,0.0,0.0,0.0,3.5653483461458686,-0.8660254037844386,0.0,0.0,,True,-0.9659258262890684,0.0,0.0,0.0,0.0,0.0,0.6889669190756866,0.0,0.0,0.0,2026-10-04 19:00:00,0.0,3.4,0.0,0.0,0.0,74,18.212416209628277,6.0,0.5000000000000001,0.0,0.0,0.0,0.0,0.0,24.9,Nan,0.0,0.0,2.0,0.0,98,2.1291666666666664,0.0,0.0,0.0,0.0,0.0,0.0,2026.0,0.5306282510621704,0.0,0.0,0.0
0.0,0.0,0.0,0.0,0.0,0.0,-0.4539904997395467,0.0,13.0,0.7,0.0,988.6,0.0,0.0,0.0,0.0,0.0,0.5000000000000001,0.7247927872291199,0.0,0.0,0.8910065241883679,0.0,0.0,0.0,0.0,3.5529538029115413,-0.8660254037844386,0.0,0.0,,True,-0.8660254037844386,0.0,0.0,0.0,0.0,0.0,0.6889669190756866,0.0,0.0,0.0,2026-10-04 20:00:00,0.0,1.6,0.0,0.0,0.0,117,18.212416209628277,1.0,0.5000000000000001,0.0,0.0,0.0,0.0,0.0,24.3,Nan,0.0,0.0,1.0,0.0,99,2.0904761904761906,0.0,0.0,0.0,0.0,0.0,0.0,2026.0,0.5306282510621704,0.0,0.0,0.0
0.0,0.0,0.0,0.0,0.0,0.0,-0.8829475928589269,0.0,13.0,0.7,0.0,990.1,0.0,0.0,0.0,0.0,0.0,0.7071067811865474,0.7247927872291199,0.0,0.0,-0.46947156278589086,0.0,0.0,0.0,0.0,3.5377723687842515,-0.8660254037844386,0.0,0.0,,True,-0.7071067811865477,0.0,0.0,0.0,0.0,0.0,0.6889669190756866,0.0,0.0,0.0,2026-10-04 21:00:00,0.0,3.9,0.0,0.0,0.0,208,18.212416209628277,0.0,0.5000000000000001,0.0,0.0,0.0,0.0,0.0,23.9,Nan,0.0,0.0,0.0,0.0,99,2.05,0.0,0.0,0.0,0.0,0.0,0.0,2026.0,0.5306282510621704,0.0,0.0,0.0
0.0,0.0,0.0,0.0,0.0,0.0,-0.766044443118978,0.0,13.0,0.7,0.0,990.8,0.0,0.0,0.0,0.0,0.0,0.8660254037844384,0.7247927872291199,0.0,0.0,-0.6427876096865393,0.0,0.0,0.0,0.0,3.5212421772846634,-0.8660254037844386,0.0,0.0,,True,-0.5000000000000004,0.0,0.0,0.0,0.0,0.0,0.6889669190756866,0.0,0.0,0.0,2026-10-04 22:00:00,0.0,5.6,0.0,0.0,0.0,220,18.212416209628277,-1.0,0.5000000000000001,0.0,0.0,0.0,0.0,0.0,23.6,Nan,0.0,0.0,-2.0,0.0,98,2.0089285714285716,0.0,0.0,0.0,0.0,0.0,0.0,2026.0,0.5306282510621704,0.0,0.0,0.0
0.0,0.0,0.0,0.0,0.0,0.0,-0.6427876096865395,0.0,13.0,0.8,0.0,990.5,0.0,0.0,0.0,0.0,0.0,0.9659258262890681,0.7247927872291199,0.0,0.0,-0.7660444431189779,0.0,0.0,0.0,0.0,3.5041526628207484,-0.8660254037844386,0.0,0.0,,True,-0.25881904510252157,0.0,0.0,0.0,0.0,0.0,0.6889669190756866,0.0,0.0,0.0,2026-10-04 23:00:00,0.0,2.8,0.0,0.0,0.0,230,18.212416209628277,0.0,0.5000000000000001,0.0,0.0,0.0,0.0,0.0,23.2,Nan,0.0,0.0,-1.0,0.0,98,1.967857142857143,0.0,0.0,0.0,0.0,0.0,0.0,2026.0,0.5877866649021191,0.0,0.0,0.0
0.0,0.0,0.0,0.0,0.0,0.0,0.9702957262759965,0.0,13.0,0.8,0.0,989.6,0.0,0.0,0.0,0.0,0.0,1.0,0.8486442574947509,0.0,0.0,0.24192189559966773,0.0,0.0,0.0,0.0,3.487335972946773,-0.8660254037844386,0.0,0.0,,True,0.0,0.0,0.0,0.0,0.0,0.0,0.5289640103269624,0.0,0.0,0.0,2026-10-05 00:00:00,0.0,2.2,0.0,0.0,0.0,14,18.212416209628277,1.0,0.5000000000000001,0.0,0.0,0.0,0.0,0.0,23.0,Nan,0.0,0.0,0.0,0.0,99,1.9273809523809522,0.0,0.0,0.0,0.0,0.0,0.0,2026.0,0.5877866649021191,0.0,0.0,0.0
0.0,0.0,0.0,0.0,0.0,0.0,0.8910065241883679,0.0,13.0,0.8,0.0,988.8,0.0,0.0,0.0,0.0,0.0,0.9659258262890683,0.8486442574947509,0.0,0.0,0.45399049973954675,0.0,0.0,0.0,0.0,3.4739616448137696,-0.8660254037844386,0.0,0.0,,True,0.25881904510252074,0.0,0.0,0.0,0.0,0.0,0.5289640103269624,0.0,0.0,0.0,2026-10-05 01:00:00,0.0,5.5,0.0,0.0,0.0,27,18.212416209628277,1.0,0.5000000000000001,0.0,0.0,0.0,0.0,0.0,22.8,Nan,0.0,0.0,2.0,0.0,100,1.8898809523809523,0.0,0.0,0.0,0.0,0.0,0.0,2026.0,0.5877866649021191,0.0,0.0,0.0
0.0,0.0,0.0,0.0,0.0,0.0,0.8910065241883679,0.0,13.0,0.0,0.0,988.5,0.0,0.0,0.0,0.0,0.0,0.8660254037844387,0.8486442574947509,0.0,0.0,0.45399049973954675,0.0,0.0,0.0,0.0,3.4669084737095908,-0.8660254037844386,0.0,0.0,,True,0.49999999999999994,0.0,0.0,0.0,0.0,0.0,0.5289640103269624,0.0,0.0,0.0,2026-10-05 02:00:00,0.0,5.1,0.0,0.0,0.0,27,18.212416209628277,0.0,0.5000000000000001,0.0,0.0,0.0,0.0,0.0,22.7,Nan,0.0,0.0,2.0,0.0,100,1.8583333333333336,0.0,0.0,0.0,0.0,0.0,0.0,2026.0,0.0,0.0,0.0,0.0
0.0,0.0,0.0,0.0,0.0,0.0,0.9335804264972017,0.0,13.0,0.0,0.0,988.3,0.0,0.0,0.0,0.0,0.0,0.7071067811865476,0.8486442574947509,0.0,0.0,0.35836794954530027,0.0,0.0,0.0,0.0,3.465075184140458,-0.8660254037844386,0.0,0.0,,True,0.7071067811865475,0.0,0.0,0.0,0.0,0.0,0.5289640103269624,0.0,0.0,0.0,2026-10-05 03:00:00,0.0,3.1,0.0,0.0,0.0,21,18.212416209628277,0.0,0.5000000000000001,0.0,0.0,0.0,0.0,0.0,22.7,Nan,0.0,0.0,1.0,0.0,100,1.8333333333333333,0.0,0.0,0.0,0.0,0.0,0.0,2026.0,0.0,0.0,0.0,0.0
0.0,0.0,0.0,0.0,0.0,0.0,0.9945218953682733,0.0,13.0,0.0,0.0,988.4,0.0,0.0,0.0,0.0,0.0,0.5000000000000001,0.8486442574947509,0.0,0.0,0.10452846326765347,0.0,0.0,0.0,0.0,3.4667465895418106,-0.8660254037844386,0.0,0.0,,True,0.8660254037844386,0.0,0.0,0.0,0.0,0.0,0.5289640103269624,0.0,0.0,0.0,2026-10-05 04:00:00,0.0,1.6,0.0,0.0,0.0,6,18.212416209628277,-1.0,0.5000000000000001,0.0,0.0,0.0,0.0,0.0,22.8,Nan,0.0,0.0,0.0,0.0,99,1.8154761904761905,0.0,0.0,0.0,0.0,0.0,0.0,2026.0,0.0,0.0,0.0,0.0
0.0,0.0,0.0,0.0,0.0,0.0,0.9902680687415703,0.0,13.0,0.2,0.0,988.8,0.0,0.0,0.0,0.0,0.0,0.25881904510252074,0.8486442574947509,0.0,0.0,-0.13917310096006588,0.0,0.0,0.0,0.0,3.4691411216441006,-0.8660254037844386,0.0,0.0,,True,0.9659258262890683,0.0,0.0,0.0,0.0,0.0,0.5289640103269624,0.0,0.0,0.0,2026-10-05 05:00:00,0.0,1.3,0.0,0.0,0.0,352,18.212416209628277,0.0,0.5000000000000001,0.0,0.0,0.0,0.0,0.0,22.9,Nan,0.0,0.0,0.0,0.0,99,1.8005952380952381,0.0,0.0,0.0,0.0,0.0,0.0,2026.0,0.18232155679395462,0.0,0.0,0.0
0.0,0.0,0.0,0.0,0.0,0.0,0.9902680687415703,0.0,13.0,0.2,0.0,989.5,0.0,0.0,0.0,0.0,0.0,6.123233995736766e-17,0.8486442574947509,0.0,0.0,-0.13917310096006588,0.0,0.0,0.0,0.0,3.4717600089182157,-0.8660254037844386,0.0,0.0,,True,1.0,0.0,0.0,0.0,0.0,0.0,0.5289640103269624,0.0,0.0,0.0,2026-10-05 06:00:00,0.0,1.3,0.0,0.0,0.0,352,18.212416209628277,-1.0,0.5000000000000001,0.0,0.0,0.0,0.0,0.0,23.0,Nan,0.0,0.0,0.0,0.0,98,1.7875,0.0,0.0,0.0,0.0,0.0,0.0,2026.0,0.18232155679395462,0.0,0.0,0.0
0.0,0.0,0.0,0.0,0.0,0.0,0.9702957262759965,0.0,13.0,0.2,0.0,990.1,0.0,0.0,0.0,0.0,0.0,-0.25881904510252063,0.8486442574947509,0.0,0.0,-0.24192189559966787,0.0,0.0,0.0,0.0,3.4744767057335135,-0.8660254037844386,0.0,0.0,,True,0.9659258262890683,0.0,0.0,0.0,0.0,0.0,0.5289640103269624,0.0,0.0,0.0,2026-10-05 07:00:00,0.0,1.5,0.0,0.0,0.0,346,18.212416209628277,-1.0,0.5000000000000001,0.0,0.0,0.0,0.0,0.0,23.4,Nan,0.0,0.0,2.0,0.0,97,1.7773809523809525,0.0,0.0,0.0,0.0,0.0,0.0,2026.0,0.18232155679395462,0.0,0.0,0.0
0.0,0.0,0.0,0.0,0.0,0.0,0.9205048534524403,0.0,13.0,0.4,0.0,990.9,0.0,0.0,0.0,0.0,0.0,-0.4999999999999998,0.8486442574947509,0.0,0.0,-0.3907311284892739,0.0,0.0,0.0,0.0,3.4747725724530674,-0.8660254037844386,0.0,0.0,,True,0.8660254037844387,0.0,0.0,0.0,0.0,0.0,0.5289640103269624,0.0,0.0,0.0,2026-10-05 08:00:00,0.0,2.3,0.0,0.0,0.0,337,18.212416209628277,-3.0,0.5000000000000001,0.0,0.0,0.0,0.0,0.0,24.4,Nan,0.0,0.0,3.0,0.0,94,1.7767857142857142,0.0,0.0,0.0,0.0,0.0,0.0,2026.0,0.33647223662121295,0.0,0.0,0.0
0.0,0.0,0.0,0.0,0.0,0.0,0.9335804264972015,0.0,13.0,0.4,0.0,991.7,0.0,0.0,0.0,0.0,0.0,-0.7071067811865475,0.8486442574947509,0.0,0.0,-0.35836794954530077,0.0,0.0,0.0,0.0,3.4758520199713954,-0.8660254037844386,0.0,0.0,,True,0.7071067811865476,0.0,0.0,0.0,0.0,0.0,0.5289640103269624,0.0,0.0,0.0,2026-10-05 09:00:00,0.0,3.5,0.0,0.0,0.0,339,18.212416209628277,-5.0,0.5000000000000001,0.0,0.0,0.0,0.0,0.0,25.8,Nan,0.0,0.0,4.0,0.0,89,1.774404761904762,0.0,0.0,0.0,0.0,0.0,0.0,2026.0,0.33647223662121295,0.0,0.0,0.0
0.0,0.0,0.0,0.0,0.0,0.0,0.9510565162951535,0.0,13.0,0.4,0.0,991.9,0.0,0.0,0.0,0.0,0.0,-0.8660254037844387,0.8486442574947509,0.0,0.0,-0.3090169943749476,0.0,0.0,0.0,0.0,3.477364802867571,-0.8660254037844386,0.0,0.0,,True,0.49999999999999994,0.0,0.0,0.0,0.0,0.0,0.5289640103269624,0.0,0.0,0.0,2026-10-05 10:00:00,0.0,3.6,0.0,0.0,0.0,342,18.212416209628277,-3.0,0.5000000000000001,0.0,0.0,0.0,0.0,0.0,26.9,Nan,0.0,0.0,5.0,0.0,86,1.7708333333333333,0.0,0.0,0.0,0.0,0.0,0.0,2026.0,0.33647223662121295,0.0,0.0,0.0
0.0,0.0,0.0,0.0,0.0,0.0,0.9135454576426009,0.0,13.0,0.2,0.0,990.9,0.0,0.0,0.0,0.0,0.0,-0.9659258262890682,0.8486442574947509,0.0,0.0,0.4067366430758002,0.0,0.0,0.0,0.0,3.4788732614887152,-0.8660254037844386,0.0,0.0,,True,0.258819045102521,0.0,0.0,0.0,0.0,0.0,0.5289640103269624,0.0,0.0,0.0,2026-10-05 11:00:00,0.0,2.2,0.0,0.0,0.0,24,18.212416209628277,-4.0,0.5000000000000001,0.0,0.0,0.0,0.0,0.0,27.7,Nan,0.0,0.0,4.0,0.0,82,1.767261904761905,0.0,0.0,0.0,0.0,0.0,0.0,2026.0,0.18232155679395462,0.0,0.0,0.0
0.0,0.0,0.0,0.0,0.0,0.0,-0.10452846326765355,0.0,13.0,0.2,0.0,989.5,0.0,0.0,0.0,0.0,0.0,-1.0,0.8486442574947509,0.0,0.0,0.9945218953682733,0.0,0.0,0.0,0.0,3.4803774014574866,-0.8660254037844386,0.0,0.0,,True,1.2246467991473532e-16,0.0,0.0,0.0,0.0,0.0,0.5289640103269624,0.0,0.0,0.0,2026-10-05 12:00:00,0.0,3.4,0.0,0.0,0.0,96,18.212416209628277,-3.0,0.5000000000000001,0.0,0.0,0.0,0.0,0.0,28.3,Nan,0.0,0.0,4.0,0.0,79,1.7636904761904764,0.0,0.0,0.0,0.0,0.0,0.0,2026.0,0.18232155679395462,0.0,0.0,0.0
0.0,0.0,0.0,0.0,0.0,0.0,-0.25881904510252085,0.0,13.0,0.2,0.0,988.3,0.0,0.0,0.0,0.0,0.0,-0.9659258262890683,0.8486442574947509,0.0,0.0,0.9659258262890683,0.0,0.0,0.0,0.0,3.482066950739619,-0.8660254037844386,0.0,0.0,,True,-0.2588190451025208,0.0,0.0,0.0,0.0,0.0,0.5289640103269624,0.0,0.0,0.0,2026-10-05 13:00:00,0.0,4.8,0.0,0.0,0.0,105,18.212416209628277,-1.0,0.5000000000000001,0.0,0.0,0.0,0.0,0.0,28.5,Nan,0.0,0.0,5.0,0.0,78,1.7595238095238097,0.0,0.0,0.0,0.0,0.0,0.0,2026.0,0.18232155679395462,0.0,0.0,0.0
0.0,0.0,0.0,0.0,0.0,0.0,0.24192189559966767,0.0,13.0,0.9,0.0,987.4,0.0,0.0,0.0,0.0,0.0,-0.8660254037844388,0.8486442574947509,0.0,0.0,0.9702957262759965,0.0,0.0,0.0,0.0,3.483922418697227,-0.8660254037844386,0.0,0.0,,True,-0.4999999999999997,0.0,0.0,0.0,0.0,0.0,0.5289640103269624,0.0,0.0,0.0,2026-10-05 14:00:00,0.0,3.0,0.0,0.0,0.0,76,18.212416209628277,0.0,0.5000000000000001,0.0,0.0,0.0,0.0,0.0,28.2,Nan,0.0,0.0,4.0,0.0,78,1.7547619047619047,0.0,0.0,0.0,0.0,0.0,0.0,2026.0,0.6418538861723948,0.0,0.0,0.0
0.0,0.0,0.0,0.0,0.0,0.0,0.9961946980917455,0.0,13.0,0.9,0.0,986.6,0.0,0.0,0.0,0.0,0.0,-0.7071067811865479,0.8486442574947509,0.0,0.0,-0.08715574274765832,0.0,0.0,0.0,0.0,3.4861797418057594,-0.8660254037844386,0.0,0.0,,True,-0.7071067811865471,0.0,0.0,0.0,0.0,0.0,0.5289640103269624,0.0,0.0,0.0,2026-10-05 15:00:00,0.0,4.0,0.0,0.0,0.0,355,18.212416209628277,3.0,0.5000000000000001,0.0,0.0,0.0,0.0,0.0,27.5,Nan,0.0,0.0,5.0,0.0,81,1.748214285714286,0.0,0.0,0.0,0.0,0.0,0.0,2026.0,0.6418538861723948,0.0,0.0,0.0
0.0,0.0,0.0,0.0,0.0,0.0,0.8910065241883678,0.0,13.0,0.9,0.0,986.5,0.0,0.0,0.0,0.0,0.0,-0.5000000000000004,0.8486442574947509,0.0,0.0,-0.45399049973954697,0.0,0.0,0.0,0.0,3.4885242199235473,-0.8660254037844386,0.0,0.0,,True,-0.8660254037844384,0.0,0.0,0.0,0.0,0.0,0.5289640103269624,0.0,0.0,0.0,2026-10-05 16:00:00,0.0,6.3,0.0,0.0,0.0,333,18.212416209628277,3.0,0.5000000000000001,0.0,0.0,0.0,0.0,0.0,26.7,Nan,0.0,0.0,5.0,0.0,84,1.7410714285714286,0.0,0.0,0.0,0.0,0.0,0.0,2026.0,0.6418538861723948,0.0,0.0,0.0
0.0,0.0,0.0,0.0,0.0,0.0,0.6691306063588578,0.0,13.0,1.5,0.0,987.1,0.0,0.0,0.0,0.0,0.0,-0.25881904510252063,0.8486442574947509,0.0,0.0,-0.7431448254773946,0.0,0.0,0.0,0.0,3.490934972772622,-0.8660254037844386,0.0,0.0,,True,-0.9659258262890683,0.0,0.0,0.0,0.0,0.0,0.5289640103269624,0.0,0.0,0.0,2026-10-05 17:00:00,0.0,5.4,0.0,0.0,0.0,312,18.212416209628277,4.0,0.5000000000000001,0.0,0.0,0.0,0.0,0.0,25.9,Nan,0.0,0.0,3.0,0.0,88,1.7333333333333336,0.0,0.0,0.0,0.0,0.0,0.0,2026.0,0.9162907318741551,0.0,0.0,0.0
0.0,0.0,0.0,0.0,0.0,0.0,-1.8369701987210297e-16,0.0,13.0,1.5,0.0,988.3,0.0,0.0,0.0,0.0,0.0,-1.8369701987210297e-16,0.8486442574947509,0.0,0.0,-1.0,0.0,0.0,0.0,0.0,3.4933908687555655,-0.8660254037844386,0.0,0.0,,True,-1.0,0.0,0.0,0.0,0.0,0.0,0.5289640103269624,0.0,0.0,0.0,2026-10-05 18:00:00,0.0,4.1,0.0,0.0,0.0,270,18.212416209628277,6.0,0.5000000000000001,0.0,0.0,0.0,0.0,0.0,24.9,Nan,0.0,0.0,2.0,0.0,94,1.725,0.0,0.0,0.0,0.0,0.0,0.0,2026.0,0.9162907318741551,0.0,0.0,0.0
0.0,0.0,0.0,0.0,0.0,0.0,-0.5000000000000004,0.0,13.0,1.5,0.0,989.4,0.0,0.0,0.0,0.0,0.0,0.2588190451025203,0.8486442574947509,0.0,0.0,-0.8660254037844384,0.0,0.0,0.0,0.0,3.495903822678045,-0.8660254037844386,0.0,0.0,,True,-0.9659258262890684,0.0,0.0,0.0,0.0,0.0,0.5289640103269624,0.0,0.0,0.0,2026-10-05 19:00:00,0.0,4.4,0.0,0.0,0.0,240,18.212416209628277,4.0,0.5000000000000001,0.0,0.0,0.0,0.0,0.0,24.2,Nan,0.0,0.0,0.0,0.0,98,1.7142857142857142,0.0,0.0,0.0,0.0,0.0,0.0,2026.0,0.9162907318741551,0.0,0.0,0.0
0.0,0.0,0.0,0.0,0.0,0.0,-0.42261826174069916,0.0,13.0,0.0,0.0,990.5,0.0,0.0,0.0,0.0,0.0,0.5000000000000001,0.8486442574947509,0.0,0.0,-0.90630778703665,0.0,0.0,0.0,0.0,3.4705145687465553,-0.8660254037844386,0.0,0.0,,True,-0.8660254037844386,0.0,0.0,0.0,0.0,0.0,0.5289640103269624,0.0,0.0,0.0,2026-10-05 20:00:00,0.0,2.6,0.0,0.0,0.0,245,18.212416209628277,1.0,0.5000000000000001,0.0,0.0,0.0,0.0,0.0,23.9,Nan,0.0,0.0,0.0,0.0,99,1.6702380952380953,0.0,0.0,0.0,0.0,0.0,0.0,2026.0,0.0,0.0,0.0,0.0
0.0,0.0,0.0,0.0,0.0,0.0,0.9335804264972015,0.0,13.0,0.0,0.0,991.4,0.0,0.0,0.0,0.0,0.0,0.7071067811865474,0.8486442574947509,0.0,0.0,-0.35836794954530077,0.0,0.0,0.0,0.0,3.448224920454119,-0.8660254037844386,0.0,0.0,,True,-0.7071067811865477,0.0,0.0,0.0,0.0,0.0,0.5289640103269624,0.0,0.0,0.0,2026-10-05 21:00:00,0.0,1.5,0.0,0.0,0.0,339,18.212416209628277,0.0,0.5000000000000001,0.0,0.0,0.0,0.0,0.0,23.9,Nan,0.0,0.0,0.0,0.0,99,1.6285714285714288,0.0,0.0,0.0,0.0,0.0,0.0,2026.0,0.0,0.0,0.0,0.0
0.0,0.0,0.0,0.0,0.0,0.0,0.981627183447664,0.0,13.0,0.0,0.0,992.1,0.0,0.0,0.0,0.0,0.0,0.8660254037844384,0.8486442574947509,0.0,0.0,0.1908089953765448,0.0,0.0,0.0,0.0,3.4252834349842245,-0.8660254037844386,0.0,0.0,,True,-0.5000000000000004,0.0,0.0,0.0,0.0,0.0,0.5289640103269624,0.0,0.0,0.0,2026-10-05 22:00:00,0.0,3.7,0.0,0.0,0.0,11,18.212416209628277,0.0,0.5000000000000001,0.0,0.0,0.0,0.0,0.0,23.7,Nan,0.0,0.0,1.0,0.0,99,1.586904761904762,0.0,0.0,0.0,0.0,0.0,0.0,2026.0,0.0,0.0,0.0,0.0
0.0,0.0,0.0,0.0,0.0,0.0,0.9975640502598242,0.0,13.0,0.7,0.0,992.2,0.0,0.0,0.0,0.0,0.0,0.9659258262890681,0.8486442574947509,0.0,0.0,0.0697564737441253,0.0,0.0,0.0,0.0,3.4035501923087055,-0.8660254037844386,0.0,0.0,,True,-0.25881904510252157,0.0,0.0,0.0,0.0,0.0,0.5289640103269624,0.0,0.0,0.0,2026-10-05 23:00:00,0.0,4.7,0.0,0.0,0.0,4,18.212416209628277,0.0,0.5000000000000001,0.0,0.0,0.0,0.0,0.0,23.3,Nan,0.0,0.0,1.0,0.0,99,1.5464285714285715,0.0,0.0,0.0,0.0,0.0,0.0,2026.0,0.5306282510621704,0.0,0.0,0.0
0.0,0.0,0.0,0.0,0.0,0.0,0.9876883405951377,0.0,13.0,0.7,0.0,991.8,0.0,0.0,0.0,0.0,0.0,1.0,0.9377521321470804,0.0,0.0,-0.15643446504023112,0.0,0.0,0.0,0.0,3.3880749505800933,-0.8660254037844386,0.0,0.0,,True,0.0,0.0,0.0,0.0,0.0,0.0,0.3473052528448203,0.0,0.0,0.0,2026-10-06 00:00:00,0.0,5.5,0.0,0.0,0.0,351,18.212416209628277,0.0,0.5000000000000001,0.0,0.0,0.0,0.0,0.0,22.8,Nan,0.0,0.0,0.0,0.0,99,1.5107142857142857,0.0,0.0,0.0,0.0,0.0,0.0,2026.0,0.5306282510621704,0.0,0.0,0.0
0.0,0.0,0.0,0.0,0.0,0.0,0.9563047559630353,0.0,13.0,0.7,0.0,991.6,0.0,0.0,0.0,0.0,0.0,0.9659258262890683,0.9377521321470804,0.0,0.0,-0.29237170472273716,0.0,0.0,0.0,0.0,3.377302638953069,-0.8660254037844386,0.0,0.0,,True,0.25881904510252074,0.0,0.0,0.0,0.0,0.0,0.3473052528448203,0.0,0.0,0.0,2026-10-06 01:00:00,0.0,6.0,0.0,0.0,0.0,343,18.212416209628277,0.0,0.5000000000000001,0.0,0.0,0.0,0.0,0.0,22.4,Nan,0.0,0.0,-1.0,0.0,99,1.4791666666666667,0.0,0.0,0.0,0.0,0.0,0.0,2026.0,0.5306282510621704,0.0,0.0,0.0
0.0,0.0,0.0,0.0,0.0,0.0,0.8987940462991668,0.0,13.0,0.0,0.0,991.5,0.0,0.0,0.0,0.0,0.0,0.8660254037844387,0.9377521321470804,0.0,0.0,-0.4383711467890778,0.0,0.0,0.0,0.0,3.3699651703590505,-0.8660254037844386,0.0,0.0,,True,0.49999999999999994,0.0,0.0,0.0,0.0,0.0,0.3473052528448203,0.0,0.0,0.0,2026-10-06 02:00:00,0.0,7.0,0.0,0.0,0.0,334,18.212416209628277,0.0,0.5000000000000001,0.0,0.0,0.0,0.0,0.0,22.0,Nan,0.0,0.0,-1.0,0.0,99,1.4511904761904764,0.0,0.0,0.0,0.0,0.0,0.0,2026.0,0.0,0.0,0.0,0.0
0.0,0.0,0.0,0.0,0.0,0.0,0.90630778703665,0.0,13.0,0.0,0.0,991.7,0.0,0.0,0.0,0.0,0.0,0.7071067811865476,0.9377521321470804,0.0,0.0,-0.4226182617406992,0.0,0.0,0.0,0.0,3.365537408694149,-0.8660254037844386,0.0,0.0,,True,0.7071067811865475,0.0,0.0,0.0,0.0,0.0,0.3473052528448203,0.0,0.0,0.0,2026-10-06 03:00:00,0.0,6.4,0.0,0.0,0.0,335,18.212416209628277,1.0,0.5000000000000001,0.0,0.0,0.0,0.0,0.0,21.8,Nan,0.0,0.0,0.0,0.0,100,1.4267857142857143,0.0,0.0,0.0,0.0,0.0,0.0,2026.0,0.0,0.0,0.0,0.0
0.0,0.0,0.0,0.0,0.0,0.0,0.9205048534524403,0.0,13.0,0.0,0.0,991.9,0.0,0.0,0.0,0.0,0.0,0.5000000000000001,0.9377521321470804,0.0,0.0,-0.3907311284892739,0.0,0.0,0.0,0.0,3.3634715339418566,-0.8660254037844386,0.0,0.0,,True,0.8660254037844386,0.0,0.0,0.0,0.0,0.0,0.3473052528448203,0.0,0.0,0.0,2026-10-06 04:00:00,0.0,5.5,0.0,0.0,0.0,337,18.212416209628277,0.0,0.5000000000000001,0.0,0.0,0.0,0.0,0.0,21.8,Nan,0.0,0.0,1.0,0.0,100,1.4059523809523808,0.0,0.0,0.0,0.0,0.0,0.0,2026.0,0.0,0.0,0.0,0.0
0.0,0.0,0.0,0.0,0.0,0.0,0.9335804264972015,0.0,13.0,0.0,0.0,992.0,0.0,0.0,0.0,0.0,0.0,0.25881904510252074,0.9377521321470804,0.0,0.0,-0.35836794954530077,0.0,0.0,0.0,0.0,3.362630551545988,-0.8660254037844386,0.0,0.0,,True,0.9659258262890683,0.0,0.0,0.0,0.0,0.0,0.3473052528448203,0.0,0.0,0.0,2026-10-06 05:00:00,0.0,4.4,0.0,0.0,0.0,339,18.212416209628277,0.0,0.5000000000000001,0.0,0.0,0.0,0.0,0.0,21.8,Nan,0.0,0.0,1.0,0.0,100,1.3875,0.0,0.0,0.0,0.0,0.0,0.0,2026.0,0.0,0.0,0.0,0.0
0.0,0.0,0.0,0.0,0.0,0.0,0.9510565162951535,0.0,13.0,0.0,0.0,992.1,0.0,0.0,0.0,0.0,0.0,6.123233995736766e-17,0.9377521321470804,0.0,0.0,-0.3090169943749476,0.0,0.0,0.0,0.0,3.3622653843412227,-0.8660254037844386,0.0,0.0,,True,1.0,0.0,0.0,0.0,0.0,0.0,0.3473052528448203,0.0,0.0,0.0,2026-10-06 06:00:00,0.0,3.4,0.0,0.0,0.0,342,18.212416209628277,0.0,0.5000000000000001,0.0,0.0,0.0,0.0,0.0,22.1,Nan,0.0,0.0,2.0,0.0,100,1.3702380952380953,0.0,0.0,0.0,0.0,0.0,0.0,2026.0,0.0,0.0,0.0,0.0
0.0,0.0,0.0,0.0,0.0,0.0,0.9205048534524403,0.0,13.0,0.0,0.0,992.0,0.0,0.0,0.0,0.0,0.0,-0.25881904510252063,0.9377521321470804,0.0,0.0,-0.3907311284892739,0.0,0.0,0.0,0.0,3.3623237104905566,-0.8660254037844386,0.0,0.0,,True,0.9659258262890683,0.0,0.0,0.0,0.0,0.0,0.3473052528448203,0.0,0.0,0.0,2026-10-06 07:00:00,0.0,2.3,0.0,0.0,0.0,337,18.212416209628277,-3.0,0.5000000000000001,0.0,0.0,0.0,0.0,0.0,22.6,Nan,0.0,0.0,0.0,0.0,97,1.3541666666666667,0.0,0.0,0.0,0.0,0.0,0.0,2026.0,0.0,0.0,0.0,0.0
0.0,0.0,0.0,0.0,0.0,0.0,0.7071067811865474,0.0,13.0,0.0,0.0,991.8,0.0,0.0,0.0,0.0,0.0,-0.4999999999999998,0.9377521321470804,0.0,0.0,-0.7071067811865477,0.0,0.0,0.0,0.0,3.363759732077693,-0.8660254037844386,0.0,0.0,,True,0.8660254037844387,0.0,0.0,0.0,0.0,0.0,0.3473052528448203,0.0,0.0,0.0,2026-10-06 08:00:00,0.0,1.3,0.0,0.0,0.0,315,18.212416209628277,-5.0,0.5000000000000001,0.0,0.0,0.0,0.0,0.0,23.5,Nan,0.0,0.0,-2.0,0.0,92,1.348809523809524,0.0,0.0,0.0,0.0,0.0,0.0,2026.0,0.0,0.0,0.0,0.0
0.0,0.0,0.0,0.0,0.0,0.0,-0.4539904997395469,0.0,13.0,0.0,0.0,991.5,0.0,0.0,0.0,0.0,0.0,-0.7071067811865475,0.9377521321470804,0.0,0.0,-0.8910065241883678,0.0,0.0,0.0,0.0,3.365171925202009,-0.8660254037844386,0.0,0.0,,True,0.7071067811865476,0.0,0.0,0.0,0.0,0.0,0.3473052528448203,0.0,0.0,0.0,2026-10-06 09:00:00,0.0,1.2,0.0,0.0,0.0,243,18.212416209628277,-7.0,0.5000000000000001,0.0,0.0,0.0,0.0,0.0,24.9,Nan,0.0,0.0,-4.0,0.0,85,1.3380952380952382,0.0,0.0,0.0,0.0,0.0,0.0,2026.0,0.0,0.0,0.0,0.0
0.0,0.0,0.0,0.0,0.0,0.0,-0.8660254037844386,0.0,13.0,0.0,0.0,991.0,0.0,0.0,0.0,0.0,0.0,-0.8660254037844387,0.9377521321470804,0.0,0.0,-0.5000000000000001,0.0,0.0,0.0,0.0,3.3655285655466076,-0.8660254037844386,0.0,0.0,,True,0.49999999999999994,0.0,0.0,0.0,0.0,0.0,0.3473052528448203,0.0,0.0,0.0,2026-10-06 10:00:00,0.0,2.5,0.0,0.0,0.0,210,18.212416209628277,-8.0,0.5000000000000001,0.0,0.0,0.0,0.0,0.0,26.5,Nan,0.0,0.0,-9.0,0.0,77,1.3232142857142857,0.0,0.0,0.0,0.0,0.0,0.0,2026.0,0.0,0.0,0.0,0.0
0.0,0.0,0.0,0.0,0.0,0.0,-0.9271838545667874,0.0,13.0,0.0,0.0,990.6,0.0,0.0,0.0,0.0,0.0,-0.9659258262890682,0.9377521321470804,0.0,0.0,-0.374606593415912,0.0,0.0,0.0,0.0,3.3624231840099115,-0.8660254037844386,0.0,0.0,,True,0.258819045102521,0.0,0.0,0.0,0.0,0.0,0.3473052528448203,0.0,0.0,0.0,2026-10-06 11:00:00,0.0,3.9,0.0,0.0,0.0,202,18.212416209628277,-6.0,0.5000000000000001,0.0,0.0,0.0,0.0,0.0,28.0,Nan,0.0,0.0,-11.0,0.0,71,1.3017857142857143,0.0,0.0,0.0,0.0,0.0,0.0,2026.0,0.0,0.0,0.0,0.0
0.0,0.0,0.0,0.0,0.0,0.0,-0.9455185755993167,0.0,13.0,0.0,0.0,990.3,0.0,0.0,0.0,0.0,0.0,-1.0,0.9377521321470804,0.0,0.0,-0.32556815445715676,0.0,0.0,0.0,0.0,3.354172898967464,-0.8660254037844386,0.0,0.0,,True,1.2246467991473532e-16,0.0,0.0,0.0,0.0,0.0,0.3473052528448203,0.0,0.0,0.0,2026-10-06 12:00:00,0.0,5.0,0.0,0.0,0.0,199,18.212416209628277,-5.0,0.5000000000000001,0.0,0.0,0.0,0.0,0.0,29.1,Nan,0.0,0.0,-13.0,0.0,66,1.2744047619047618,0.0,0.0,0.0,0.0,0.0,0.0,2026.0,0.0,0.0,0.0,0.0
0.0,0.0,0.0,0.0,0.0,0.0,-0.9510565162951536,0.0,13.0,0.0,0.0,990.0,0.0,0.0,0.0,0.0,0.0,-0.9659258262890683,0.9377521321470804,0.0,0.0,-0.3090169943749473,0.0,0.0,0.0,0.0,3.343807523293539,-0.8660254037844386,0.0,0.0,,True,-0.2588190451025208,0.0,0.0,0.0,0.0,0.0,0.3473052528448203,0.0,0.0,0.0,2026-10-06 13:00:00,0.0,5.7,0.0,0.0,0.0,198,18.212416209628277,-1.0,0.5000000000000001,0.0,0.0,0.0,0.0,0.0,29.7,Nan,0.0,0.0,-13.0,0.0,65,1.2452380952380953,0.0,0.0,0.0,0.0,0.0,0.0,2026.0,0.0,0.0,0.0,0.0
0.0,0.0,0.0,0.0,0.0,0.0,-0.9510565162951536,0.0,13.0,0.7,0.0,989.9,0.0,0.0,0.0,0.0,0.0,-0.8660254037844388,0.9377521321470804,0.0,0.0,-0.3090169943749473,0.0,0.0,0.0,0.0,3.3318027417056353,-0.8660254037844386,0.0,0.0,,True,-0.4999999999999997,0.0,0.0,0.0,0.0,0.0,0.3473052528448203,0.0,0.0,0.0,2026-10-06 14:00:00,0.0,5.7,0.0,0.0,0.0,198,18.212416209628277,1.0,0.5000000000000001,0.0,0.0,0.0,0.0,0.0,29.4,Nan,0.0,0.0,-12.0,0.0,66,1.2148809523809523,0.0,0.0,0.0,0.0,0.0,0.0,2026.0,0.5306282510621704,0.0,0.0,0.0
0.0,0.0,0.0,0.0,0.0,0.0,-0.9335804264972017,0.0,13.0,0.7,0.0,989.9,0.0,0.0,0.0,0.0,0.0,-0.7071067811865479,0.9377521321470804,0.0,0.0,-0.35836794954530043,0.0,0.0,0.0,0.0,3.318036328819363,-0.8660254037844386,0.0,0.0,,True,-0.7071067811865471,0.0,0.0,0.0,0.0,0.0,0.3473052528448203,0.0,0.0,0.0,2026-10-06 15:00:00,0.0,5.4,0.0,0.0,0.0,201,18.212416209628277,4.0,0.5000000000000001,0.0,0.0,0.0,0.0,0.0,28.6,Nan,0.0,0.0,-11.0,0.0,70,1.1833333333333331,0.0,0.0,0.0,0.0,0.0,0.0,2026.0,0.5306282510621704,0.0,0.0,0.0
0.0,0.0,0.0,0.0,0.0,0.0,-0.90630778703665,0.0,13.0,0.7,0.0,990.0,0.0,0.0,0.0,0.0,0.0,-0.5000000000000004,0.9377521321470804,0.0,0.0,-0.4226182617406993,0.0,0.0,0.0,0.0,3.3023800404262817,-0.8660254037844386,0.0,0.0,,True,-0.8660254037844384,0.0,0.0,0.0,0.0,0.0,0.3473052528448203,0.0,0.0,0.0,2026-10-06 16:00:00,0.0,4.8,0.0,0.0,0.0,205,18.212416209628277,6.0,0.5000000000000001,0.0,0.0,0.0,0.0,0.0,27.4,Nan,0.0,0.0,-8.0,0.0,76,1.1505952380952382,0.0,0.0,0.0,0.0,0.0,0.0,2026.0,0.5306282510621704,0.0,0.0,0.0
0.0,0.0,0.0,0.0,0.0,0.0,-0.8571673007021123,0.0,13.0,0.7,0.0,990.1,0.0,0.0,0.0,0.0,0.0,-0.25881904510252063,0.9377521321470804,0.0,0.0,-0.5150380749100542,0.0,0.0,0.0,0.0,3.2863230543705035,-0.8660254037844386,0.0,0.0,,True,-0.9659258262890683,0.0,0.0,0.0,0.0,0.0,0.3473052528448203,0.0,0.0,0.0,2026-10-06 17:00:00,0.0,3.8,0.0,0.0,0.0,211,18.212416209628277,7.0,0.5000000000000001,0.0,0.0,0.0,0.0,0.0,26.1,Nan,0.0,0.0,-5.0,0.0,83,1.1178571428571429,0.0,0.0,0.0,0.0,0.0,0.0,2026.0,0.5306282510621704,0.0,0.0,0.0
0.0,0.0,0.0,0.0,0.0,0.0,-0.766044443118978,0.0,13.0,0.7,0.0,990.2,0.0,0.0,0.0,0.0,0.0,-1.8369701987210297e-16,0.9377521321470804,0.0,0.0,-0.6427876096865393,0.0,0.0,0.0,0.0,3.266496539978514,-0.8660254037844386,0.0,0.0,,True,-1.0,0.0,0.0,0.0,0.0,0.0,0.3473052528448203,0.0,0.0,0.0,2026-10-06 18:00:00,0.0,3.1,0.0,0.0,0.0,220,18.212416209628277,7.0,0.5000000000000001,0.0,0.0,0.0,0.0,0.0,25.0,Nan,0.0,0.0,-4.0,0.0,90,1.0827380952380952,0.0,0.0,0.0,0.0,0.0,0.0,2026.0,0.5306282510621704,0.0,0.0,0.0
0.0,0.0,0.0,0.0,0.0,0.0,-0.6691306063588581,0.0,13.0,0.7,0.0,990.4,0.0,0.0,0.0,0.0,0.0,0.2588190451025203,0.9377521321470804,0.0,0.0,-0.7431448254773944,0.0,0.0,0.0,0.0,3.234141493783792,-0.8660254037844386,0.0,0.0,,True,-0.9659258262890684,0.0,0.0,0.0,0.0,0.0,0.3473052528448203,0.0,0.0,0.0,2026-10-06 19:00:00,0.0,2.4,0.0,0.0,0.0,228,18.212416209628277,5.0,0.5000000000000001,0.0,0.0,0.0,0.0,0.0,24.1,Nan,0.0,0.0,-3.0,0.0,95,1.0404761904761903,0.0,0.0,0.0,0.0,0.0,0.0,2026.0,0.5306282510621704,0.0,0.0,0.0
0.0,0.0,0.0,0.0,0.0,0.0,-0.48480962024633684,0.0,13.0,0.0,0.0,990.5,0.0,0.0,0.0,0.0,0.0,0.5000000000000001,0.9377521321470804,0.0,0.0,-0.874619707139396,0.0,0.0,0.0,0.0,3.1648741234242137,-0.8660254037844386,0.0,0.0,,True,-0.8660254037844386,0.0,0.0,0.0,0.0,0.0,0.3473052528448203,0.0,0.0,0.0,2026-10-06 20:00:00,0.0,1.9,0.0,0.0,0.0,241,18.212416209628277,3.0,0.5000000000000001,0.0,0.0,0.0,0.0,0.0,23.6,Nan,0.0,0.0,-1.0,0.0,98,0.9827380952380954,0.0,0.0,0.0,0.0,0.0,0.0,2026.0,0.0,0.0,0.0,0.0
0.0,0.0,0.0,0.0,0.0,0.0,-0.12186934340514717,0.0,13.0,0.0,0.0,990.8,0.0,0.0,0.0,0.0,0.0,0.7071067811865474,0.9377521321470804,0.0,0.0,-0.9925461516413221,0.0,0.0,0.0,0.0,3.087821184649031,-0.8660254037844386,0.0,0.0,,True,-0.7071067811865477,0.0,0.0,0.0,0.0,0.0,0.3473052528448203,0.0,0.0,0.0,2026-10-06 21:00:00,0.0,1.5,0.0,0.0,0.0,263,18.212416209628277,1.0,0.5000000000000001,0.0,0.0,0.0,0.0,0.0,23.3,Nan,0.0,0.0,0.0,0.0,99,0.9232142857142857,0.0,0.0,0.0,0.0,0.0,0.0,2026.0,0.0,0.0,0.0,0.0
0.0,0.0,0.0,0.0,0.0,0.0,0.45399049973954664,0.0,13.0,0.0,0.0,991.1,0.0,0.0,0.0,0.0,0.0,0.8660254037844384,0.9377521321470804,0.0,0.0,-0.891006524188368,0.0,0.0,0.0,0.0,3.00395944070964,-0.8660254037844386,0.0,0.0,,True,-0.5000000000000004,0.0,0.0,0.0,0.0,0.0,0.3473052528448203,0.0,0.0,0.0,2026-10-06 22:00:00,0.0,1.2,0.0,0.0,0.0,297,18.212416209628277,1.0,0.5000000000000001,0.0,0.0,0.0,0.0,0.0,23.1,Nan,0.0,0.0,1.0,0.0,100,0.8625,0.0,0.0,0.0,0.0,0.0,0.0,2026.0,0.0,0.0,0.0,0.0
0.0,0.0,0.0,0.0,0.0,0.0,0.8660254037844384,0.0,13.0,0.0,0.0,991.3,0.0,0.0,0.0,0.0,0.0,0.9659258262890681,0.9377521321470804,0.0,0.0,-0.5000000000000004,0.0,0.0,0.0,0.0,2.904521787011502,-0.8660254037844386,0.0,0.0,,True,-0.25881904510252157,0.0,0.0,0.0,0.0,0.0,0.3473052528448203,0.0,0.0,0.0,2026-10-06 23:00:00,0.0,1.5,0.0,0.0,0.0,330,18.212416209628277,0.0,0.5000000000000001,0.0,0.0,0.0,0.0,0.0,23.0,Nan,0.0,0.0,1.0,0.0,100,0.7982142857142857,0.0,0.0,0.0,0.0,0.0,0.0,2026.0,0.0,0.0,0.0,0.0
,,8.4,,,,,,,0.0,,967.7,,,,,,,,,,,,,0.0,,,,,,8.4,False,,,,,,,,,,,2026-09-22 23:00:00,,2.2,,,,228,,,,,,,0.0,,26.1,Phayao,,,,0.0,82,,,,,,,,,,,,
,,9.0,,,,,,,0.0,,967.2,,,,,,,,,,,,,0.0,,,,,,9.0,False,,,,,,,,,,,2026-09-23 00:00:00,,1.9,,,,241,,,,,,,0.0,,25.3,Phayao,,,,0.0,88,,,,,,,,,,,,
,,9.6,,,,,,,0.0,,967.1,,,,,,,,,,,,,0.0,,,,,,9.6,False,,,,,,,,,,,2026-09-23 01:00:00,,2.2,,,,246,,,,,,,0.0,,24.7,Phayao,,,,0.0,97,,,,,,,,,,,,
,,10.1,,,,,,,0.0,,966.7,,,,,,,,,,,,,0.0,,,,,,10.1,False,,,,,,,,,,,2026-09-23 02:00:00,,1.5,,,,256,,,,,,,0.0,,24.0,Phayao,,,,0.0,99,,,,,,,,,,,,
,,10.5,,,,,,,0.0,,966.4,,,,,,,,,,,,,0.0,,,,,,10.5,False,,,,,,,,,,,2026-09-23 03:00:00,,1.3,,,,262,,,,,,,0.0,,23.9,Phayao,,,,0.0,100,,,,,,,,,,,,
,,11.0,,,,,,,0.0,,966.2,,,,,,,,,,,,,0.0,,,,,,11.0,False,,,,,,,,,,,2026-09-23 04:00:00,,0.9,,,,270,,,,,,,0.0,,24.0,Phayao,,,,0.0,97,,,,,,,,,,,,
,,11.5,,,,,,,0.0,,966.1,,,,,,,,,,,,,0.0,,,,,,11.5,False,,,,,,,,,,,2026-09-23 05:00:00,,1.0,,,,292,,,,,,,0.0,,23.8,Phayao,,,,0.0,97,,,,,,,,,,,,
,,12.1,,,,,,,0.0,,966.5,,,,,,,,,,,,,0.0,,,,,,12.1,False,,,,,,,,,,,2026-09-23 06:00:00,,0.4,,,,297,,,,,,,0.0,,23.6,Phayao,,,,0.0,98,,,,,,,,,,,,
,,2.0,,,,,,,0.0,,967.5,,,,,,,,,,,,,0.0,,,,,,2.0,False,,,,,,,,,,,2026-09-23 07:00:00,,0.9,,,,270,,,,,,,0.0,,24.4,Phayao,,,,0.0,97,,,,,,,,,,,,
,,1.6,,,,,,,0.0,,968.5,,,,,,,,,,,,,0.0,,,,,,1.6,False,,,,,,,,,,,2026-09-23 08:00:00,,0.8,,,,117,,,,,,,0.0,,25.6,Phayao,,,,0.0,88,,,,,,,,,,,,
,,1.1,,,,,,,0.0,,969.0,,,,,,,,,,,,,0.0,,,,,,1.1,False,,,,,,,,,,,2026-09-23 09:00:00,,2.0,,,,95,,,,,,,0.0,,27.0,Phayao,,,,0.0,80,,,,,,,,,,,,
,,1.4,,,,,,,0.0,,969.2,,,,,,,,,,,,,0.0,,,,,,1.4,False,,,,,,,,,,,2026-09-23 10:00:00,,3.1,,,,66,,,,,,,0.0,,28.3,Phayao,,,,0.0,72,,,,,,,,,,,,
,,1.2,,,,,,,0.0,,968.8,,,,,,,,,,,,,0.0,,,,,,1.2,False,,,,,,,,,,,2026-09-23 11:00:00,,3.9,,,,68,,,,,,,0.0,,29.1,Phayao,,,,0.0,65,,,,,,,,,,,,
,,1.3,,,,,,,0.1,,968.2,,,,,,,,,,,,,0.0,,,,,,1.3,False,,,,,,,,,,,2026-09-23 12:00:00,,3.1,,,,66,,,,,,,0.0,,29.2,Phayao,,,,0.0,66,,,,,,,,,,,,
,,1.6,,,,,,,0.1,,967.7,,,,,,,,,,,,,0.0,,,,,,1.6,False,,,,,,,,,,,2026-09-23 13:00:00,,4.3,,,,42,,,,,,,0.0,,29.4,Phayao,,,,0.0,65,,,,,,,,,,,,
,,1.8,,,,,,,0.0,,966.5,,,,,,,,,,,,,0.0,,,,,,1.8,False,,,,,,,,,,,2026-09-23 14:00:00,,3.1,,,,54,,,,,,,0.0,,29.7,Phayao,,,,0.0,65,,,,,,,,,,,,
,,2.0,,,,,,,0.1,,965.1,,,,,,,,,,,,,0.0,,,,,,2.0,False,,,,,,,,,,,2026-09-23 15:00:00,,3.8,,,,121,,,,,,,0.0,,29.7,Phayao,,,,0.0,67,,,,,,,,,,,,
,,2.2,,,,,,,0.0,,964.9,,,,,,,,,,,,,0.0,,,,,,2.2,False,,,,,,,,,,,2026-09-23 16:00:00,,1.5,,,,97,,,,,,,0.0,,29.8,Phayao,,,,0.0,67,,,,,,,,,,,,
,,2.4,,,,,,,0.0,,964.5,,,,,,,,,,,,,0.0,,,,,,2.4,False,,,,,,,,,,,2026-09-23 17:00:00,,1.5,,,,353,,,,,,,0.0,,29.7,Phayao,,,,0.0,65,,,,,,,,,,,,
,,3.5,,,,,,,0.0,,964.6,,,,,,,,,,,,,0.0,,,,,,3.5,False,,,,,,,,,,,2026-09-23 18:00:00,,2.1,,,,285,,,,,,,0.0,,28.5,Phayao,,,,0.0,74,,,,,,,,,,,,
,,11.0,,,,,,,0.0,,965.0,,,,,,,,,,,,,0.0,,,,,,11.0,False,,,,,,,,,,,2026-09-23 19:00:00,,1.9,,,,248,,,,,,,0.0,,27.4,Phayao,,,,0.0,88,,,,,,,,,,,,
,,12.1,,,,,,,0.0,,966.1,,,,,,,,,,,,,0.0,,,,,,12.1,False,,,,,,,,,,,2026-09-23 20:00:00,,1.3,,,,254,,,,,,,0.0,,27.3,Phayao,,,,0.0,85,,,,,,,,,,,,
,,13.2,,,,,,,0.0,,966.8,,,,,,,,,,,,,0.0,,,,,,13.2,False,,,,,,,,,,,2026-09-23 21:00:00,,1.1,,,,261,,,,,,,0.0,,27.4,Phayao,,,,0.0,80,,,,,,,,,,,,
,,14.2,,,,,,,0.0,,967.4,,,,,,,,,,,,,0.0,,,,,,14.2,False,,,,,,,,,,,2026-09-23 22:00:00,,0.0,,,,270,,,,,,,0.0,,26.8,Phayao,,,,0.0,87,,,,,,,,,,,,
,,14.8,,,,,,,0.0,,967.8,,,,,,,,,,,,,0.0,,,,,,14.8,False,,,,,,,,,,,2026-09-23 23:00:00,,0.8,,,,225,,,,,,,0.0,,26.1,Phayao,,,,0.0,90,,,,,,,,,,,,
,,15.1,,,,,,,0.0,,967.3,,,,,,,,,,,,,0.0,,,,,,15.1,False,,,,,,,,,,,2026-09-24 00:00:00,,0.6,,,,252,,,,,,,0.0,,25.6,Phayao,,,,0.0,94,,,,,,,,,,,,
,,15.5,,,,,,,0.0,,967.3,,,,,,,,,,,,,0.0,,,,,,15.5,False,,,,,,,,,,,2026-09-24 01:00:00,,2.6,,,,231,,,,,,,0.0,,25.5,Phayao,,,,0.0,93,,,,,,,,,,,,
,,14.6,,,,,,,0.0,,966.9,,,,,,,,,,,,,0.0,,,,,,14.6,False,,,,,,,,,,,2026-09-24 02:00:00,,0.9,,,,259,,,,,,,0.0,,24.9,Phayao,,,,0.0,94,,,,,,,,,,,,
,,13.7,,,,,,,0.0,,966.6,,,,,,,,,,,,,0.0,,,,,,13.7,False,,,,,,,,,,,2026-09-24 03:00:00,,1.5,,,,277,,,,,,,0.0,,24.7,Phayao,,,,0.0,97,,,,,,,,,,,,
,,12.8,,,,,,,0.0,,966.7,,,,,,,,,,,,,0.0,,,,,,12.8,False,,,,,,,,,,,2026-09-24 04:00:00,,0.4,,,,297,,,,,,,0.0,,24.5,Phayao,,,,0.0,98,,,,,,,,,,,,
,,12.9,,,,,,,0.0,,966.9,,,,,,,,,,,,,0.0,,,,,,12.9,False,,,,,,,,,,,2026-09-24 05:00:00,,0.2,,,,270,,,,,,,0.0,,24.4,Phayao,,,,0.0,98,,,,,,,,,,,,
,,12.7,,,,,,,0.0,,967.2,,,,,,,,,,,,,0.0,,,,,,12.7,False,,,,,,,,,,,2026-09-24 06:00:00,,1.4,,,,310,,,,,,,0.0,,24.3,Phayao,,,,0.0,98,,,,,,,,,,,,
,,11.5,,,,,,,0.0,,968.1,,,,,,,,,,,,,0.0,,,,,,11.5,False,,,,,,,,,,,2026-09-24 07:00:00,,2.2,,,,325,,,,,,,0.0,,25.0,Phayao,,,,0.0,100,,,,,,,,,,,,
,,8.6,,,,,,,0.0,,968.7,,,,,,,,,,,,,0.0,,,,,,8.6,False,,,,,,,,,,,2026-09-24 08:00:00,,0.6,,,,34,,,,,,,0.0,,26.0,Phayao,,,,0.0,90,,,,,,,,,,,,
,,7.2,,,,,,,0.0,,968.7,,,,,,,,,,,,,0.0,,,,,,7.2,False,,,,,,,,,,,2026-09-24 09:00:00,,4.2,,,,12,,,,,,,0.0,,27.4,Phayao,,,,0.0,79,,,,,,,,,,,,
,,6.0,,,,,,,0.0,,968.7,,,,,,,,,,,,,0.0,,,,,,6.0,False,,,,,,,,,,,2026-09-24 10:00:00,,6.8,,,,12,,,,,,,0.0,,28.6,Phayao,,,,0.0,70,,,,,,,,,,,,
,,5.5,,,,,,,0.1,,968.3,,,,,,,,,,,,,0.0,,,,,,5.5,False,,,,,,,,,,,2026-09-24 11:00:00,,6.7,,,,19,,,,,,,0.0,,29.4,Phayao,,,,0.0,64,,,,,,,,,,,,
,,5.0,,,,,,,0.1,,967.4,,,,,,,,,,,,,0.0,,,,,,5.0,False,,,,,,,,,,,2026-09-24 12:00:00,,5.0,,,,13,,,,,,,0.0,,29.9,Phayao,,,,0.0,64,,,,,,,,,,,,
,,4.8,,,,,,,0.1,,966.9,,,,,,,,,,,,,0.0,,,,,,4.8,False,,,,,,,,,,,2026-09-24 13:00:00,,6.8,,,,2,,,,,,,0.0,,30.4,Phayao,,,,0.0,61,,,,,,,,,,,,
,,4.4,,,,,,,0.0,,965.5,,,,,,,,,,,,,0.0,,,,,,4.4,False,,,,,,,,,,,2026-09-24 14:00:00,,5.5,,,,11,,,,,,,0.0,,30.4,Phayao,,,,0.0,60,,,,,,,,,,,,
,,4.8,,,,,,,0.1,,964.3,,,,,,,,,,,,,0.0,,,,,,4.8,False,,,,,,,,,,,2026-09-24 15:00:00,,7.4,,,,26,,,,,,,0.0,,30.8,Phayao,,,,0.0,58,,,,,,,,,,,,
,,4.8,,,,,,,1.1,,964.6,,,,,,,,,,,,,0.0,,,,,,4.8,False,,,,,,,,,,,2026-09-24 16:00:00,,13.9,,,,117,,,,,,,0.0,,26.4,Phayao,,,,0.0,85,,,,,,,,,,,,
,,4.8,,,,,,,0.6,,964.8,,,,,,,,,,,,,0.0,,,,,,4.8,False,,,,,,,,,,,2026-09-24 17:00:00,,3.4,,,,198,,,,,,,0.0,,26.2,Phayao,,,,0.0,85,,,,,,,,,,,,
,,5.0,,,,,,,0.0,,965.2,,,,,,,,,,,,,0.0,,,,,,5.0,False,,,,,,,,,,,2026-09-24 18:00:00,,2.3,,,,219,,,,,,,0.0,,26.2,Phayao,,,,0.0,86,,,,,,,,,,,,
,,9.3,,,,,,,0.0,,965.9,,,,,,,,,,,,,0.0,,,,,,9.3,False,,,,,,,,,,,2026-09-24 19:00:00,,2.2,,,,228,,,,,,,0.0,,25.4,Phayao,,,,0.0,90,,,,,,,,,,,,
,,9.2,,,,,,,0.0,,966.4,,,,,,,,,,,,,0.0,,,,,,9.2,False,,,,,,,,,,,2026-09-24 20:00:00,,1.9,,,,248,,,,,,,0.0,,25.4,Phayao,,,,0.0,91,,,,,,,,,,,,
,,9.4,,,,,,,0.0,,967.1,,,,,,,,,,,,,0.0,,,,,,9.4,False,,,,,,,,,,,2026-09-24 21:00:00,,0.9,,,,259,,,,,,,0.0,,25.5,Phayao,,,,0.0,92,,,,,,,,,,,,
,,9.7,,,,,,,0.0,,967.8,,,,,,,,,,,,,0.0,,,,,,9.7,False,,,,,,,,,,,2026-09-24 22:00:00,,0.4,,,,297,,,,,,,0.0,,25.4,Phayao,,,,0.0,95,,,,,,,,,,,,
,,10.4,,,,,,,0.0,,967.9,,,,,,,,,,,,,0.0,,,,,,10.4,False,,,,,,,,,,,2026-09-24 23:00:00,,0.6,,,,252,,,,,,,0.0,,25.2,Phayao,,,,0.0,97,,,,,,,,,,,,
,,11.8,,,,,,,0.0,,967.6,,,,,,,,,,,,,0.0,,,,,,11.8,False,,,,,,,,,,,2026-09-25 00:00:00,,0.9,,,,233,,,,,,,0.0,,25.0,Phayao,,,,0.0,96,,,,,,,,,,,,
,,12.9,,,,,,,0.0,,967.3,,,,,,,,,,,,,0.0,,,,,,12.9,False,,,,,,,,,,,2026-09-25 01:00:00,,3.2,,,,270,,,,,,,0.0,,25.0,Phayao,,,,0.0,96,,,,,,,,,,,,
,,14.0,,,,,,,0.0,,966.8,,,,,,,,,,,,,0.0,,,,,,14.0,False,,,,,,,,,,,2026-09-25 02:00:00,,2.4,,,,312,,,,,,,0.0,,24.4,Phayao,,,,0.0,100,,,,,,,,,,,,
,,14.6,,,,,,,0.0,,966.6,,,,,,,,,,,,,0.0,,,,,,14.6,False,,,,,,,,,,,2026-09-25 03:00:00,,1.5,,,,306,,,,,,,0.0,,24.2,Phayao,,,,0.0,100,,,,,,,,,,,,
,,14.3,,,,,,,0.0,,966.1,,,,,,,,,,,,,0.0,,,,,,14.3,False,,,,,,,,,,,2026-09-25 04:00:00,,2.8,,,,305,,,,,,,0.0,,23.9,Phayao,,,,0.0,99,,,,,,,,,,,,
,,13.5,,,,,,,0.0,,966.2,,,,,,,,,,,,,0.0,,,,,,13.5,False,,,,,,,,,,,2026-09-25 05:00:00,,1.9,,,,304,,,,,,,0.0,,23.6,Phayao,,,,0.0,100,,,,,,,,,,,,
,,9.7,,,,,,,0.0,,966.7,,,,,,,,,,,,,0.0,,,,,,9.7,False,,,,,,,,,,,2026-09-25 06:00:00,,1.9,,,,304,,,,,,,0.0,,23.4,Phayao,,,,0.0,99,,,,,,,,,,,,
,,4.3,,,,,,,0.0,,967.6,,,,,,,,,,,,,0.0,,,,,,4.3,False,,,,,,,,,,,2026-09-25 07:00:00,,2.4,,,,297,,,,,,,0.0,,24.5,Phayao,,,,0.0,96,,,,,,,,,,,,
,,3.5,,,,,,,0.0,,968.2,,,,,,,,,,,,,0.0,,,,,,3.5,False,,,,,,,,,,,2026-09-25 08:00:00,,1.0,,,,329,,,,,,,0.0,,25.6,Phayao,,,,0.0,92,,,,,,,,,,,,
,,3.2,,,,,,,0.0,,968.5,,,,,,,,,,,,,0.0,,,,,,3.2,False,,,,,,,,,,,2026-09-25 09:00:00,,2.1,,,,31,,,,,,,0.0,,26.8,Phayao,,,,0.0,83,,,,,,,,,,,,
,,2.3,,,,,,,0.0,,968.7,,,,,,,,,,,,,0.0,,,,,,2.3,False,,,,,,,,,,,2026-09-25 10:00:00,,1.5,,,,21,,,,,,,0.0,,28.1,Phayao,,,,0.0,75,,,,,,,,,,,,
,,1.8,,,,,,,0.0,,968.2,,,,,,,,,,,,,0.0,,,,,,1.8,False,,,,,,,,,,,2026-09-25 11:00:00,,3.1,,,,10,,,,,,,0.0,,29.1,Phayao,,,,0.0,69,,,,,,,,,,,,
,,1.7,,,,,,,0.2,,967.3,,,,,,,,,,,,,0.0,,,,,,1.7,False,,,,,,,,,,,2026-09-25 12:00:00,,5.2,,,,20,,,,,,,0.0,,29.7,Phayao,,,,0.0,66,,,,,,,,,,,,
,,2.0,,,,,,,0.3,,966.2,,,,,,,,,,,,,0.0,,,,,,2.0,False,,,,,,,,,,,2026-09-25 13:00:00,,6.0,,,,29,,,,,,,0.0,,30.0,Phayao,,,,0.0,69,,,,,,,,,,,,
,,2.4,,,,,,,0.1,,964.3,,,,,,,,,,,,,0.0,,,,,,2.4,False,,,,,,,,,,,2026-09-25 14:00:00,,8.0,,,,50,,,,,,,0.0,,30.4,Phayao,,,,0.0,68,,,,,,,,,,,,
,,2.6,,,,,,,0.3,,963.6,,,,,,,,,,,,,0.0,,,,,,2.6,False,,,,,,,,,,,2026-09-25 15:00:00,,6.6,,,,53,,,,,,,0.0,,30.0,Phayao,,,,0.0,66,,,,,,,,,,,,
,,2.7,,,,,,,0.4,,963.8,,,,,,,,,,,,,0.0,,,,,,2.7,False,,,,,,,,,,,2026-09-25 16:00:00,,4.6,,,,69,,,,,,,0.0,,29.5,Phayao,,,,0.0,68,,,,,,,,,,,,
,,2.6,,,,,,,0.1,,964.2,,,,,,,,,,,,,0.0,,,,,,2.6,False,,,,,,,,,,,2026-09-25 17:00:00,,7.8,,,,26,,,,,,,0.0,,27.8,Phayao,,,,0.0,78,,,,,,,,,,,,
,,2.9,,,,,,,0.4,,964.3,,,,,,,,,,,,,0.0,,,,,,2.9,False,,,,,,,,,,,2026-09-25 18:00:00,,1.5,,,,324,,,,,,,0.0,,26.9,Phayao,,,,0.0,84,,,,,,,,,,,,
,,3.9,,,,,,,0.0,,964.4,,,,,,,,,,,,,0.0,,,,,,3.9,False,,,,,,,,,,,2026-09-25 19:00:00,,2.5,,,,262,,,,,,,0.0,,27.7,Phayao,,,,0.0,87,,,,,,,,,,,,
,,4.7,,,,,,,0.0,,964.8,,,,,,,,,,,,,0.0,,,,,,4.7,False,,,,,,,,,,,2026-09-25 20:00:00,,1.5,,,,263,,,,,,,0.0,,26.8,Phayao,,,,0.0,97,,,,,,,,,,,,
,,5.8,,,,,,,0.0,,965.5,,,,,,,,,,,,,0.0,,,,,,5.8,False,,,,,,,,,,,2026-09-25 21:00:00,,1.3,,,,236,,,,,,,0.0,,26.7,Phayao,,,,0.0,97,,,,,,,,,,,,
,,7.0,,,,,,,0.0,,966.2,,,,,,,,,,,,,0.0,,,,,,7.0,False,,,,,,,,,,,2026-09-25 22:00:00,,2.5,,,,225,,,,,,,0.0,,26.5,Phayao,,,,0.0,96,,,,,,,,,,,,
,,8.1,,,,,,,0.0,,966.4,,,,,,,,,,,,,0.0,,,,,,8.1,False,,,,,,,,,,,2026-09-25 23:00:00,,1.9,,,,229,,,,,,,0.0,,26.3,Phayao,,,,0.0,96,,,,,,,,,,,,
,,7.7,,,,,,,0.0,,966.1,,,,,,,,,,,,,0.0,,,,,,7.7,False,,,,,,,,,,,2026-09-26 00:00:00,,1.7,,,,221,,,,,,,0.0,,25.9,Phayao,,,,0.0,99,,,,,,,,,,,,
,,5.9,,,,,,,0.0,,965.8,,,,,,,,,,,,,0.0,,,,,,5.9,False,,,,,,,,,,,2026-09-26 01:00:00,,2.0,,,,270,,,,,,,0.0,,25.7,Phayao,,,,0.0,99,,,,,,,,,,,,
,,5.3,,,,,,,0.0,,965.4,,,,,,,,,,,,,0.0,,,,,,5.3,False,,,,,,,,,,,2026-09-26 02:00:00,,0.4,,,,243,,,,,,,0.0,,25.2,Phayao,,,,0.0,99,,,,,,,,,,,,
,,4.9,,,,,,,0.1,,965.3,,,,,,,,,,,,,0.0,,,,,,4.9,False,,,,,,,,,,,2026-09-26 03:00:00,,1.1,,,,252,,,,,,,0.0,,25.1,Phayao,,,,0.0,99,,,,,,,,,,,,
,,5.0,,,,,,,0.2,,965.1,,,,,,,,,,,,,0.0,,,,,,5.0,False,,,,,,,,,,,2026-09-26 04:00:00,,0.6,,,,162,,,,,,,0.0,,24.9,Phayao,,,,0.0,98,,,,,,,,,,,,
,,4.7,,,,,,,0.1,,965.3,,,,,,,,,,,,,0.0,,,,,,4.7,False,,,,,,,,,,,2026-09-26 05:00:00,,0.5,,,,315,,,,,,,0.0,,24.6,Phayao,,,,0.0,98,,,,,,,,,,,,
,,4.8,,,,,,,0.0,,965.6,,,,,,,,,,,,,0.0,,,,,,4.8,False,,,,,,,,,,,2026-09-26 06:00:00,,0.6,,,,236,,,,,,,0.0,,24.3,Phayao,,,,0.0,99,,,,,,,,,,,,
,,0.7,,,,,,,0.0,,966.3,,,,,,,,,,,,,0.0,,,,,,0.7,False,,,,,,,,,,,2026-09-26 07:00:00,,2.2,,,,284,,,,,,,0.0,,24.7,Phayao,,,,0.0,98,,,,,,,,,,,,
,,1.0,,,,,,,0.0,,967.1,,,,,,,,,,,,,0.0,,,,,,1.0,False,,,,,,,,,,,2026-09-26 08:00:00,,0.2,,,,90,,,,,,,0.0,,25.8,Phayao,,,,0.0,92,,,,,,,,,,,,
,,1.2,,,,,,,0.0,,967.5,,,,,,,,,,,,,0.0,,,,,,1.2,False,,,,,,,,,,,2026-09-26 09:00:00,,2.7,,,,127,,,,,,,0.0,,27.3,Phayao,,,,0.0,81,,,,,,,,,,,,
,,1.3,,,,,,,0.0,,967.4,,,,,,,,,,,,,0.0,,,,,,1.3,False,,,,,,,,,,,2026-09-26 10:00:00,,3.1,,,,103,,,,,,,0.0,,28.3,Phayao,,,,0.0,73,,,,,,,,,,,,
,,1.3,,,,,,,0.1,,967.1,,,,,,,,,,,,,0.0,,,,,,1.3,False,,,,,,,,,,,2026-09-26 11:00:00,,1.9,,,,56,,,,,,,0.0,,29.0,Phayao,,,,0.0,69,,,,,,,,,,,,
,,1.3,,,,,,,0.2,,966.1,,,,,,,,,,,,,0.0,,,,,,1.3,False,,,,,,,,,,,2026-09-26 12:00:00,,1.6,,,,63,,,,,,,0.0,,29.5,Phayao,,,,0.0,69,,,,,,,,,,,,
,,1.4,,,,,,,0.1,,965.2,,,,,,,,,,,,,0.0,,,,,,1.4,False,,,,,,,,,,,2026-09-26 13:00:00,,4.5,,,,76,,,,,,,0.0,,30.0,Phayao,,,,0.0,66,,,,,,,,,,,,
,,1.5,,,,,,,0.1,,963.5,,,,,,,,,,,,,0.0,,,,,,1.5,False,,,,,,,,,,,2026-09-26 14:00:00,,2.3,,,,58,,,,,,,0.0,,30.3,Phayao,,,,0.0,67,,,,,,,,,,,,
,,1.9,,,,,,,0.0,,962.4,,,,,,,,,,,,,0.0,,,,,,1.9,False,,,,,,,,,,,2026-09-26 15:00:00,,1.0,,,,68,,,,,,,0.0,,30.6,Phayao,,,,0.0,65,,,,,,,,,,,,
,,2.0,,,,,,,0.2,,961.8,,,,,,,,,,,,,0.0,,,,,,2.0,False,,,,,,,,,,,2026-09-26 16:00:00,,1.7,,,,162,,,,,,,0.0,,30.2,Phayao,,,,0.0,66,,,,,,,,,,,,
,,2.2,,,,,,,0.1,,962.1,,,,,,,,,,,,,0.0,,,,,,2.2,False,,,,,,,,,,,2026-09-26 17:00:00,,4.5,,,,182,,,,,,,0.0,,30.0,Phayao,,,,0.0,65,,,,,,,,,,,,
,,2.9,,,,,,,0.1,,962.6,,,,,,,,,,,,,0.0,,,,,,2.9,False,,,,,,,,,,,2026-09-26 18:00:00,,5.3,,,,190,,,,,,,0.0,,28.7,Phayao,,,,0.0,72,,,,,,,,,,,,
,,7.9,,,,,,,0.0,,963.0,,,,,,,,,,,,,0.0,,,,,,7.9,False,,,,,,,,,,,2026-09-26 19:00:00,,6.0,,,,189,,,,,,,0.0,,29.0,Phayao,,,,0.0,72,,,,,,,,,,,,
,,8.2,,,,,,,0.0,,963.9,,,,,,,,,,,,,0.0,,,,,,8.2,False,,,,,,,,,,,2026-09-26 20:00:00,,6.1,,,,166,,,,,,,0.0,,27.9,Phayao,,,,0.0,78,,,,,,,,,,,,
,,8.4,,,,,,,0.0,,964.9,,,,,,,,,,,,,0.0,,,,,,8.4,False,,,,,,,,,,,2026-09-26 21:00:00,,7.6,,,,172,,,,,,,0.0,,27.0,Phayao,,,,0.0,83,,,,,,,,,,,,
,,7.9,,,,,,,0.0,,965.2,,,,,,,,,,,,,0.0,,,,,,7.9,False,,,,,,,,,,,2026-09-26 22:00:00,,6.5,,,,186,,,,,,,0.0,,26.5,Phayao,,,,0.0,85,,,,,,,,,,,,
,,6.9,,,,,,,0.0,,965.2,,,,,,,,,,,,,0.0,,,,,,6.9,False,,,,,,,,,,,2026-09-26 23:00:00,,5.8,,,,189,,,,,,,0.0,,26.0,Phayao,,,,0.0,87,,,,,,,,,,,,
,,5.7,,,,,,,0.0,,965.0,,,,,,,,,,,,,0.0,,,,,,5.7,False,,,,,,,,,,,2026-09-27 00:00:00,,5.1,,,,190,,,,,,,0.0,,25.5,Phayao,,,,0.0,91,,,,,,,,,,,,
,,4.6,,,,,,,0.0,,964.7,,,,,,,,,,,,,0.0,,,,,,4.6,False,,,,,,,,,,,2026-09-27 01:00:00,,3.5,,,,171,,,,,,,0.0,,26.5,Phayao,,,,0.0,78,,,,,,,,,,,,
,,4.0,,,,,,,0.0,,964.3,,,,,,,,,,,,,0.0,,,,,,4.0,False,,,,,,,,,,,2026-09-27 02:00:00,,1.8,,,,143,,,,,,,0.0,,25.5,Phayao,,,,0.0,86,,,,,,,,,,,,
,,3.9,,,,,,,0.0,,963.8,,,,,,,,,,,,,0.0,,,,,,3.9,False,,,,,,,,,,,2026-09-27 03:00:00,,1.4,,,,113,,,,,,,0.0,,24.9,Phayao,,,,0.0,90,,,,,,,,,,,,
,,4.2,,,,,,,0.0,,963.6,,,,,,,,,,,,,0.0,,,,,,4.2,False,,,,,,,,,,,2026-09-27 04:00:00,,0.2,,,,180,,,,,,,0.0,,24.7,Phayao,,,,0.0,92,,,,,,,,,,,,
,,4.7,,,,,,,0.0,,963.6,,,,,,,,,,,,,0.0,,,,,,4.7,False,,,,,,,,,,,2026-09-27 05:00:00,,2.5,,,,188,,,,,,,0.0,,24.5,Phayao,,,,0.0,93,,,,,,,,,,,,
,,5.3,,,,,,,0.0,,964.0,,,,,,,,,,,,,0.0,,,,,,5.3,False,,,,,,,,,,,2026-09-27 06:00:00,,4.9,,,,174,,,,,,,0.0,,24.4,Phayao,,,,0.0,93,,,,,,,,,,,,
,,3.9,,,,,,,0.0,,964.9,,,,,,,,,,,,,0.0,,,,,,3.9,False,,,,,,,,,,,2026-09-27 07:00:00,,4.3,,,,180,,,,,,,0.0,,25.3,Phayao,,,,0.0,86,,,,,,,,,,,,
,,2.0,,,,,,,0.0,,965.6,,,,,,,,,,,,,0.0,,,,,,2.0,False,,,,,,,,,,,2026-09-27 08:00:00,,6.0,,,,151,,,,,,,0.0,,26.1,Phayao,,,,0.0,78,,,,,,,,,,,,
,,2.1,,,,,,,0.0,,965.8,,,,,,,,,,,,,0.0,,,,,,2.1,False,,,,,,,,,,,2026-09-27 09:00:00,,8.1,,,,133,,,,,,,0.0,,27.0,Phayao,,,,0.0,74,,,,,,,,,,,,
,,2.1,,,,,,,0.0,,965.9,,,,,,,,,,,,,0.0,,,,,,2.1,False,,,,,,,,,,,2026-09-27 10:00:00,,9.2,,,,121,,,,,,,0.0,,28.0,Phayao,,,,0.0,69,,,,,,,,,,,,
,,2.2,,,,,,,0.0,,965.5,,,,,,,,,,,,,0.0,,,,,,2.2,False,,,,,,,,,,,2026-09-27 11:00:00,,9.3,,,,117,,,,,,,0.0,,28.7,Phayao,,,,0.0,66,,,,,,,,,,,,
,,2.4,,,,,,,0.1,,964.5,,,,,,,,,,,,,0.0,,,,,,2.4,False,,,,,,,,,,,2026-09-27 12:00:00,,9.2,,,,116,,,,,,,0.0,,29.6,Phayao,,,,0.0,62,,,,,,,,,,,,
,,2.5,,,,,,,0.1,,963.9,,,,,,,,,,,,,0.0,,,,,,2.5,False,,,,,,,,,,,2026-09-27 13:00:00,,7.2,,,,89,,,,,,,0.0,,30.1,Phayao,,,,0.0,58,,,,,,,,,,,,
,,2.7,,,,,,,0.1,,962.3,,,,,,,,,,,,,0.0,,,,,,2.7,False,,,,,,,,,,,2026-09-27 14:00:00,,5.6,,,,88,,,,,,,0.0,,30.5,Phayao,,,,0.0,57,,,,,,,,,,,,
,,2.8,,,,,,,0.0,,961.4,,,,,,,,,,,,,0.0,,,,,,2.8,False,,,,,,,,,,,2026-09-27 15:00:00,,4.3,,,,90,,,,,,,0.0,,30.6,Phayao,,,,0.0,56,,,,,,,,,,,,
,,2.9,,,,,,,0.1,,960.9,,,,,,,,,,,,,0.0,,,,,,2.9,False,,,,,,,,,,,2026-09-27 16:00:00,,5.1,,,,113,,,,,,,0.0,,30.6,Phayao,,,,0.0,56,,,,,,,,,,,,
,,3.0,,,,,,,0.1,,961.3,,,,,,,,,,,,,0.0,,,,,,3.0,False,,,,,,,,,,,2026-09-27 17:00:00,,8.7,,,,143,,,,,,,0.0,,29.9,Phayao,,,,0.0,62,,,,,,,,,,,,
,,3.2,,,,,,,0.0,,961.5,,,,,,,,,,,,,0.0,,,,,,3.2,False,,,,,,,,,,,2026-09-27 18:00:00,,9.3,,,,165,,,,,,,0.0,,28.1,Phayao,,,,0.0,73,,,,,,,,,,,,
,,6.2,,,,,,,0.0,,962.3,,,,,,,,,,,,,0.0,,,,,,6.2,False,,,,,,,,,,,2026-09-27 19:00:00,,11.6,,,,173,,,,,,,0.0,,28.2,Phayao,,,,0.0,69,,,,,,,,,,,,
,,6.1,,,,,,,0.0,,963.3,,,,,,,,,,,,,0.0,,,,,,6.1,False,,,,,,,,,,,2026-09-27 20:00:00,,14.9,,,,179,,,,,,,0.0,,27.1,Phayao,,,,0.0,73,,,,,,,,,,,,
,,5.8,,,,,,,0.0,,963.9,,,,,,,,,,,,,0.0,,,,,,5.8,False,,,,,,,,,,,2026-09-27 21:00:00,,11.1,,,,172,,,,,,,0.0,,26.3,Phayao,,,,0.0,80,,,,,,,,,,,,
,,5.4,,,,,,,0.0,,964.5,,,,,,,,,,,,,0.0,,,,,,5.4,False,,,,,,,,,,,2026-09-27 22:00:00,,10.3,,,,175,,,,,,,0.0,,26.0,Phayao,,,,0.0,81,,,,,,,,,,,,
,,5.1,,,,,,,0.1,,964.6,,,,,,,,,,,,,0.0,,,,,,5.1,False,,,,,,,,,,,2026-09-27 23:00:00,,9.1,,,,173,,,,,,,0.0,,25.6,Phayao,,,,0.0,79,,,,,,,,,,,,
,,5.0,,,,,,,0.0,,964.4,,,,,,,,,,,,,0.0,,,,,,5.0,False,,,,,,,,,,,2026-09-28 00:00:00,,8.7,,,,176,,,,,,,0.0,,25.0,Phayao,,,,0.0,83,,,,,,,,,,,,
,,4.9,,,,,,,0.0,,964.1,,,,,,,,,,,,,0.0,,,,,,4.9,False,,,,,,,,,,,2026-09-28 01:00:00,,8.4,,,,170,,,,,,,0.0,,25.1,Phayao,,,,0.0,84,,,,,,,,,,,,
,,4.8,,,,,,,0.0,,963.8,,,,,,,,,,,,,0.0,,,,,,4.8,False,,,,,,,,,,,2026-09-28 02:00:00,,5.5,,,,169,,,,,,,0.0,,24.4,Phayao,,,,0.0,88,,,,,,,,,,,,
,,4.8,,,,,,,0.0,,963.8,,,,,,,,,,,,,0.0,,,,,,4.8,False,,,,,,,,,,,2026-09-28 03:00:00,,4.1,,,,167,,,,,,,0.0,,24.2,Phayao,,,,0.0,90,,,,,,,,,,,,
,,4.8,,,,,,,0.0,,963.5,,,,,,,,,,,,,0.0,,,,,,4.8,False,,,,,,,,,,,2026-09-28 04:00:00,,3.1,,,,159,,,,,,,0.0,,23.9,Phayao,,,,0.0,92,,,,,,,,,,,,
,,5.0,,,,,,,0.0,,963.5,,,,,,,,,,,,,0.0,,,,,,5.0,False,,,,,,,,,,,2026-09-28 05:00:00,,1.8,,,,135,,,,,,,0.0,,23.8,Phayao,,,,0.0,92,,,,,,,,,,,,
,,5.3,,,,,,,0.1,,964.0,,,,,,,,,,,,,0.0,,,,,,5.3,False,,,,,,,,,,,2026-09-28 06:00:00,,2.6,,,,146,,,,,,,0.0,,23.6,Phayao,,,,0.0,92,,,,,,,,,,,,
,,5.1,,,,,,,0.4,,965.0,,,,,,,,,,,,,0.0,,,,,,5.1,False,,,,,,,,,,,2026-09-28 07:00:00,,3.3,,,,174,,,,,,,0.0,,24.0,Phayao,,,,0.0,90,,,,,,,,,,,,
,,2.5,,,,,,,0.0,,965.7,,,,,,,,,,,,,0.0,,,,,,2.5,False,,,,,,,,,,,2026-09-28 08:00:00,,2.2,,,,125,,,,,,,0.0,,25.0,Phayao,,,,0.0,86,,,,,,,,,,,,
,,1.2,,,,,,,0.1,,966.3,,,,,,,,,,,,,0.0,,,,,,1.2,False,,,,,,,,,,,2026-09-28 09:00:00,,5.2,,,,104,,,,,,,0.0,,25.8,Phayao,,,,0.0,84,,,,,,,,,,,,
,,0.9,,,,,,,0.1,,966.5,,,,,,,,,,,,,0.0,,,,,,0.9,False,,,,,,,,,,,2026-09-28 10:00:00,,7.3,,,,113,,,,,,,0.0,,27.1,Phayao,,,,0.0,77,,,,,,,,,,,,
,,0.8,,,,,,,0.2,,966.4,,,,,,,,,,,,,0.0,,,,,,0.8,False,,,,,,,,,,,2026-09-28 11:00:00,,11.8,,,,123,,,,,,,0.0,,28.0,Phayao,,,,0.0,71,,,,,,,,,,,,
,,0.9,,,,,,,0.7,,965.7,,,,,,,,,,,,,0.0,,,,,,0.9,False,,,,,,,,,,,2026-09-28 12:00:00,,14.8,,,,144,,,,,,,0.0,,26.9,Phayao,,,,0.0,77,,,,,,,,,,,,
,,1.0,,,,,,,0.4,,966.1,,,,,,,,,,,,,0.0,,,,,,1.0,False,,,,,,,,,,,2026-09-28 13:00:00,,12.6,,,,142,,,,,,,0.0,,26.7,Phayao,,,,0.0,77,,,,,,,,,,,,
,,1.0,,,,,,,1.9,,965.1,,,,,,,,,,,,,0.0,,,,,,1.0,False,,,,,,,,,,,2026-09-28 14:00:00,,10.5,,,,164,,,,,,,0.0,,25.3,Phayao,,,,0.0,87,,,,,,,,,,,,
,,1.1,,,,,,,1.0,,964.9,,,,,,,,,,,,,0.0,,,,,,1.1,False,,,,,,,,,,,2026-09-28 15:00:00,,8.8,,,,149,,,,,,,0.0,,25.1,Phayao,,,,0.0,83,,,,,,,,,,,,
,,1.0,,,,,,,1.6,,964.8,,,,,,,,,,,,,0.0,,,,,,1.0,False,,,,,,,,,,,2026-09-28 16:00:00,,8.6,,,,157,,,,,,,0.0,,24.8,Phayao,,,,0.0,88,,,,,,,,,,,,
,,0.8,,,,,,,0.6,,964.7,,,,,,,,,,,,,0.0,,,,,,0.8,False,,,,,,,,,,,2026-09-28 17:00:00,,8.2,,,,158,,,,,,,0.0,,24.6,Phayao,,,,0.0,89,,,,,,,,,,,,
,,1.1,,,,,,,0.9,,964.8,,,,,,,,,,,,,0.0,,,,,,1.1,False,,,,,,,,,,,2026-09-28 18:00:00,,7.0,,,,154,,,,,,,0.0,,24.3,Phayao,,,,0.0,92,,,,,,,,,,,,
,,6.3,,,,,,,0.2,,965.8,,,,,,,,,,,,,0.0,,,,,,6.3,False,,,,,,,,,,,2026-09-28 19:00:00,,3.1,,,,167,,,,,,,0.0,,24.5,Phayao,,,,0.0,85,,,,,,,,,,,,
,,5.7,,,,,,,0.3,,966.6,,,,,,,,,,,,,0.0,,,,,,5.7,False,,,,,,,,,,,2026-09-28 20:00:00,,1.5,,,,159,,,,,,,0.0,,24.4,Phayao,,,,0.0,85,,,,,,,,,,,,
,,5.4,,,,,,,0.2,,967.3,,,,,,,,,,,,,0.0,,,,,,5.4,False,,,,,,,,,,,2026-09-28 21:00:00,,2.3,,,,113,,,,,,,0.0,,24.3,Phayao,,,,0.0,87,,,,,,,,,,,,
,,5.1,,,,,,,0.1,,968.0,,,,,,,,,,,,,0.0,,,,,,5.1,False,,,,,,,,,,,2026-09-28 22:00:00,,3.3,,,,151,,,,,,,0.0,,24.2,Phayao,,,,0.0,88,,,,,,,,,,,,
,,4.7,,,,,,,0.1,,968.4,,,,,,,,,,,,,0.0,,,,,,4.7,False,,,,,,,,,,,2026-09-28 23:00:00,,2.6,,,,146,,,,,,,0.0,,24.1,Phayao,,,,0.0,88,,,,,,,,,,,,
,,4.1,,,,,,,0.3,,968.3,,,,,,,,,,,,,0.0,,,,,,4.1,False,,,,,,,,,,,2026-09-29 00:00:00,,5.7,,,,145,,,,,,,0.0,,23.7,Phayao,,,,0.0,90,,,,,,,,,,,,
,,3.7,,,,,,,0.2,,968.2,,,,,,,,,,,,,0.0,,,,,,3.7,False,,,,,,,,,,,2026-09-29 01:00:00,,2.2,,,,180,,,,,,,0.0,,23.8,Phayao,,,,0.0,89,,,,,,,,,,,,
,,3.3,,,,,,,0.2,,967.7,,,,,,,,,,,,,0.0,,,,,,3.3,False,,,,,,,,,,,2026-09-29 02:00:00,,4.7,,,,171,,,,,,,0.0,,23.4,Phayao,,,,0.0,93,,,,,,,,,,,,
,,3.2,,,,,,,0.1,,967.2,,,,,,,,,,,,,0.0,,,,,,3.2,False,,,,,,,,,,,2026-09-29 03:00:00,,5.2,,,,153,,,,,,,0.0,,23.3,Phayao,,,,0.0,91,,,,,,,,,,,,
,,3.1,,,,,,,0.1,,966.8,,,,,,,,,,,,,0.0,,,,,,3.1,False,,,,,,,,,,,2026-09-29 04:00:00,,4.7,,,,152,,,,,,,0.0,,23.2,Phayao,,,,0.0,92,,,,,,,,,,,,
,,3.2,,,,,,,0.1,,966.8,,,,,,,,,,,,,0.0,,,,,,3.2,False,,,,,,,,,,,2026-09-29 05:00:00,,5.4,,,,143,,,,,,,0.0,,23.2,Phayao,,,,0.0,92,,,,,,,,,,,,
,,3.1,,,,,,,0.0,,967.3,,,,,,,,,,,,,0.0,,,,,,3.1,False,,,,,,,,,,,2026-09-29 06:00:00,,5.4,,,,140,,,,,,,0.0,,23.3,Phayao,,,,0.0,91,,,,,,,,,,,,
,,3.3,,,,,,,0.5,,968.0,,,,,,,,,,,,,0.0,,,,,,3.3,False,,,,,,,,,,,2026-09-29 07:00:00,,11.4,,,,155,,,,,,,0.0,,23.7,Phayao,,,,0.0,89,,,,,,,,,,,,
,,3.8,,,,,,,0.1,,968.9,,,,,,,,,,,,,0.0,,,,,,3.8,False,,,,,,,,,,,2026-09-29 08:00:00,,10.7,,,,153,,,,,,,0.0,,24.2,Phayao,,,,0.0,88,,,,,,,,,,,,
,,4.1,,,,,,,0.3,,969.7,,,,,,,,,,,,,0.0,,,,,,4.1,False,,,,,,,,,,,2026-09-29 09:00:00,,10.6,,,,152,,,,,,,0.0,,24.5,Phayao,,,,0.0,87,,,,,,,,,,,,
,,5.0,,,,,,,0.3,,969.5,,,,,,,,,,,,,0.0,,,,,,5.0,False,,,,,,,,,,,2026-09-29 10:00:00,,12.2,,,,156,,,,,,,0.0,,25.2,Phayao,,,,0.0,85,,,,,,,,,,,,
,,5.2,,,,,,,0.2,,969.5,,,,,,,,,,,,,0.0,,,,,,5.2,False,,,,,,,,,,,2026-09-29 11:00:00,,16.4,,,,154,,,,,,,0.0,,26.5,Phayao,,,,0.0,77,,,,,,,,,,,,
,,5.4,,,,,,,0.1,,968.6,,,,,,,,,,,,,0.0,,,,,,5.4,False,,,,,,,,,,,2026-09-29 12:00:00,,16.3,,,,159,,,,,,,0.0,,27.0,Phayao,,,,0.0,74,,,,,,,,,,,,
,,5.4,,,,,,,0.0,,968.7,,,,,,,,,,,,,0.0,,,,,,5.4,False,,,,,,,,,,,2026-09-29 13:00:00,,11.2,,,,179,,,,,,,0.0,,26.6,Phayao,,,,0.0,74,,,,,,,,,,,,
,,5.4,,,,,,,0.0,,967.1,,,,,,,,,,,,,0.0,,,,,,5.4,False,,,,,,,,,,,2026-09-29 14:00:00,,9.8,,,,173,,,,,,,0.0,,27.8,Phayao,,,,0.0,70,,,,,,,,,,,,
,,5.3,,,,,,,1.0,,966.7,,,,,,,,,,,,,0.0,,,,,,5.3,False,,,,,,,,,,,2026-09-29 15:00:00,,16.9,,,,172,,,,,,,0.0,,26.4,Phayao,,,,0.0,80,,,,,,,,,,,,
,,5.6,,,,,,,1.2,,966.2,,,,,,,,,,,,,0.0,,,,,,5.6,False,,,,,,,,,,,2026-09-29 16:00:00,,4.9,,,,186,,,,,,,0.0,,25.6,Phayao,,,,0.0,86,,,,,,,,,,,,
,,5.5,,,,,,,0.7,,966.2,,,,,,,,,,,,,0.0,,,,,,5.5,False,,,,,,,,,,,2026-09-29 17:00:00,,2.8,,,,220,,,,,,,0.0,,25.9,Phayao,,,,0.0,85,,,,,,,,,,,,
,,5.6,,,,,,,0.5,,966.3,,,,,,,,,,,,,0.0,,,,,,5.6,False,,,,,,,,,,,2026-09-29 18:00:00,,2.9,,,,191,,,,,,,0.0,,25.3,Phayao,,,,0.0,90,,,,,,,,,,,,
,,8.9,,,,,,,0.0,,966.7,,,,,,,,,,,,,0.0,,,,,,8.9,False,,,,,,,,,,,2026-09-29 19:00:00,,4.5,,,,268,,,,,,,0.0,,25.1,Phayao,,,,0.0,91,,,,,,,,,,,,
,,8.8,,,,,,,0.0,,967.2,,,,,,,,,,,,,0.0,,,,,,8.8,False,,,,,,,,,,,2026-09-29 20:00:00,,2.4,,,,253,,,,,,,0.0,,24.5,Phayao,,,,0.0,96,,,,,,,,,,,,
,,9.2,,,,,,,1.3,,968.2,,,,,,,,,,,,,0.0,,,,,,9.2,False,,,,,,,,,,,2026-09-29 21:00:00,,3.8,,,,253,,,,,,,0.0,,24.0,Phayao,,,,0.0,98,,,,,,,,,,,,
,,9.3,,,,,,,6.1,,969.0,,,,,,,,,,,,,0.0,,,,,,9.3,False,,,,,,,,,,,2026-09-29 22:00:00,,1.8,,,,37,,,,,,,0.0,,23.5,Phayao,,,,0.0,98,,,,,,,,,,,,
,,8.8,,,,,,,0.1,,969.2,,,,,,,,,,,,,0.0,,,,,,8.8,False,,,,,,,,,,,2026-09-29 23:00:00,,2.8,,,,135,,,,,,,0.0,,23.7,Phayao,,,,0.0,98,,,,,,,,,,,,
,,8.1,,,,,,,0.0,,968.9,,,,,,,,,,,,,0.0,,,,,,8.1,False,,,,,,,,,,,2026-09-30 00:00:00,,2.7,,,,172,,,,,,,0.0,,23.6,Phayao,,,,0.0,97,,,,,,,,,,,,
,,7.8,,,,,,,0.0,,968.4,,,,,,,,,,,,,0.0,,,,,,7.8,False,,,,,,,,,,,2026-09-30 01:00:00,,1.5,,,,210,,,,,,,0.0,,23.8,Phayao,,,,0.0,96,,,,,,,,,,,,
,,7.7,,,,,,,0.0,,968.0,,,,,,,,,,,,,0.0,,,,,,7.7,False,,,,,,,,,,,2026-09-30 02:00:00,,0.8,,,,225,,,,,,,0.0,,23.4,Phayao,,,,0.0,98,,,,,,,,,,,,
,,7.9,,,,,,,0.0,,967.7,,,,,,,,,,,,,0.0,,,,,,7.9,False,,,,,,,,,,,2026-09-30 03:00:00,,0.9,,,,259,,,,,,,0.0,,23.1,Phayao,,,,0.0,100,,,,,,,,,,,,
,,8.2,,,,,,,0.0,,967.7,,,,,,,,,,,,,0.0,,,,,,8.2,False,,,,,,,,,,,2026-09-30 04:00:00,,0.7,,,,270,,,,,,,0.0,,23.1,Phayao,,,,0.0,100,,,,,,,,,,,,
,,8.4,,,,,,,0.0,,967.7,,,,,,,,,,,,,0.0,,,,,,8.4,False,,,,,,,,,,,2026-09-30 05:00:00,,1.1,,,,279,,,,,,,0.0,,23.0,Phayao,,,,0.0,100,,,,,,,,,,,,
,,8.2,,,,,,,0.0,,968.1,,,,,,,,,,,,,0.0,,,,,,8.2,False,,,,,,,,,,,2026-09-30 06:00:00,,0.4,,,,270,,,,,,,0.0,,23.0,Phayao,,,,0.0,100,,,,,,,,,,,,
,,7.7,,,,,,,0.0,,968.9,,,,,,,,,,,,,0.0,,,,,,7.7,False,,,,,,,,,,,2026-09-30 07:00:00,,0.9,,,,143,,,,,,,0.0,,23.3,Phayao,,,,0.0,100,,,,,,,,,,,,
,,7.5,,,,,,,0.0,,969.7,,,,,,,,,,,,,0.0,,,,,,7.5,False,,,,,,,,,,,2026-09-30 08:00:00,,2.1,,,,121,,,,,,,0.0,,24.1,Phayao,,,,0.0,95,,,,,,,,,,,,
,,7.3,,,,,,,0.0,,970.4,,,,,,,,,,,,,0.0,,,,,,7.3,False,,,,,,,,,,,2026-09-30 09:00:00,,3.6,,,,123,,,,,,,0.0,,25.3,Phayao,,,,0.0,91,,,,,,,,,,,,
,,7.0,,,,,,,0.0,,970.6,,,,,,,,,,,,,0.0,,,,,,7.0,False,,,,,,,,,,,2026-09-30 10:00:00,,6.0,,,,143,,,,,,,0.0,,26.7,Phayao,,,,0.0,83,,,,,,,,,,,,
7.883333333333333,7.266666666666667,0.0,0.0,7.683333333333334,8.4,-0.8090169943749473,7.258333333333333,15.5,0.1,0.0,970.2,0.0,0.0,2.2,2.0,0.0,-0.9659258262890682,-0.20129852008866114,0.0,0.0,0.5877852522924732,9.3,-0.2999999999999998,0.0,0.0,3.681347725258107,-1.0,0.8,0.4879093722768149,,True,0.258819045102521,8.4,7.5,0.0,0.0,0.0,0.9795299412524943,5.2,0.0,0.0,2026-09-30 11:00:00,0.0,7.3,0.0,7.3,0.0,144,17.143692870201097,-7.0,-1.8369701987210297e-16,0.20548046676563253,0.47404875511092975,8.8,0.0,1.4056186854509616,27.9,Phayao,7.0,2.603333199957316,-1.0,0.0,76,5.557738095238095,7.5,0.0,0.0,0.0,0.0,5.1875,2026.0,0.09531017980432487,8.8,0.0,9.3
7.1499999999999995,4.766666666666667,0.0,0.0,6.283333333333334,8.2,-0.6819983600624984,7.041666666666667,15.5,0.0,0.0,969.0,0.0,0.0,2.4,-5.2,0.0,-1.0,-0.20129852008866114,0.0,0.0,0.7313537016191706,9.3,-7.0,0.0,0.0,3.690947694534135,-1.0,0.9,2.833970516587794,,True,1.2246467991473532e-16,8.2,7.3,0.0,0.0,0.0,0.9795299412524943,5.4,0.0,0.0,2026-09-30 12:00:00,0.0,8.8,0.0,7.0,0.0,133,17.143692870201097,-1.0,-1.8369701987210297e-16,3.3727667508375903,2.1899391163530857,8.1,0.0,1.9868141723763588,28.1,Phayao,0.0,2.6337519445755624,1.0,0.0,75,5.550595238095238,7.3,0.0,0.0,0.0,0.0,5.170833333333333,2026.0,0.0,8.4,0.0,9.3
6.4750000000000005,2.3333333333333335,0.0,0.0,4.916666666666667,7.7,-0.8386705679454239,6.816666666666667,15.5,0.1,0.0,968.0,0.0,0.0,2.5,-5.4,0.0,-0.9659258262890683,-0.20129852008866114,0.0,0.0,0.5446390350150273,9.3,0.0,0.0,0.0,3.701199474632569,-1.0,1.0,3.4830143394607043,,True,-0.2588190451025208,7.7,7.0,0.0,0.0,0.0,0.9795299412524943,5.4,0.0,0.0,2026-09-30 13:00:00,0.0,8.3,0.0,0.0,0.0,147,17.143692870201097,-6.0,-1.8369701987210297e-16,3.2998316455372216,2.9197959403583895,7.8,0.0,2.4187921687395044,29.3,Phayao,0.0,2.667082487111254,-5.0,0.0,69,5.542857142857143,7.0,0.0,0.0,0.0,0.0,5.152083333333333,2026.0,0.09531017980432487,8.4,0.0,9.3
5.825,0.0,0.0,0.0,3.6333333333333333,7.5,-0.9993908270190958,6.591666666666666,15.5,0.1,0.0,967.1,0.0,0.0,2.7,-5.4,0.0,-0.8660254037844388,-0.20129852008866114,0.0,0.0,0.03489949670250114,9.3,0.0,0.0,0.0,3.7133713770813426,-1.0,1.0,3.636237371545238,,True,-0.4999999999999997,7.5,0.0,0.0,0.0,0.0,0.9795299412524943,5.4,0.0,0.0,2026-09-30 14:00:00,0.0,6.1,0.0,0.0,0.0,178,17.143692870201097,-2.0,-1.8369701987210297e-16,0.0,3.3838156470666854,7.7,0.0,2.7663026869009757,29.6,Phayao,0.0,2.7030967002372175,-3.0,0.0,67,5.533333333333333,0.0,0.0,0.0,0.0,0.0,5.1312500000000005,2026.0,0.09531017980432487,8.4,0.0,9.3
5.183333333333334,0.0,0.0,0.0,2.3833333333333333,7.3,-0.9743700647852352,6.366666666666667,15.5,0.0,0.0,965.8,0.0,0.0,2.8,-5.4,0.0,-0.7071067811865479,-0.20129852008866114,0.0,0.0,-0.22495105434386498,9.3,0.0,0.0,0.0,3.7267006725110523,-1.0,1.1,3.371654720690651,,True,-0.7071067811865471,7.3,0.0,0.0,0.0,0.0,0.9795299412524943,5.3,0.0,0.0,2026-09-30 15:00:00,0.0,5.5,0.0,0.0,0.0,193,17.143692870201097,-2.0,-1.8369701987210297e-16,0.0,3.6841628025313367,7.9,0.0,3.0582765662306537,29.9,Phayao,0.0,2.738478864818123,-15.0,0.0,65,5.522619047619047,0.0,0.0,0.0,0.0,0.0,5.110416666666667,2026.0,0.0,8.4,0.0,9.3
4.5249999999999995,0.0,0.0,0.0,1.1666666666666667,7.0,-0.9205048534524404,6.145833333333333,15.5,0.0,0.0,965.2,0.0,0.0,2.9,-5.3,0.0,-0.5000000000000004,-0.20129852008866114,0.0,0.0,-0.39073112848927355,9.3,0.0,0.0,0.0,3.741101119327572,-1.0,1.0,2.608745973749755,,True,-0.8660254037844384,7.0,0.0,0.0,0.0,0.0,0.9795299412524943,5.6,0.0,0.0,2026-09-30 16:00:00,0.0,5.1,0.0,0.0,0.0,203,17.143692870201097,-1.0,-1.8369701987210297e-16,0.0,3.8423354443185542,8.2,0.0,3.308446156766379,29.6,Phayao,0.0,2.7762853629745385,-22.0,0.0,64,5.510714285714286,0.0,0.0,0.0,0.0,0.0,5.0874999999999995,2026.0,0.0,8.4,0.0,9.3
3.841666666666667,0.0,0.0,0.0,0.0,0.0,-0.9063077870366499,5.9125000000000005,15.5,0.0,0.0,965.1,0.0,0.0,3.0,-5.6,0.0,-0.25881904510252063,-0.20129852008866114,0.0,0.0,0.4226182617406995,9.3,0.0,0.0,0.0,3.7564856990618556,-1.0,0.8,0.0,,True,-0.9659258262890683,0.0,0.0,0.0,0.0,0.0,0.9795299412524943,5.5,0.0,0.0,2026-09-30 17:00:00,0.0,3.4,0.0,0.0,0.0,155,17.143692870201097,1.0,-1.8369701987210297e-16,0.0,3.857127241297019,8.4,0.0,3.528846896178221,29.3,Phayao,0.0,2.810422071899917,-20.0,0.0,65,5.497619047619048,0.0,0.0,0.0,0.0,0.0,5.066666666666666,2026.0,0.0,8.4,0.0,9.3
3.141666666666667,0.0,0.0,0.0,0.0,0.0,-0.9135454576426008,5.683333333333334,15.5,0.0,0.0,965.4,0.0,0.0,3.2,-5.5,0.0,-1.8369701987210297e-16,-0.20129852008866114,0.0,0.0,0.40673664307580043,9.3,0.0,0.0,0.0,3.7727668681313773,-1.0,1.1,0.0,,True,-1.0,0.0,0.0,0.0,0.0,0.0,0.9795299412524943,5.6,0.0,0.0,2026-09-30 18:00:00,0.0,3.1,0.0,0.0,0.0,156,17.143692870201097,16.0,-1.8369701987210297e-16,0.0,3.7263606761676855,8.2,0.0,3.7215214929141847,27.5,Phayao,0.0,2.837912965543517,-9.0,0.0,81,5.483333333333333,0.0,0.0,0.0,0.0,0.0,5.05,2026.0,0.0,8.2,0.0,9.3
2.4583333333333335,0.0,0.0,0.0,0.0,0.0,-0.9205048534524404,5.45,15.5,0.0,0.0,966.1,0.0,0.0,6.2,-5.6,0.0,0.2588190451025203,-0.20129852008866114,0.0,0.0,-0.39073112848927355,9.3,0.0,0.0,0.0,3.793269219162755,-1.0,6.3,0.0,,True,-0.9659258262890684,0.0,0.0,0.0,0.0,0.0,0.9795299412524943,8.9,0.0,0.0,2026-09-30 19:00:00,0.0,2.3,0.0,0.0,0.0,203,17.143692870201097,7.0,-1.8369701987210297e-16,0.0,3.4798128142505336,7.7,0.0,3.8911223744998478,26.4,Phayao,0.0,2.8739302055528224,-3.0,0.0,88,5.4625,0.0,0.0,0.0,0.0,0.0,5.027083333333334,2026.0,0.0,7.7,0.0,9.3
1.8166666666666667,0.0,0.0,0.0,0.0,0.0,-0.5877852522924732,5.079166666666667,15.5,0.0,0.0,967.4,0.0,0.0,6.1,-8.9,0.0,0.5000000000000001,-0.20129852008866114,0.0,0.0,-0.8090169943749473,9.3,0.0,0.0,0.0,3.792056635025726,-1.0,5.7,0.0,,True,-0.8660254037844386,0.0,0.0,0.0,0.0,0.0,0.9795299412524943,8.8,0.0,0.0,2026-09-30 20:00:00,0.0,2.4,0.0,0.0,0.0,234,17.143692870201097,6.0,-1.8369701987210297e-16,0.0,3.1482358375586936,7.5,0.0,3.96799478816302,25.6,Phayao,0.0,2.9555004041429074,-2.0,0.0,94,5.39702380952381,0.0,0.0,0.0,0.0,0.0,4.895833333333333,2026.0,0.0,7.5,0.0,9.3
1.1916666666666667,0.0,0.0,0.0,0.0,0.0,-0.5591929034707466,4.7124999999999995,15.5,0.0,0.0,968.6,0.0,0.0,5.8,-8.8,0.0,0.7071067811865474,-0.20129852008866114,0.0,0.0,-0.8290375725550418,9.3,0.0,0.0,0.0,3.7789477938404263,-1.0,5.4,0.0,,True,-0.7071067811865477,0.0,0.0,0.0,0.0,0.0,0.9795299412524943,9.2,0.0,0.0,2026-09-30 21:00:00,0.0,1.9,0.0,0.0,0.0,236,17.143692870201097,3.0,-1.8369701987210297e-16,0.0,2.665351238058921,7.3,0.0,4.013551264154976,25.2,Phayao,0.0,3.034265395949332,-1.0,0.0,97,5.325000000000001,0.0,0.0,0.0,0.0,0.0,4.777083333333334,2026.0,0.0,7.3,0.0,9.3
0.5833333333333334,0.0,0.0,0.0,0.0,0.0,-0.7431448254773942,4.329166666666667,15.5,0.0,0.0,969.3,0.0,0.0,5.4,-9.2,0.0,0.8660254037844384,-0.20129852008866114,0.0,0.0,-0.6691306063588582,9.3,0.0,0.0,0.0,3.7515218000601473,-1.0,5.1,0.0,,True,-0.5000000000000004,0.0,0.0,0.0,0.0,0.0,0.9795299412524943,9.3,0.0,0.0,2026-09-30 22:00:00,0.0,2.7,0.0,0.0,0.0,222,17.143692870201097,0.0,-1.8369701987210297e-16,0.0,1.9346977943739836,7.0,0.0,4.005982938749934,25.0,Phayao,0.0,3.1082879520815885,-1.0,0.0,97,5.246428571428572,0.0,0.0,0.0,0.0,0.0,4.664583333333334,2026.0,0.0,7.0,0.0,9.3
0.0,0.0,0.0,0.0,0.0,0.0,-0.7313537016191706,3.9416666666666664,15.5,0.0,0.0,969.5,0.0,0.0,5.1,-9.3,0.0,0.9659258262890681,-0.20129852008866114,0.0,0.0,-0.6819983600624984,8.8,0.0,0.0,0.0,3.7085616760700395,-1.0,4.7,0.0,,True,-0.25881904510252157,0.0,0.0,0.0,0.0,0.0,0.9795299412524943,8.8,0.0,0.0,2026-09-30 23:00:00,0.0,2.9,0.0,0.0,0.0,223,17.143692870201097,-1.0,-1.8369701987210297e-16,0.0,0.0,0.0,0.0,3.9558939852101984,24.9,Phayao,0.0,3.177973236024635,-2.0,0.0,96,5.161904761904762,0.0,0.0,0.0,0.0,0.0,4.558333333333334,2026.0,0.0,0.0,0.0,9.3
0.0,0.0,0.0,0.0,0.0,0.0,-0.25881904510252063,3.5749999999999997,15.5,0.0,0.0,968.9,0.0,0.0,5.0,-8.8,0.0,1.0,0.20129852008866006,0.0,0.0,-0.9659258262890683,8.4,0.0,0.0,0.0,3.653948257499102,-0.8660254037844386,4.1,0.0,,True,0.0,0.0,0.0,0.0,0.0,0.0,0.9795299412524945,8.1,0.0,0.0,2026-10-01 00:00:00,0.0,2.1,0.0,0.0,0.0,255,17.143692870201097,3.0,0.5000000000000001,0.0,0.0,0.0,0.0,3.895964792790955,24.4,Phayao,0.0,3.2438235915437135,2.0,0.0,99,5.073809523809524,0.0,0.0,0.0,0.0,0.0,4.460416666666667,2026.0,0.0,0.0,0.0,9.3
0.0,0.0,0.0,0.0,0.0,0.0,-0.6018150231520483,3.2375000000000003,15.5,0.0,0.0,968.4,0.0,0.0,4.9,-8.1,0.0,0.9659258262890683,0.20129852008866006,0.0,0.0,-0.7986355100472928,8.4,0.0,0.0,0.0,3.5913972999831874,-0.8660254037844386,3.7,0.0,,True,0.25881904510252074,0.0,0.0,0.0,0.0,0.0,0.9795299412524945,7.8,0.0,0.0,2026-10-01 01:00:00,0.0,1.8,0.0,0.0,0.0,233,17.143692870201097,1.0,0.5000000000000001,0.0,0.0,0.0,0.0,3.839793017425114,24.1,Phayao,0.0,3.3055823995175193,4.0,0.0,100,4.983928571428571,0.0,0.0,0.0,0.0,0.0,4.375,2026.0,0.0,0.0,0.0,9.3
0.0,0.0,0.0,0.0,0.0,0.0,-0.5877852522924732,2.9125,14.6,0.0,0.0,967.9,0.0,0.0,4.8,-7.8,0.0,0.8660254037844387,0.20129852008866006,0.0,0.0,-0.8090169943749473,8.4,0.0,0.0,0.0,3.5184110433320988,-0.8660254037844386,3.3,0.0,,True,0.49999999999999994,0.0,0.0,0.0,0.0,0.0,0.9795299412524945,7.7,0.0,0.0,2026-10-01 02:00:00,0.0,1.5,0.0,0.0,0.0,234,17.143692870201097,0.0,0.5000000000000001,0.0,0.0,0.0,0.0,3.7693182960141036,24.0,Phayao,0.0,3.3630646727435316,2.0,0.0,100,4.8916666666666675,0.0,0.0,0.0,0.0,0.0,4.297916666666667,2026.0,0.0,0.0,0.0,9.3
0.0,0.0,0.0,0.0,0.0,0.0,-0.7071067811865477,2.591666666666667,14.6,0.0,0.0,967.5,0.0,0.0,4.8,-7.7,0.0,0.7071067811865476,0.20129852008866006,0.0,0.0,-0.7071067811865475,8.4,0.0,0.0,0.0,3.457321587928765,-0.8660254037844386,3.2,0.0,,True,0.7071067811865475,0.0,0.0,0.0,0.0,0.0,0.9795299412524945,7.9,0.0,0.0,2026-10-01 03:00:00,0.0,2.0,0.0,0.0,0.0,225,17.143692870201097,0.0,0.5000000000000001,0.0,0.0,0.0,0.0,3.6746787463516983,23.8,Phayao,0.0,3.4160746438305796,0.0,0.0,100,4.8047619047619055,0.0,0.0,0.0,0.0,0.0,4.229166666666667,2026.0,0.0,0.0,0.0,9.3
0.0,0.0,0.0,0.0,0.0,0.0,-0.7547095802227721,2.2624999999999997,14.6,0.0,0.0,967.3,0.0,0.0,4.8,-7.9,0.0,0.5000000000000001,0.20129852008866006,0.0,0.0,-0.656059028990507,8.4,0.0,0.0,0.0,3.407763776156093,-0.8660254037844386,3.1,0.0,,True,0.8660254037844386,0.0,0.0,0.0,0.0,0.0,0.9795299412524945,8.2,0.0,0.0,2026-10-01 04:00:00,0.0,1.9,0.0,0.0,0.0,221,17.143692870201097,0.0,0.5000000000000001,0.0,0.0,0.0,0.0,3.535629658679389,23.7,Phayao,0.0,3.4663636686495165,0.0,0.0,100,4.723214285714286,0.0,0.0,0.0,0.0,0.0,4.1625000000000005,2026.0,0.0,0.0,0.0,9.3
0.0,0.0,0.0,0.0,0.0,0.0,-0.10452846326765336,1.9208333333333334,14.6,0.0,0.0,967.5,0.0,0.0,5.0,-8.2,0.0,0.25881904510252074,0.20129852008866006,0.0,0.0,-0.9945218953682734,8.4,0.0,0.0,0.0,3.3692044700994135,-0.8660254037844386,3.2,0.0,,True,0.9659258262890683,0.0,0.0,0.0,0.0,0.0,0.9795299412524945,8.4,0.0,0.0,2026-10-01 05:00:00,0.0,1.6,0.0,0.0,0.0,264,17.143692870201097,0.0,0.5000000000000001,0.0,0.0,0.0,0.0,3.3359130642482606,23.5,Phayao,0.0,3.514107851653895,0.0,0.0,100,4.64702380952381,0.0,0.0,0.0,0.0,0.0,4.097916666666666,2026.0,0.0,0.0,0.0,9.3
0.0,0.0,0.0,0.0,0.0,0.0,-0.2756373558169989,1.5708333333333335,14.6,0.0,0.0,968.1,0.0,0.0,5.3,-8.4,0.0,6.123233995736766e-17,0.20129852008866006,0.0,0.0,-0.961261695938319,8.2,0.0,0.0,0.0,3.326974163736142,-0.8660254037844386,3.1,0.0,,True,1.0,0.0,0.0,0.0,0.0,0.0,0.9795299412524945,8.2,0.0,0.0,2026-10-01 06:00:00,0.0,1.3,0.0,0.0,0.0,254,17.143692870201097,0.0,0.5000000000000001,0.0,0.0,0.0,0.0,3.067637414290606,23.5,Phayao,0.0,3.5605568531013048,0.0,0.0,100,4.5702380952380945,0.0,0.0,0.0,0.0,0.0,4.03125,2026.0,0.0,0.0,0.0,9.3
0.0,0.0,0.0,0.0,0.0,0.0,-1.0,1.2291666666666667,14.6,0.0,0.0,968.9,0.0,0.0,5.1,-8.2,0.0,-0.25881904510252063,0.20129852008866006,0.0,0.0,1.2246467991473532e-16,7.7,0.0,0.0,0.0,3.2854161678938794,-0.8660254037844386,3.3,0.0,,True,0.9659258262890683,0.0,0.0,0.0,0.0,0.0,0.9795299412524945,7.7,0.0,0.0,2026-10-01 07:00:00,0.0,0.2,0.0,0.0,0.0,180,17.143692870201097,-1.0,0.5000000000000001,0.0,0.0,0.0,0.0,2.7505270959500754,23.6,Phayao,0.0,3.604703717212954,-1.0,0.0,99,4.494642857142857,0.0,0.0,0.0,0.0,0.0,3.9666666666666663,2026.0,0.0,0.0,0.0,9.3
0.0,0.0,0.0,0.0,0.0,0.0,0.4539904997395468,0.9083333333333333,14.6,0.2,0.0,969.9,0.0,0.0,2.5,-7.7,0.0,-0.4999999999999998,0.20129852008866006,0.0,0.0,0.8910065241883678,7.5,0.0,0.0,0.0,3.2584366338862805,-0.8660254037844386,3.8,0.0,,True,0.8660254037844387,0.0,0.0,0.0,0.0,0.0,0.9795299412524945,7.5,0.0,0.0,2026-10-01 08:00:00,0.0,2.0,0.0,0.0,0.0,63,17.143692870201097,-5.0,0.5000000000000001,0.0,0.0,0.0,0.0,2.404321918730703,24.7,Phayao,0.0,3.6479725866644825,-1.0,0.0,94,4.4261904761904765,0.0,0.0,0.0,0.0,0.0,3.8979166666666667,2026.0,0.18232155679395462,0.0,0.0,9.3
0.0,0.0,0.0,0.0,0.0,0.0,0.37460659341591196,0.5958333333333333,14.6,0.2,0.0,970.7,0.0,0.0,1.2,-7.5,0.0,-0.7071067811865475,0.20129852008866006,0.0,0.0,0.9271838545667874,7.3,0.0,0.0,0.0,3.2600166154995796,-0.8660254037844386,4.1,0.0,,True,0.7071067811865476,0.0,0.0,0.0,0.0,0.0,0.9795299412524945,7.3,0.0,0.0,2026-10-01 09:00:00,0.0,2.9,0.0,0.0,0.0,68,17.143692870201097,-9.0,0.5000000000000001,0.0,0.0,0.0,0.0,1.9766299532846865,26.2,Phayao,0.0,3.6902267460821427,-6.0,0.0,85,4.375,0.0,0.0,0.0,0.0,0.0,3.81875,2026.0,0.18232155679395462,0.0,0.0,9.3
0.0,0.0,0.0,0.0,0.0,0.0,0.3583679495453004,0.2916666666666667,14.6,0.1,0.0,970.8,0.0,0.0,0.9,-7.3,0.0,-0.8660254037844387,0.20129852008866006,0.0,0.0,0.9335804264972017,7.0,0.0,0.0,0.0,3.2699082815987404,-0.8660254037844386,5.0,0.0,,True,0.49999999999999994,0.0,0.0,0.0,0.0,0.0,0.9795299412524945,7.0,0.0,0.0,2026-10-01 10:00:00,0.0,4.0,0.0,0.0,0.0,69,17.143692870201097,-3.0,0.5000000000000001,0.0,0.0,0.0,0.0,1.3987841942995431,26.8,Phayao,0.0,3.7299649983463508,-1.0,0.0,82,4.332142857142857,0.0,0.0,0.0,0.0,0.0,3.733333333333333,2026.0,0.09531017980432487,0.0,0.0,9.3
0.0,0.0,0.0,0.0,0.0,0.0,0.5000000000000001,0.0,14.6,0.2,0.0,970.6,0.0,0.0,0.8,-7.0,0.0,-0.9659258262890682,0.20129852008866006,0.0,0.0,0.8660254037844386,0.0,0.0,0.0,0.0,3.2842316789606114,-0.8660254037844386,5.2,0.0,,True,0.258819045102521,0.0,0.0,0.0,0.0,0.0,0.9795299412524945,0.0,0.0,0.0,2026-10-01 11:00:00,0.0,3.6,0.0,0.0,0.0,60,17.143692870201097,-6.0,0.5000000000000001,0.0,0.0,0.0,0.0,0.0,28.1,Phayao,0.0,3.7628091419694525,0.0,0.0,76,4.296428571428571,0.0,0.0,0.0,0.0,0.0,3.6291666666666664,2026.0,0.18232155679395462,0.0,0.0,9.3
0.0,0.0,0.0,0.0,0.0,0.0,0.27563735581699916,0.0,14.6,0.1,0.0,969.7,0.0,0.0,0.9,0.0,0.0,-1.0,0.20129852008866006,0.0,0.0,0.9612616959383189,0.0,0.0,0.0,0.0,3.2994484675335207,-0.8660254037844386,5.4,0.0,,True,1.2246467991473532e-16,0.0,0.0,0.0,0.0,0.0,0.9795299412524945,0.0,0.0,0.0,2026-10-01 12:00:00,0.0,3.4,0.0,0.0,0.0,74,17.143692870201097,-3.0,0.5000000000000001,0.0,0.0,0.0,0.0,0.0,28.9,Phayao,0.0,3.7907759942904686,-2.0,0.0,73,4.263690476190476,0.0,0.0,0.0,0.0,0.0,3.5208333333333335,2026.0,0.09531017980432487,0.0,0.0,9.3
0.0,0.0,0.0,0.0,0.0,0.0,-0.034899496702500955,0.0,14.6,0.1,0.0,968.4,0.0,0.0,1.0,0.0,0.0,-0.9659258262890683,0.20129852008866006,0.0,0.0,0.9993908270190958,0.0,0.0,0.0,0.0,3.3151856652226823,-0.8660254037844386,5.4,0.0,,True,-0.2588190451025208,0.0,0.0,0.0,0.0,0.0,0.9795299412524945,0.0,0.0,0.0,2026-10-01 13:00:00,0.0,5.0,0.0,0.0,0.0,92,17.143692870201097,-1.0,0.5000000000000001,0.0,0.0,0.0,0.0,0.0,29.5,Phayao,0.0,3.8133992564231836,3.0,0.0,72,4.233928571428571,0.0,0.0,0.0,0.0,0.0,3.4083333333333337,2026.0,0.09531017980432487,0.0,0.0,9.3
0.0,0.0,0.0,0.0,0.0,0.0,-0.034899496702500955,0.0,14.6,0.4,0.0,967.1,0.0,0.0,1.0,0.0,0.0,-0.8660254037844388,0.20129852008866006,0.0,0.0,0.9993908270190958,0.0,0.0,0.0,0.0,3.3308310654752056,-0.8660254037844386,5.4,0.0,,True,-0.4999999999999997,0.0,0.0,0.0,0.0,0.0,0.9795299412524945,0.0,0.0,0.0,2026-10-01 14:00:00,0.0,5.6,0.0,0.0,0.0,92,17.143692870201097,0.0,0.5000000000000001,0.0,0.0,0.0,0.0,0.0,29.6,Phayao,0.0,3.832588242805232,5.0,0.0,72,4.205357142857143,0.0,0.0,0.0,0.0,0.0,3.295833333333333,2026.0,0.33647223662121295,0.0,0.0,9.3
0.0,0.0,0.0,0.0,0.0,0.0,-0.1736481776669303,0.0,14.6,0.3,0.0,965.9,0.0,0.0,1.1,0.0,0.0,-0.7071067811865479,0.20129852008866006,0.0,0.0,0.984807753012208,0.0,0.0,0.0,0.0,3.3464596460585643,-0.8660254037844386,5.3,0.0,,True,-0.7071067811865471,0.0,0.0,0.0,0.0,0.0,0.9795299412524945,0.0,0.0,0.0,2026-10-01 15:00:00,0.0,5.1,0.0,0.0,0.0,100,17.143692870201097,-3.0,0.5000000000000001,0.0,0.0,0.0,0.0,0.0,30.1,Phayao,0.0,3.8483943260649482,4.0,0.0,69,4.179166666666667,0.0,0.0,0.0,0.0,0.0,3.1833333333333336,2026.0,0.26236426446749106,0.0,0.0,9.3
0.0,0.0,0.0,0.0,0.0,0.0,-0.5299192642332048,0.0,14.6,0.1,0.0,964.9,0.0,0.0,1.0,0.0,0.0,-0.5000000000000004,0.20129852008866006,0.0,0.0,0.8480480961564261,0.0,0.0,0.0,0.0,3.361494087877363,-0.8660254037844386,5.6,0.0,,True,-0.8660254037844384,0.0,0.0,0.0,0.0,0.0,0.9795299412524945,0.0,0.0,0.0,2026-10-01 16:00:00,0.0,6.1,0.0,0.0,0.0,122,17.143692870201097,-1.0,0.5000000000000001,0.0,0.0,0.0,0.0,0.0,30.3,Phayao,0.0,3.8620881432702814,4.0,0.0,68,4.150595238095238,0.0,0.0,0.0,0.0,0.0,3.0729166666666665,2026.0,0.09531017980432487,0.0,0.0,9.3
0.0,0.0,0.0,0.0,0.0,0.0,-0.6293203910498373,0.0,14.6,0.4,0.0,964.9,0.0,0.0,0.8,0.0,0.0,-0.25881904510252063,0.20129852008866006,0.0,0.0,0.777145961456971,0.0,0.0,0.0,0.0,3.376219807700514,-0.8660254037844386,5.5,0.0,,True,-0.9659258262890683,0.0,0.0,0.0,0.0,0.0,0.9795299412524945,0.0,0.0,0.0,2026-10-01 17:00:00,0.0,7.4,0.0,0.0,0.0,129,17.143692870201097,3.0,0.5000000000000001,0.0,0.0,0.0,0.0,0.0,29.9,Phayao,0.0,3.868564885178137,6.0,0.0,71,4.122023809523809,0.0,0.0,0.0,0.0,0.0,2.9562500000000003,2026.0,0.33647223662121295,0.0,0.0,9.3
0.0,0.0,0.0,0.0,0.0,0.0,-0.9455185755993168,0.0,14.6,0.0,0.0,965.4,0.0,0.0,1.1,0.0,0.0,-1.8369701987210297e-16,0.20129852008866006,0.0,0.0,0.3255681544571566,0.0,0.0,0.0,0.0,3.3906408279148206,-0.8660254037844386,5.6,0.0,,True,-1.0,0.0,0.0,0.0,0.0,0.0,0.9795299412524945,0.0,0.0,0.0,2026-10-01 18:00:00,0.0,5.0,0.0,0.0,0.0,161,17.143692870201097,9.0,0.5000000000000001,0.0,0.0,0.0,0.0,0.0,28.4,Phayao,0.0,3.8729743809578125,-1.0,0.0,80,4.093452380952381,0.0,0.0,0.0,0.0,0.0,2.841666666666667,2026.0,0.0,0.0,0.0,9.3
0.0,0.0,0.0,0.0,0.0,0.0,-0.9455185755993167,0.0,14.6,0.0,0.0,966.6,0.0,0.0,6.3,0.0,0.0,0.2588190451025203,0.20129852008866006,0.0,0.0,-0.32556815445715676,0.0,0.0,0.0,0.0,3.404468799821334,-0.8660254037844386,8.9,0.0,,True,-0.9659258262890684,0.0,0.0,0.0,0.0,0.0,0.9795299412524945,0.0,0.0,0.0,2026-10-01 19:00:00,0.0,4.4,0.0,0.0,0.0,199,17.143692870201097,6.0,0.5000000000000001,0.0,0.0,0.0,0.0,0.0,27.4,Phayao,0.0,3.8724722938539746,-2.0,0.0,86,4.063690476190477,0.0,0.0,0.0,0.0,0.0,2.725,2026.0,0.0,0.0,0.0,9.3
0.0,0.0,0.0,0.0,0.0,0.0,-0.788010753606722,0.0,14.6,0.0,0.0,967.8,0.0,0.0,5.7,0.0,0.0,0.5000000000000001,0.20129852008866006,0.0,0.0,-0.6156614753256582,0.0,0.0,0.0,0.0,3.3944705854603536,-0.8660254037844386,8.8,0.0,,True,-0.8660254037844386,0.0,0.0,0.0,0.0,0.0,0.9795299412524945,0.0,0.0,0.0,2026-10-01 20:00:00,0.0,3.0,0.0,0.0,0.0,218,17.143692870201097,6.0,0.5000000000000001,0.0,0.0,0.0,0.0,0.0,26.6,Phayao,0.0,3.784438508734009,-2.0,0.0,92,4.008333333333334,0.0,0.0,0.0,0.0,0.0,2.5395833333333333,2026.0,0.0,0.0,0.0,9.3
0.0,0.0,0.0,0.0,0.0,0.0,-0.5150380749100545,0.0,14.6,0.0,0.0,969.4,0.0,0.0,5.4,0.0,0.0,0.7071067811865474,0.20129852008866006,0.0,0.0,-0.8571673007021121,0.0,0.0,0.0,0.0,3.3844689542143556,-0.8660254037844386,9.2,0.0,,True,-0.7071067811865477,0.0,0.0,0.0,0.0,0.0,0.9795299412524945,0.0,0.0,0.0,2026-10-01 21:00:00,0.0,2.1,0.0,0.0,0.0,239,17.143692870201097,4.0,0.5000000000000001,0.0,0.0,0.0,0.0,0.0,26.0,Phayao,0.0,3.6886597752435777,-1.0,0.0,96,3.9535714285714287,0.0,0.0,0.0,0.0,0.0,2.3562499999999997,2026.0,0.0,0.0,0.0,9.3
0.0,0.0,0.0,0.0,0.0,0.0,-0.5000000000000004,0.0,14.6,0.0,0.0,969.7,0.0,0.0,5.1,0.0,0.0,0.8660254037844384,0.20129852008866006,0.0,0.0,-0.8660254037844384,0.0,0.0,0.0,0.0,3.371642110536341,-0.8660254037844386,9.3,0.0,,True,-0.5000000000000004,0.0,0.0,0.0,0.0,0.0,0.9795299412524945,0.0,0.0,0.0,2026-10-01 22:00:00,0.0,2.5,0.0,0.0,0.0,240,17.143692870201097,1.0,0.5000000000000001,0.0,0.0,0.0,0.0,0.0,25.7,Phayao,0.0,3.5650204290750174,0.0,0.0,97,3.8976190476190475,0.0,0.0,0.0,0.0,0.0,2.1645833333333333,2026.0,0.0,0.0,0.0,9.3
0.0,0.0,0.0,0.0,0.0,0.0,-0.6156614753256581,0.0,14.6,0.0,0.0,969.4,0.0,0.0,4.7,0.0,0.0,0.9659258262890681,0.20129852008866006,0.0,0.0,-0.7880107536067221,0.0,0.0,0.0,0.0,3.3547964930286294,-0.8660254037844386,8.8,0.0,,True,-0.25881904510252157,0.0,0.0,0.0,0.0,0.0,0.9795299412524945,0.0,0.0,0.0,2026-10-01 23:00:00,0.0,2.1,0.0,0.0,0.0,232,17.143692870201097,2.0,0.5000000000000001,0.0,0.0,0.0,0.0,0.0,25.2,Phayao,0.0,3.421802542358178,3.0,0.0,99,3.839880952380952,0.0,0.0,0.0,0.0,0.0,1.9708333333333332,2026.0,0.0,0.0,0.0,8.8
0.0,0.0,0.0,0.0,0.0,0.0,-0.6156614753256581,0.0,14.6,0.0,0.0,969.0,0.0,0.0,4.1,0.0,0.0,1.0,0.39435585511331855,0.0,0.0,-0.7880107536067221,0.0,0.0,0.0,0.0,3.329028629867987,-0.8660254037844386,8.1,0.0,,True,0.0,0.0,0.0,0.0,0.0,0.0,0.9189578116202306,0.0,0.0,0.0,2026-10-02 00:00:00,0.0,2.1,0.0,0.0,0.0,232,17.143692870201097,0.0,0.5000000000000001,0.0,0.0,0.0,0.0,0.0,25.0,Phayao,0.0,3.283965146485774,0.0,0.0,99,3.7779761904761906,0.0,0.0,0.0,0.0,0.0,1.7874999999999999,2026.0,0.0,0.0,0.0,8.4
0.0,0.0,0.0,0.0,0.0,0.0,-0.7547095802227721,0.0,14.6,0.0,0.0,968.3,0.0,0.0,3.7,0.0,0.0,0.9659258262890683,0.39435585511331855,0.0,0.0,-0.656059028990507,0.0,0.0,0.0,0.0,3.2832003301042065,-0.8660254037844386,7.8,0.0,,True,0.25881904510252074,0.0,0.0,0.0,0.0,0.0,0.9189578116202306,0.0,0.0,0.0,2026-10-02 01:00:00,0.0,1.7,0.0,0.0,0.0,221,17.143692870201097,1.0,0.5000000000000001,0.0,0.0,0.0,0.0,0.0,24.8,Phayao,0.0,3.161068928516639,0.0,0.0,100,3.707738095238095,0.0,0.0,0.0,0.0,0.0,1.6187500000000001,2026.0,0.0,0.0,0.0,8.4
0.0,0.0,0.0,0.0,0.0,0.0,-0.5150380749100545,0.0,14.6,0.0,0.0,967.7,0.0,0.0,3.3,0.0,0.0,0.8660254037844387,0.39435585511331855,0.0,0.0,-0.8571673007021121,0.0,0.0,0.0,0.0,3.2175107277904624,-0.8660254037844386,7.7,0.0,,True,0.49999999999999994,0.0,0.0,0.0,0.0,0.0,0.9189578116202306,0.0,0.0,0.0,2026-10-02 02:00:00,0.0,1.0,0.0,0.0,0.0,239,17.143692870201097,0.0,0.5000000000000001,0.0,0.0,0.0,0.0,0.0,24.7,Phayao,0.0,3.037193485906575,0.0,0.0,100,3.630952380952381,0.0,0.0,0.0,0.0,0.0,1.45625,2026.0,0.0,0.0,0.0,8.4
0.0,0.0,0.0,0.0,0.0,0.0,-0.5591929034707466,0.0,14.6,0.0,0.0,967.5,0.0,0.0,3.2,0.0,0.0,0.7071067811865476,0.39435585511331855,0.0,0.0,-0.8290375725550418,0.0,0.0,0.0,0.0,3.127926294287372,-0.8660254037844386,7.9,0.0,,True,0.7071067811865475,0.0,0.0,0.0,0.0,0.0,0.9189578116202306,0.0,0.0,0.0,2026-10-02 03:00:00,0.0,0.6,0.0,0.0,0.0,236,17.143692870201097,0.0,0.5000000000000001,0.0,0.0,0.0,0.0,0.0,24.6,Phayao,0.0,2.9035867426722803,0.0,0.0,100,3.5476190476190474,0.0,0.0,0.0,0.0,0.0,1.2958333333333334,2026.0,0.0,0.0,0.0,8.4
0.0,0.0,0.0,0.0,0.0,0.0,-0.6293203910498378,0.0,14.3,0.0,0.0,967.3,0.0,0.0,3.1,0.0,0.0,0.5000000000000001,0.39435585511331855,0.0,0.0,-0.7771459614569706,0.0,0.0,0.0,0.0,3.020624259713106,-0.8660254037844386,8.2,0.0,,True,0.8660254037844386,0.0,0.0,0.0,0.0,0.0,0.9189578116202306,0.0,0.0,0.0,2026-10-02 04:00:00,0.0,1.2,0.0,0.0,0.0,231,17.143692870201097,0.0,0.5000000000000001,0.0,0.0,0.0,0.0,0.0,24.5,Phayao,0.0,2.7440964094154325,0.0,0.0,100,3.4607142857142863,0.0,0.0,0.0,0.0,0.0,1.1312499999999999,2026.0,0.0,0.0,0.0,8.4
0.0,0.0,0.0,0.0,0.0,0.0,-0.7071067811865477,0.0,13.5,0.0,0.0,967.5,0.0,0.0,3.2,0.0,0.0,0.25881904510252074,0.39435585511331855,0.0,0.0,-0.7071067811865475,0.0,0.0,0.0,0.0,2.913566318673844,-0.8660254037844386,8.4,0.0,,True,0.9659258262890683,0.0,0.0,0.0,0.0,0.0,0.9189578116202306,0.0,0.0,0.0,2026-10-02 05:00:00,0.0,1.0,0.0,0.0,0.0,225,17.143692870201097,-1.0,0.5000000000000001,0.0,0.0,0.0,0.0,0.0,24.4,Phayao,0.0,2.5468722307415073,-1.0,0.0,99,3.3755952380952374,0.0,0.0,0.0,0.0,0.0,0.9604166666666667,2026.0,0.0,0.0,0.0,8.4
0.0,0.0,0.0,0.0,0.0,0.0,-0.8571673007021123,0.0,9.7,0.0,0.0,968.4,0.0,0.0,3.1,0.0,0.0,6.123233995736766e-17,0.39435585511331855,0.0,0.0,-0.5150380749100542,0.0,0.0,0.0,0.0,2.8178176612197756,-0.8660254037844386,8.2,0.0,,True,1.0,0.0,0.0,0.0,0.0,0.0,0.9189578116202306,0.0,0.0,0.0,2026-10-02 06:00:00,0.0,1.0,0.0,0.0,0.0,211,17.143692870201097,1.0,0.5000000000000001,0.0,0.0,0.0,0.0,0.0,24.1,Phayao,0.0,2.3069631538140256,0.0,0.0,100,3.2952380952380955,0.0,0.0,0.0,0.0,0.0,0.7854166666666668,2026.0,0.0,0.0,0.0,8.2
0.0,0.0,0.0,0.0,0.0,0.0,-0.8480480961564261,0.0,9.3,0.0,0.0,969.2,0.0,0.0,3.3,0.0,0.0,-0.25881904510252063,0.39435585511331855,0.0,0.0,-0.5299192642332048,0.0,0.0,0.0,0.0,2.7851794739982108,-0.8660254037844386,7.7,0.0,,True,0.9659258262890683,0.0,0.0,0.0,0.0,0.0,0.9189578116202306,0.0,0.0,0.0,2026-10-02 07:00:00,0.0,1.7,0.0,0.0,0.0,212,17.143692870201097,-1.0,0.5000000000000001,0.0,0.0,0.0,0.0,0.0,24.4,Phayao,0.0,2.0397088827548138,0.0,0.0,99,3.2375,0.0,0.0,0.0,0.0,0.0,0.6145833333333334,2026.0,0.0,0.0,0.0,7.7
0.0,0.0,0.0,0.0,0.0,0.0,-0.4539904997395467,0.0,9.3,0.0,0.0,970.5,0.0,0.0,3.8,0.0,0.0,-0.4999999999999998,0.39435585511331855,0.0,0.0,0.8910065241883679,0.0,0.0,0.0,0.0,2.7950383233553246,-0.8660254037844386,7.5,0.0,,True,0.8660254037844387,0.0,0.0,0.0,0.0,0.0,0.9189578116202306,0.0,0.0,0.0,2026-10-02 08:00:00,0.0,1.2,0.0,0.0,0.0,117,17.143692870201097,-7.0,0.5000000000000001,0.0,0.0,0.0,0.0,0.0,25.8,Phayao,0.0,1.7597298956247673,-2.0,0.0,92,3.211904761904761,0.0,0.0,0.0,0.0,0.0,0.45416666666666666,2026.0,0.0,0.0,0.0,7.5
0.0,0.0,0.0,0.0,0.0,0.0,-0.7771459614569709,0.0,9.3,0.1,0.0,971.2,0.0,0.0,4.1,0.0,0.0,-0.7071067811865475,0.39435585511331855,0.0,0.0,0.6293203910498374,0.0,0.0,0.0,0.0,2.805836399304112,-0.8660254037844386,7.3,0.0,,True,0.7071067811865476,0.0,0.0,0.0,0.0,0.0,0.9189578116202306,0.0,0.0,0.0,2026-10-02 09:00:00,0.0,1.2,0.0,0.0,0.0,141,17.143692870201097,-7.0,0.5000000000000001,0.0,0.0,0.0,0.0,0.0,27.2,Phayao,0.0,1.4290861857805812,0.0,0.0,85,3.191071428571428,0.0,0.0,0.0,0.0,0.0,0.29791666666666666,2026.0,0.09531017980432487,0.0,0.0,7.3
0.0,0.0,0.0,0.0,0.0,0.0,0.6293203910498375,0.0,9.3,0.1,0.0,971.5,0.0,0.0,5.0,0.0,0.0,-0.8660254037844387,0.39435585511331855,0.0,0.0,0.7771459614569709,0.0,0.0,0.0,0.0,2.816552384168709,-0.8660254037844386,7.0,0.0,,True,0.49999999999999994,0.0,0.0,0.0,0.0,0.0,0.9189578116202306,0.0,0.0,0.0,2026-10-02 10:00:00,0.0,2.3,0.0,0.0,0.0,51,17.143692870201097,-4.0,0.5000000000000001,0.0,0.0,0.0,0.0,0.0,28.5,Phayao,0.0,0.9997829625584859,-1.0,0.0,81,3.1720238095238096,0.0,0.0,0.0,0.0,0.0,0.14583333333333334,2026.0,0.09531017980432487,0.0,0.0,7.0
0.0,0.0,0.0,0.0,0.0,0.0,0.30901699437494745,0.0,9.3,0.7,0.0,970.9,0.0,0.0,5.2,0.0,0.0,-0.9659258262890682,0.39435585511331855,0.0,0.0,0.9510565162951535,0.0,0.0,0.0,0.0,2.8263306319802433,-0.8660254037844386,0.0,0.0,,True,0.258819045102521,0.0,0.0,0.0,0.0,0.0,0.9189578116202306,0.0,0.0,0.0,2026-10-02 11:00:00,0.0,4.7,0.0,0.0,0.0,72,17.143692870201097,-1.0,0.5000000000000001,0.0,0.0,0.0,0.0,0.0,28.7,Phayao,0.0,0.0,4.0,0.0,80,3.1583333333333328,0.0,0.0,0.0,0.0,0.0,0.0,2026.0,0.5306282510621704,0.0,0.0,0.0
0.0,0.0,0.0,0.0,0.0,0.0,0.08715574274765814,0.0,9.3,3.1,0.0,970.0,0.0,0.0,5.4,0.0,0.0,-1.0,0.39435585511331855,0.0,0.0,0.9961946980917455,0.0,0.0,0.0,0.0,2.834858533065509,-0.8660254037844386,0.0,0.0,,True,1.2246467991473532e-16,0.0,0.0,0.0,0.0,0.0,0.9189578116202306,0.0,0.0,0.0,2026-10-02 12:00:00,0.0,4.5,0.0,0.0,0.0,85,17.143692870201097,-5.0,0.5000000000000001,0.0,0.0,0.0,0.0,0.0,28.3,Phayao,0.0,0.0,2.0,0.0,75,3.1476190476190475,0.0,0.0,0.0,0.0,0.0,0.0,2026.0,1.410986973710262,0.0,0.0,0.0
0.0,0.0,0.0,0.0,0.0,0.0,-0.5150380749100543,0.0,9.3,1.4,0.0,968.6,0.0,0.0,5.4,0.0,0.0,-0.9659258262890683,0.39435585511331855,0.0,0.0,0.8571673007021123,0.0,0.0,0.0,0.0,2.843030063238198,-0.8660254037844386,0.0,0.0,,True,-0.2588190451025208,0.0,0.0,0.0,0.0,0.0,0.9189578116202306,0.0,0.0,0.0,2026-10-02 13:00:00,0.0,8.0,0.0,0.0,0.0,121,17.143692870201097,6.0,0.5000000000000001,0.0,0.0,0.0,0.0,0.0,27.8,Phayao,0.0,0.0,9.0,0.0,81,3.1375,0.0,0.0,0.0,0.0,0.0,0.0,2026.0,0.8754687373538999,0.0,0.0,0.0
0.0,0.0,0.0,0.0,0.0,0.0,-0.7986355100472929,0.0,9.3,0.7,0.0,967.4,0.0,0.0,5.4,0.0,0.0,-0.8660254037844388,0.39435585511331855,0.0,0.0,0.6018150231520482,0.0,0.0,0.0,0.0,2.8519416323380526,-0.8660254037844386,0.0,0.0,,True,-0.4999999999999997,0.0,0.0,0.0,0.0,0.0,0.9189578116202306,0.0,0.0,0.0,2026-10-02 14:00:00,0.0,4.8,0.0,0.0,0.0,143,17.143692870201097,3.0,0.5000000000000001,0.0,0.0,0.0,0.0,0.0,27.8,Phayao,0.0,0.0,12.0,0.0,84,3.1255952380952383,0.0,0.0,0.0,0.0,0.0,0.0,2026.0,0.5306282510621704,0.0,0.0,0.0
0.0,0.0,0.0,0.0,0.0,0.0,-0.6819983600624984,0.0,9.3,0.3,0.0,966.5,0.0,0.0,5.3,0.0,0.0,-0.7071067811865479,0.39435585511331855,0.0,0.0,0.7313537016191706,0.0,0.0,0.0,0.0,2.8615352521737534,-0.8660254037844386,0.0,0.0,,True,-0.7071067811865471,0.0,0.0,0.0,0.0,0.0,0.9189578116202306,0.0,0.0,0.0,2026-10-02 15:00:00,0.0,3.4,0.0,0.0,0.0,133,17.143692870201097,0.0,0.5000000000000001,0.0,0.0,0.0,0.0,0.0,27.7,Phayao,0.0,0.0,15.0,0.0,84,3.111309523809524,0.0,0.0,0.0,0.0,0.0,0.0,2026.0,0.26236426446749106,0.0,0.0,0.0
0.0,0.0,0.0,0.0,0.0,0.0,-0.9876883405951377,0.0,9.3,0.0,0.0,966.7,0.0,0.0,5.6,0.0,0.0,-0.5000000000000004,0.39435585511331855,0.0,0.0,0.15643446504023098,0.0,0.0,0.0,0.0,2.871273032883686,-0.8660254037844386,0.0,0.0,,True,-0.8660254037844384,0.0,0.0,0.0,0.0,0.0,0.9189578116202306,0.0,0.0,0.0,2026-10-02 16:00:00,0.0,11.5,0.0,0.0,0.0,171,17.143692870201097,3.0,0.5000000000000001,0.0,0.0,0.0,0.0,0.0,26.7,Phayao,0.0,0.0,19.0,0.0,87,3.0958333333333337,0.0,0.0,0.0,0.0,0.0,0.0,2026.0,0.0,0.0,0.0,0.0
0.0,0.0,0.0,0.0,0.0,0.0,-0.992546151641322,0.0,9.3,0.0,0.0,966.8,0.0,0.0,5.5,0.0,0.0,-0.25881904510252063,0.39435585511331855,0.0,0.0,0.12186934340514755,0.0,0.0,0.0,0.0,2.8809836184847226,-0.8660254037844386,0.0,0.0,,True,-0.9659258262890683,0.0,0.0,0.0,0.0,0.0,0.9189578116202306,0.0,0.0,0.0,2026-10-02 17:00:00,0.0,5.8,0.0,0.0,0.0,173,17.143692870201097,-2.0,0.5000000000000001,0.0,0.0,0.0,0.0,0.0,26.4,Phayao,0.0,0.0,14.0,0.0,85,3.0797619047619045,0.0,0.0,0.0,0.0,0.0,0.0,2026.0,0.0,0.0,0.0,0.0
0.0,0.0,0.0,0.0,0.0,0.0,-0.9743700647852351,0.0,9.3,0.0,0.0,967.1,0.0,0.0,5.6,0.0,0.0,-1.8369701987210297e-16,0.39435585511331855,0.0,0.0,0.2249510543438652,0.0,0.0,0.0,0.0,2.8904869773078707,-0.8660254037844386,0.0,0.0,,True,-1.0,0.0,0.0,0.0,0.0,0.0,0.9189578116202306,0.0,0.0,0.0,2026-10-02 18:00:00,0.0,3.3,0.0,0.0,0.0,167,17.143692870201097,4.0,0.5000000000000001,0.0,0.0,0.0,0.0,0.0,25.7,Phayao,0.0,0.0,9.0,0.0,89,3.064285714285714,0.0,0.0,0.0,0.0,0.0,0.0,2026.0,0.0,0.0,0.0,0.0
0.0,0.0,0.0,0.0,0.0,0.0,-0.9876883405951377,0.0,9.3,0.0,0.0,967.7,0.0,0.0,8.9,0.0,0.0,0.2588190451025203,0.39435585511331855,0.0,0.0,0.15643446504023098,0.0,0.0,0.0,0.0,2.9000600485416492,-0.8660254037844386,0.0,0.0,,True,-0.9659258262890684,0.0,0.0,0.0,0.0,0.0,0.9189578116202306,0.0,0.0,0.0,2026-10-02 19:00:00,0.0,2.4,0.0,0.0,0.0,171,17.143692870201097,5.0,0.5000000000000001,0.0,0.0,0.0,0.0,0.0,25.2,Phayao,0.0,0.0,8.0,0.0,94,3.0470238095238096,0.0,0.0,0.0,0.0,0.0,0.0,2026.0,0.0,0.0,0.0,0.0
0.0,0.0,0.0,0.0,0.0,0.0,-1.0,0.0,9.3,0.0,0.0,968.5,0.0,0.0,8.8,0.0,0.0,0.5000000000000001,0.39435585511331855,0.0,0.0,1.2246467991473532e-16,0.0,0.0,0.0,0.0,2.908735572441312,-0.8660254037844386,0.0,0.0,,True,-0.8660254037844386,0.0,0.0,0.0,0.0,0.0,0.9189578116202306,0.0,0.0,0.0,2026-10-02 20:00:00,0.0,2.7,0.0,0.0,0.0,180,17.143692870201097,3.0,0.5000000000000001,0.0,0.0,0.0,0.0,0.0,24.9,Phayao,0.0,0.0,5.0,0.0,97,3.023809523809524,0.0,0.0,0.0,0.0,0.0,0.0,2026.0,0.0,0.0,0.0,0.0
0.0,0.0,0.0,0.0,0.0,0.0,-0.984807753012208,0.0,9.3,0.0,0.0,969.4,0.0,0.0,9.2,0.0,0.0,0.7071067811865474,0.39435585511331855,0.0,0.0,-0.17364817766693047,0.0,0.0,0.0,0.0,2.915074820706573,-0.8660254037844386,0.0,0.0,,True,-0.7071067811865477,0.0,0.0,0.0,0.0,0.0,0.9189578116202306,0.0,0.0,0.0,2026-10-02 21:00:00,0.0,2.0,0.0,0.0,0.0,190,17.143692870201097,2.0,0.5000000000000001,0.0,0.0,0.0,0.0,0.0,24.8,Phayao,0.0,0.0,3.0,0.0,99,2.995833333333333,0.0,0.0,0.0,0.0,0.0,0.0,2026.0,0.0,0.0,0.0,0.0
0.0,0.0,0.0,0.0,0.0,0.0,-0.9945218953682733,0.0,9.3,0.0,0.0,969.6,0.0,0.0,9.3,0.0,0.0,0.8660254037844384,0.39435585511331855,0.0,0.0,-0.1045284632676535,0.0,0.0,0.0,0.0,2.916005209252118,-0.8660254037844386,0.0,0.0,,True,-0.5000000000000004,0.0,0.0,0.0,0.0,0.0,0.9189578116202306,0.0,0.0,0.0,2026-10-02 22:00:00,0.0,1.6,0.0,0.0,0.0,186,17.143692870201097,1.0,0.5000000000000001,0.0,0.0,0.0,0.0,0.0,24.4,Phayao,0.0,0.0,3.0,0.0,100,2.9613095238095237,0.0,0.0,0.0,0.0,0.0,0.0,2026.0,0.0,0.0,0.0,0.0
0.0,0.0,0.0,0.0,0.0,0.0,-1.0,0.0,9.3,0.0,0.0,969.4,0.0,0.0,8.8,0.0,0.0,0.9659258262890681,0.39435585511331855,0.0,0.0,1.2246467991473532e-16,0.0,0.0,0.0,0.0,2.907999208434985,-0.8660254037844386,0.0,0.0,,True,-0.25881904510252157,0.0,0.0,0.0,0.0,0.0,0.9189578116202306,0.0,0.0,0.0,2026-10-02 23:00:00,0.0,2.2,0.0,0.0,0.0,180,17.143692870201097,0.0,0.5000000000000001,0.0,0.0,0.0,0.0,0.0,24.1,Phayao,0.0,0.0,1.0,0.0,100,2.919642857142857,0.0,0.0,0.0,0.0,0.0,0.0,2026.0,0.0,0.0,0.0,0.0
0.0,0.0,0.0,0.0,0.0,0.0,-0.9271838545667874,0.0,9.3,0.0,0.0,968.9,0.0,0.0,8.1,0.0,0.0,1.0,0.5712682150947923,0.0,0.0,-0.374606593415912,0.0,0.0,0.0,0.0,2.888794913873564,-0.8660254037844386,0.0,0.0,,True,0.0,0.0,0.0,0.0,0.0,0.0,0.8207634412072763,0.0,0.0,0.0,2026-10-03 00:00:00,0.0,1.0,0.0,0.0,0.0,202,17.143692870201097,-1.0,0.5000000000000001,0.0,0.0,0.0,0.0,0.0,24.0,Phayao,0.0,0.0,0.0,0.0,99,2.8714285714285714,0.0,0.0,0.0,0.0,0.0,0.0,2026.0,0.0,0.0,0.0,0.0
0.0,0.0,0.0,0.0,0.0,0.0,-1.0,0.0,9.3,0.0,0.0,968.4,0.0,0.0,7.8,0.0,0.0,0.9659258262890683,0.5712682150947923,0.0,0.0,1.2246467991473532e-16,0.0,0.0,0.0,0.0,2.872861461857314,-0.8660254037844386,0.0,0.0,,True,0.25881904510252074,0.0,0.0,0.0,0.0,0.0,0.8207634412072763,0.0,0.0,0.0,2026-10-03 01:00:00,0.0,0.4,0.0,0.0,0.0,180,17.143692870201097,1.0,0.5000000000000001,0.0,0.0,0.0,0.0,0.0,23.8,Phayao,0.0,0.0,0.0,0.0,100,2.825595238095238,0.0,0.0,0.0,0.0,0.0,0.0,2026.0,0.0,0.0,0.0,0.0
0.0,0.0,0.0,0.0,0.0,0.0,-0.848048096156426,0.0,9.3,0.0,0.0,968.0,0.0,0.0,7.7,0.0,0.0,0.8660254037844387,0.5712682150947923,0.0,0.0,0.5299192642332049,0.0,0.0,0.0,0.0,2.87112550718434,-0.8660254037844386,0.0,0.0,,True,0.49999999999999994,0.0,0.0,0.0,0.0,0.0,0.8207634412072763,0.0,0.0,0.0,2026-10-03 02:00:00,0.0,1.7,0.0,0.0,0.0,148,17.143692870201097,-1.0,0.5000000000000001,0.0,0.0,0.0,0.0,0.0,23.8,Phayao,0.0,0.0,-1.0,0.0,99,2.7904761904761903,0.0,0.0,0.0,0.0,0.0,0.0,2026.0,0.0,0.0,0.0,0.0
0.0,0.0,0.0,0.0,0.0,0.0,-0.882947592858927,0.0,9.3,0.0,0.0,967.8,0.0,0.0,7.9,0.0,0.0,0.7071067811865476,0.5712682150947923,0.0,0.0,0.4694715627858907,0.0,0.0,0.0,0.0,2.8724953967625027,-0.8660254037844386,0.0,0.0,,True,0.7071067811865475,0.0,0.0,0.0,0.0,0.0,0.8207634412072763,0.0,0.0,0.0,2026-10-03 03:00:00,0.0,3.1,0.0,0.0,0.0,152,17.143692870201097,0.0,0.5000000000000001,0.0,0.0,0.0,0.0,0.0,23.9,Phayao,0.0,0.0,-1.0,0.0,99,2.7589285714285716,0.0,0.0,0.0,0.0,0.0,0.0,2026.0,0.0,0.0,0.0,0.0
0.0,0.0,0.0,0.0,0.0,0.0,-0.6819983600624984,0.0,9.3,0.0,0.0,967.8,0.0,0.0,8.2,0.0,0.0,0.5000000000000001,0.5712682150947923,0.0,0.0,0.7313537016191706,0.0,0.0,0.0,0.0,2.8754825583388013,-0.8660254037844386,0.0,0.0,,True,0.8660254037844386,0.0,0.0,0.0,0.0,0.0,0.8207634412072763,0.0,0.0,0.0,2026-10-03 04:00:00,0.0,3.4,0.0,0.0,0.0,133,17.143692870201097,0.0,0.5000000000000001,0.0,0.0,0.0,0.0,0.0,23.9,Phayao,0.0,0.0,-1.0,0.0,99,2.729761904761905,0.0,0.0,0.0,0.0,0.0,0.0,2026.0,0.0,0.0,0.0,0.0
0.0,0.0,0.0,0.0,0.0,0.0,-0.7071067811865475,0.0,9.3,0.0,0.0,968.1,0.0,0.0,8.4,0.0,0.0,0.25881904510252074,0.5712682150947923,0.0,0.0,0.7071067811865476,0.0,0.0,0.0,0.0,2.8777057660904943,-0.8660254037844386,0.0,0.0,,True,0.9659258262890683,0.0,0.0,0.0,0.0,0.0,0.8207634412072763,0.0,0.0,0.0,2026-10-03 05:00:00,0.0,2.0,0.0,0.0,0.0,135,17.143692870201097,0.0,0.5000000000000001,0.0,0.0,0.0,0.0,0.0,23.6,Phayao,0.0,0.0,0.0,0.0,99,2.7,0.0,0.0,0.0,0.0,0.0,0.0,2026.0,0.0,0.0,0.0,0.0
0.0,0.0,0.0,0.0,0.0,0.0,-0.7880107536067219,0.0,9.3,0.0,0.0,968.7,0.0,0.0,8.2,0.0,0.0,6.123233995736766e-17,0.5712682150947923,0.0,0.0,0.6156614753256584,0.0,0.0,0.0,0.0,2.8809705208992074,-0.8660254037844386,0.0,0.0,,True,1.0,0.0,0.0,0.0,0.0,0.0,0.8207634412072763,0.0,0.0,0.0,2026-10-03 06:00:00,0.0,2.1,0.0,0.0,0.0,142,17.143692870201097,0.0,0.5000000000000001,0.0,0.0,0.0,0.0,0.0,23.3,Phayao,0.0,0.0,-1.0,0.0,99,2.6720238095238096,0.0,0.0,0.0,0.0,0.0,0.0,2026.0,0.0,0.0,0.0,0.0
0.0,0.0,0.0,0.0,0.0,0.0,-0.6691306063588582,0.0,9.3,0.0,0.0,969.6,0.0,0.0,7.7,0.0,0.0,-0.25881904510252063,0.5712682150947923,0.0,0.0,0.7431448254773942,0.0,0.0,0.0,0.0,2.883525452193324,-0.8660254037844386,0.0,0.0,,True,0.9659258262890683,0.0,0.0,0.0,0.0,0.0,0.8207634412072763,0.0,0.0,0.0,2026-10-03 07:00:00,0.0,2.4,0.0,0.0,0.0,132,17.143692870201097,-3.0,0.5000000000000001,0.0,0.0,0.0,0.0,0.0,23.9,Phayao,0.0,0.0,-3.0,0.0,96,2.643452380952381,0.0,0.0,0.0,0.0,0.0,0.0,2026.0,0.0,0.0,0.0,0.0
0.0,0.0,0.0,0.0,0.0,0.0,-0.484809620246337,0.0,9.3,0.0,0.0,970.4,0.0,0.0,7.5,0.0,0.0,-0.4999999999999998,0.5712682150947923,0.0,0.0,0.8746197071393959,0.0,0.0,0.0,0.0,2.8868345597748064,-0.8660254037844386,0.0,0.0,,True,0.8660254037844387,0.0,0.0,0.0,0.0,0.0,0.8207634412072763,0.0,0.0,0.0,2026-10-03 08:00:00,0.0,1.9,0.0,0.0,0.0,119,17.143692870201097,-7.0,0.5000000000000001,0.0,0.0,0.0,0.0,0.0,25.1,Phayao,0.0,0.0,-3.0,0.0,89,2.6392857142857142,0.0,0.0,0.0,0.0,0.0,0.0,2026.0,0.0,0.0,0.0,0.0
0.0,0.0,0.0,0.0,0.0,0.0,0.08715574274765814,0.0,9.3,0.0,0.0,970.9,0.0,0.0,7.3,0.0,0.0,-0.7071067811865475,0.5712682150947923,0.0,0.0,0.9961946980917455,0.0,0.0,0.0,0.0,2.8912360733336926,-0.8660254037844386,0.0,0.0,,True,0.7071067811865476,0.0,0.0,0.0,0.0,0.0,0.8207634412072763,0.0,0.0,0.0,2026-10-03 09:00:00,0.0,2.0,0.0,0.0,0.0,85,17.143692870201097,-5.0,0.5000000000000001,0.0,0.0,0.0,0.0,0.0,26.0,Phayao,0.0,0.0,-1.0,0.0,84,2.6333333333333333,0.0,0.0,0.0,0.0,0.0,0.0,2026.0,0.0,0.0,0.0,0.0
0.0,0.0,0.0,0.0,0.0,0.0,0.15643446504023092,0.0,9.3,0.1,0.0,970.8,0.0,0.0,7.0,0.0,0.0,-0.8660254037844387,0.5712682150947923,0.0,0.0,0.9876883405951378,0.0,0.0,0.0,0.0,2.8962463000210263,-0.8660254037844386,0.0,0.0,,True,0.49999999999999994,0.0,0.0,0.0,0.0,0.0,0.8207634412072763,0.0,0.0,0.0,2026-10-03 10:00:00,0.0,2.2,0.0,0.0,0.0,81,17.143692870201097,-6.0,0.5000000000000001,0.0,0.0,0.0,0.0,0.0,27.3,Phayao,0.0,0.0,-3.0,0.0,78,2.6261904761904766,0.0,0.0,0.0,0.0,0.0,0.0,2026.0,0.09531017980432487,0.0,0.0,0.0
0.0,0.0,0.0,0.0,0.0,0.0,0.20791169081775945,0.0,9.3,0.1,0.0,970.2,0.0,0.0,0.0,0.0,0.0,-0.9659258262890682,0.5712682150947923,0.0,0.0,0.9781476007338056,0.0,0.0,0.0,0.0,2.901511098116692,-0.8660254037844386,0.0,0.0,,True,0.258819045102521,0.0,0.0,0.0,0.0,0.0,0.8207634412072763,0.0,0.0,0.0,2026-10-03 11:00:00,0.0,2.6,0.0,0.0,0.0,78,17.143692870201097,-3.0,0.5000000000000001,0.0,0.0,0.0,0.0,0.0,28.5,Phayao,0.0,0.0,-5.0,0.0,75,2.618452380952381,0.0,0.0,0.0,0.0,0.0,0.0,2026.0,0.09531017980432487,0.0,0.0,0.0
0.0,0.0,0.0,0.0,0.0,0.0,-0.034899496702500955,0.0,9.3,0.0,0.0,968.9,0.0,0.0,0.0,0.0,0.0,-1.0,0.5712682150947923,0.0,0.0,0.9993908270190958,0.0,0.0,0.0,0.0,2.9067457608754412,-0.8660254037844386,0.0,0.0,,True,1.2246467991473532e-16,0.0,0.0,0.0,0.0,0.0,0.8207634412072763,0.0,0.0,0.0,2026-10-03 12:00:00,0.0,4.3,0.0,0.0,0.0,92,17.143692870201097,-1.0,0.5000000000000001,0.0,0.0,0.0,0.0,0.0,29.3,Phayao,0.0,0.0,-1.0,0.0,74,2.6107142857142853,0.0,0.0,0.0,0.0,0.0,0.0,2026.0,0.0,0.0,0.0,0.0
0.0,0.0,0.0,0.0,0.0,0.0,-0.37460659341591207,0.0,9.3,2.0,0.0,967.3,0.0,0.0,0.0,0.0,0.0,-0.9659258262890683,0.5712682150947923,0.0,0.0,0.9271838545667874,0.0,0.0,0.0,0.0,2.9119504508154903,-0.8660254037844386,0.0,0.0,,True,-0.2588190451025208,0.0,0.0,0.0,0.0,0.0,0.8207634412072763,0.0,0.0,0.0,2026-10-03 13:00:00,0.0,7.6,0.0,0.0,0.0,112,17.143692870201097,4.0,0.5000000000000001,0.0,0.0,0.0,0.0,0.0,27.8,Phayao,0.0,0.0,-3.0,0.0,78,2.6029761904761903,0.0,0.0,0.0,0.0,0.0,0.0,2026.0,1.0986122886681096,0.0,0.0,0.0
0.0,0.0,0.0,0.0,0.0,0.0,-0.9612616959383189,0.0,9.3,2.5,0.0,966.1,0.0,0.0,0.0,0.0,0.0,-0.8660254037844388,0.5712682150947923,0.0,0.0,0.2756373558169992,0.0,0.0,0.0,0.0,2.917379346845618,-0.8660254037844386,0.0,0.0,,True,-0.4999999999999997,0.0,0.0,0.0,0.0,0.0,0.8207634412072763,0.0,0.0,0.0,2026-10-03 14:00:00,0.0,6.6,0.0,0.0,0.0,164,17.143692870201097,4.0,0.5000000000000001,0.0,0.0,0.0,0.0,0.0,27.7,Phayao,0.0,0.0,-2.0,0.0,82,2.594642857142857,0.0,0.0,0.0,0.0,0.0,0.0,2026.0,1.252762968495368,0.0,0.0,0.0
0.0,0.0,0.0,0.0,0.0,0.0,-0.9563047559630355,0.0,9.3,0.4,0.0,965.4,0.0,0.0,0.0,0.0,0.0,-0.7071067811865479,0.5712682150947923,0.0,0.0,0.2923717047227366,0.0,0.0,0.0,0.0,2.9230057449539872,-0.8660254037844386,0.0,0.0,,True,-0.7071067811865471,0.0,0.0,0.0,0.0,0.0,0.8207634412072763,0.0,0.0,0.0,2026-10-03 15:00:00,0.0,6.8,0.0,0.0,0.0,163,17.143692870201097,-1.0,0.5000000000000001,0.0,0.0,0.0,0.0,0.0,28.0,Phayao,0.0,0.0,-3.0,0.0,81,2.5857142857142854,0.0,0.0,0.0,0.0,0.0,0.0,2026.0,0.33647223662121295,0.0,0.0,0.0
0.0,0.0,0.0,0.0,0.0,0.0,-0.9135454576426008,0.0,9.3,0.0,0.0,964.6,0.0,0.0,0.0,0.0,0.0,-0.5000000000000004,0.5712682150947923,0.0,0.0,0.40673664307580043,0.0,0.0,0.0,0.0,2.9293058868996495,-0.8660254037844386,0.0,0.0,,True,-0.8660254037844384,0.0,0.0,0.0,0.0,0.0,0.8207634412072763,0.0,0.0,0.0,2026-10-03 16:00:00,0.0,6.3,0.0,0.0,0.0,156,17.143692870201097,-1.0,0.5000000000000001,0.0,0.0,0.0,0.0,0.0,28.1,Phayao,0.0,0.0,-7.0,0.0,80,2.574404761904762,0.0,0.0,0.0,0.0,0.0,0.0,2026.0,0.0,0.0,0.0,0.0
0.0,0.0,0.0,0.0,0.0,0.0,-0.9975640502598242,0.0,9.3,0.1,0.0,965.0,0.0,0.0,0.0,0.0,0.0,-0.25881904510252063,0.5712682150947923,0.0,0.0,0.06975647374412552,0.0,0.0,0.0,0.0,2.9356731908257996,-0.8660254037844386,0.0,0.0,,True,-0.9659258262890683,0.0,0.0,0.0,0.0,0.0,0.8207634412072763,0.0,0.0,0.0,2026-10-03 17:00:00,0.0,5.6,0.0,0.0,0.0,176,17.143692870201097,1.0,0.5000000000000001,0.0,0.0,0.0,0.0,0.0,28.0,Phayao,0.0,0.0,-4.0,0.0,81,2.5625,0.0,0.0,0.0,0.0,0.0,0.0,2026.0,0.09531017980432487,0.0,0.0,0.0
0.0,0.0,0.0,0.0,0.0,0.0,-0.7771459614569709,0.0,9.3,0.5,0.0,965.6,0.0,0.0,0.0,0.0,0.0,-1.8369701987210297e-16,0.5712682150947923,0.0,0.0,0.6293203910498374,0.0,0.0,0.0,0.0,2.9421606294526366,-0.8660254037844386,0.0,0.0,,True,-1.0,0.0,0.0,0.0,0.0,0.0,0.8207634412072763,0.0,0.0,0.0,2026-10-03 18:00:00,0.0,1.2,0.0,0.0,0.0,141,17.143692870201097,5.0,0.5000000000000001,0.0,0.0,0.0,0.0,0.0,26.9,Phayao,0.0,0.0,-3.0,0.0,86,2.5494047619047615,0.0,0.0,0.0,0.0,0.0,0.0,2026.0,0.4054651081081644,0.0,0.0,0.0
0.0,0.0,0.0,0.0,0.0,0.0,-0.9945218953682733,0.0,9.3,0.1,0.0,966.4,0.0,0.0,0.0,0.0,0.0,0.2588190451025203,0.5712682150947923,0.0,0.0,0.10452846326765373,0.0,0.0,0.0,0.0,2.9485533464284983,-0.8660254037844386,0.0,0.0,,True,-0.9659258262890684,0.0,0.0,0.0,0.0,0.0,0.8207634412072763,0.0,0.0,0.0,2026-10-03 19:00:00,0.0,1.8,0.0,0.0,0.0,174,17.143692870201097,7.0,0.5000000000000001,0.0,0.0,0.0,0.0,0.0,26.2,Phayao,0.0,0.0,-1.0,0.0,93,2.5321428571428575,0.0,0.0,0.0,0.0,0.0,0.0,2026.0,0.09531017980432487,0.0,0.0,0.0
0.0,0.0,0.0,0.0,0.0,0.0,-1.0,0.0,9.3,0.0,0.0,967.3,0.0,0.0,0.0,0.0,0.0,0.5000000000000001,0.5712682150947923,0.0,0.0,1.2246467991473532e-16,0.0,0.0,0.0,0.0,2.92547594583124,-0.8660254037844386,0.0,0.0,,True,-0.8660254037844386,0.0,0.0,0.0,0.0,0.0,0.8207634412072763,0.0,0.0,0.0,2026-10-03 20:00:00,0.0,1.8,0.0,0.0,0.0,180,17.143692870201097,3.0,0.5000000000000001,0.0,0.0,0.0,0.0,0.0,25.7,Phayao,0.0,0.0,-1.0,0.0,96,2.4851190476190474,0.0,0.0,0.0,0.0,0.0,0.0,2026.0,0.0,0.0,0.0,0.0
0.0,0.0,0.0,0.0,0.0,0.0,-1.0,0.0,9.3,0.0,0.0,968.2,0.0,0.0,0.0,0.0,0.0,0.7071067811865474,0.5712682150947923,0.0,0.0,1.2246467991473532e-16,0.0,0.0,0.0,0.0,2.8979965492445134,-0.8660254037844386,0.0,0.0,,True,-0.7071067811865477,0.0,0.0,0.0,0.0,0.0,0.8207634412072763,0.0,0.0,0.0,2026-10-03 21:00:00,0.0,2.5,0.0,0.0,0.0,180,17.143692870201097,1.0,0.5000000000000001,0.0,0.0,0.0,0.0,0.0,25.3,Phayao,0.0,0.0,-2.0,0.0,97,2.4363095238095243,0.0,0.0,0.0,0.0,0.0,0.0,2026.0,0.0,0.0,0.0,0.0
0.0,0.0,0.0,0.0,0.0,0.0,-1.0,0.0,9.3,0.0,0.0,968.8,0.0,0.0,0.0,0.0,0.0,0.8660254037844384,0.5712682150947923,0.0,0.0,1.2246467991473532e-16,0.0,0.0,0.0,0.0,2.8669696461270844,-0.8660254037844386,0.0,0.0,,True,-0.5000000000000004,0.0,0.0,0.0,0.0,0.0,0.8207634412072763,0.0,0.0,0.0,2026-10-03 22:00:00,0.0,2.7,0.0,0.0,0.0,180,17.143692870201097,1.0,0.5000000000000001,0.0,0.0,0.0,0.0,0.0,24.9,Phayao,0.0,0.0,-2.0,0.0,98,2.386309523809524,0.0,0.0,0.0,0.0,0.0,0.0,2026.0,0.0,0.0,0.0,0.0
0.0,0.0,0.0,0.0,0.0,0.0,-1.0,0.0,9.3,0.0,0.0,968.5,0.0,0.0,0.0,0.0,0.0,0.9659258262890681,0.5712682150947923,0.0,0.0,1.2246467991473532e-16,0.0,0.0,0.0,0.0,2.8408171970295406,-0.8660254037844386,0.0,0.0,,True,-0.25881904510252157,0.0,0.0,0.0,0.0,0.0,0.8207634412072763,0.0,0.0,0.0,2026-10-03 23:00:00,0.0,2.0,0.0,0.0,0.0,180,17.143692870201097,1.0,0.5000000000000001,0.0,0.0,0.0,0.0,0.0,24.6,Phayao,0.0,0.0,-1.0,0.0,99,2.3392857142857144,0.0,0.0,0.0,0.0,0.0,0.0,2026.0,0.0,0.0,0.0,0.0
0.0,0.0,0.0,0.0,0.0,0.0,-1.0,0.0,9.3,0.0,0.0,967.8,0.0,0.0,0.0,0.0,0.0,1.0,0.7247927872291199,0.0,0.0,1.2246467991473532e-16,0.0,0.0,0.0,0.0,2.8244146720685186,-0.8660254037844386,0.0,0.0,,True,0.0,0.0,0.0,0.0,0.0,0.0,0.6889669190756866,0.0,0.0,0.0,2026-10-04 00:00:00,0.0,0.9,0.0,0.0,0.0,180,17.143692870201097,0.0,0.5000000000000001,0.0,0.0,0.0,0.0,0.0,24.4,Phayao,0.0,0.0,0.0,0.0,99,2.2982142857142858,0.0,0.0,0.0,0.0,0.0,0.0,2026.0,0.0,0.0,0.0,0.0
0.0,0.0,0.0,0.0,0.0,0.0,-0.8910065241883678,0.0,9.3,0.0,0.0,967.2,0.0,0.0,0.0,0.0,0.0,0.9659258262890683,0.7247927872291199,0.0,0.0,0.45399049973954686,0.0,0.0,0.0,0.0,2.817574220814053,-0.8660254037844386,0.0,0.0,,True,0.25881904510252074,0.0,0.0,0.0,0.0,0.0,0.6889669190756866,0.0,0.0,0.0,2026-10-04 01:00:00,0.0,0.4,0.0,0.0,0.0,153,17.143692870201097,0.0,0.5000000000000001,0.0,0.0,0.0,0.0,0.0,24.2,Phayao,0.0,0.0,-1.0,0.0,99,2.2642857142857147,0.0,0.0,0.0,0.0,0.0,0.0,2026.0,0.0,0.0,0.0,0.0
0.0,0.0,0.0,0.0,0.0,0.0,-0.7071067811865475,0.0,9.3,0.0,0.0,966.7,0.0,0.0,0.0,0.0,0.0,0.8660254037844387,0.7247927872291199,0.0,0.0,0.7071067811865476,0.0,0.0,0.0,0.0,2.8170940685269468,-0.8660254037844386,0.0,0.0,,True,0.49999999999999994,0.0,0.0,0.0,0.0,0.0,0.6889669190756866,0.0,0.0,0.0,2026-10-04 02:00:00,0.0,0.8,0.0,0.0,0.0,135,17.143692870201097,0.0,0.5000000000000001,0.0,0.0,0.0,0.0,0.0,24.2,Phayao,0.0,0.0,0.0,0.0,99,2.236904761904762,0.0,0.0,0.0,0.0,0.0,0.0,2026.0,0.0,0.0,0.0,0.0
0.0,0.0,0.0,0.0,0.0,0.0,-0.754709580222772,0.0,9.3,0.0,0.0,966.4,0.0,0.0,0.0,0.0,0.0,0.7071067811865476,0.7247927872291199,0.0,0.0,0.6560590289905073,0.0,0.0,0.0,0.0,2.8189950827633576,-0.8660254037844386,0.0,0.0,,True,0.7071067811865475,0.0,0.0,0.0,0.0,0.0,0.6889669190756866,0.0,0.0,0.0,2026-10-04 03:00:00,0.0,1.7,0.0,0.0,0.0,139,17.143692870201097,-1.0,0.5000000000000001,0.0,0.0,0.0,0.0,0.0,24.1,Phayao,0.0,0.0,-1.0,0.0,98,2.2130952380952382,0.0,0.0,0.0,0.0,0.0,0.0,2026.0,0.0,0.0,0.0,0.0
0.0,0.0,0.0,0.0,0.0,0.0,-0.7771459614569709,0.0,9.3,0.0,0.0,966.3,0.0,0.0,0.0,0.0,0.0,0.5000000000000001,0.7247927872291199,0.0,0.0,0.6293203910498374,0.0,0.0,0.0,0.0,2.8210653146705393,-0.8660254037844386,0.0,0.0,,True,0.8660254037844386,0.0,0.0,0.0,0.0,0.0,0.6889669190756866,0.0,0.0,0.0,2026-10-04 04:00:00,0.0,2.6,0.0,0.0,0.0,141,17.143692870201097,-1.0,0.5000000000000001,0.0,0.0,0.0,0.0,0.0,24.1,Phayao,0.0,0.0,-2.0,0.0,97,2.1898809523809524,0.0,0.0,0.0,0.0,0.0,0.0,2026.0,0.0,0.0,0.0,0.0
0.0,0.0,0.0,0.0,0.0,0.0,-0.8571673007021122,0.0,9.3,0.0,0.0,966.6,0.0,0.0,0.0,0.0,0.0,0.25881904510252074,0.7247927872291199,0.0,0.0,0.5150380749100544,0.0,0.0,0.0,0.0,2.82175097364318,-0.8660254037844386,0.0,0.0,,True,0.9659258262890683,0.0,0.0,0.0,0.0,0.0,0.6889669190756866,0.0,0.0,0.0,2026-10-04 05:00:00,0.0,3.8,0.0,0.0,0.0,149,17.143692870201097,1.0,0.5000000000000001,0.0,0.0,0.0,0.0,0.0,23.9,Phayao,0.0,0.0,-1.0,0.0,98,2.1648809523809525,0.0,0.0,0.0,0.0,0.0,0.0,2026.0,0.0,0.0,0.0,0.0
0.0,0.0,0.0,0.0,0.0,0.0,-0.8746197071393957,0.0,9.3,0.0,0.0,967.2,0.0,0.0,0.0,0.0,0.0,6.123233995736766e-17,0.7247927872291199,0.0,0.0,0.48480962024633717,0.0,0.0,0.0,0.0,2.819776239092165,-0.8660254037844386,0.0,0.0,,True,1.0,0.0,0.0,0.0,0.0,0.0,0.6889669190756866,0.0,0.0,0.0,2026-10-04 06:00:00,0.0,5.2,0.0,0.0,0.0,151,17.143692870201097,0.0,0.5000000000000001,0.0,0.0,0.0,0.0,0.0,23.7,Phayao,0.0,0.0,-1.0,0.0,98,2.136904761904762,0.0,0.0,0.0,0.0,0.0,0.0,2026.0,0.0,0.0,0.0,0.0
0.0,0.0,0.0,0.0,0.0,0.0,-0.882947592858927,0.0,9.3,0.0,0.0,967.8,0.0,0.0,0.0,0.0,0.0,-0.25881904510252063,0.7247927872291199,0.0,0.0,0.4694715627858907,0.0,0.0,0.0,0.0,2.813853038107717,-0.8660254037844386,0.0,0.0,,True,0.9659258262890683,0.0,0.0,0.0,0.0,0.0,0.6889669190756866,0.0,0.0,0.0,2026-10-04 07:00:00,0.0,5.7,0.0,0.0,0.0,152,17.143692870201097,-1.0,0.5000000000000001,0.0,0.0,0.0,0.0,0.0,23.9,Phayao,0.0,0.0,1.0,0.0,97,2.105357142857143,0.0,0.0,0.0,0.0,0.0,0.0,2026.0,0.0,0.0,0.0,0.0
0.0,0.0,0.0,0.0,0.0,0.0,-0.8290375725550416,0.0,9.3,0.1,0.0,968.5,0.0,0.0,0.0,0.0,0.0,-0.4999999999999998,0.7247927872291199,0.0,0.0,0.5591929034707469,0.0,0.0,0.0,0.0,2.8150387257035887,-0.8660254037844386,0.0,0.0,,True,0.8660254037844387,0.0,0.0,0.0,0.0,0.0,0.6889669190756866,0.0,0.0,0.0,2026-10-04 08:00:00,0.0,4.8,0.0,0.0,0.0,146,17.143692870201097,-6.0,0.5000000000000001,0.0,0.0,0.0,0.0,0.0,25.0,Phayao,0.0,0.0,2.0,0.0,91,2.0821428571428573,0.0,0.0,0.0,0.0,0.0,0.0,2026.0,0.09531017980432487,0.0,0.0,0.0
0.0,0.0,0.0,0.0,0.0,0.0,-0.6293203910498373,0.0,9.3,0.1,0.0,969.1,0.0,0.0,0.0,0.0,0.0,-0.7071067811865475,0.7247927872291199,0.0,0.0,0.777145961456971,0.0,0.0,0.0,0.0,2.8195862480118112,-0.8660254037844386,0.0,0.0,,True,0.7071067811865476,0.0,0.0,0.0,0.0,0.0,0.6889669190756866,0.0,0.0,0.0,2026-10-04 09:00:00,0.0,3.5,0.0,0.0,0.0,129,17.143692870201097,-7.0,0.5000000000000001,0.0,0.0,0.0,0.0,0.0,26.5,Phayao,0.0,0.0,0.0,0.0,84,2.0702380952380954,0.0,0.0,0.0,0.0,0.0,0.0,2026.0,0.09531017980432487,0.0,0.0,0.0
0.0,0.0,0.0,0.0,0.0,0.0,-0.27563735581699905,0.0,9.3,0.1,0.0,969.2,0.0,0.0,0.0,0.0,0.0,-0.8660254037844387,0.7247927872291199,0.0,0.0,0.9612616959383189,0.0,0.0,0.0,0.0,2.8240779579109136,-0.8660254037844386,0.0,0.0,,True,0.49999999999999994,0.0,0.0,0.0,0.0,0.0,0.6889669190756866,0.0,0.0,0.0,2026-10-04 10:00:00,0.0,2.6,0.0,0.0,0.0,106,17.143692870201097,-4.0,0.5000000000000001,0.0,0.0,0.0,0.0,0.0,27.5,Phayao,0.0,0.0,2.0,0.0,80,2.0577380952380957,0.0,0.0,0.0,0.0,0.0,0.0,2026.0,0.09531017980432487,0.0,0.0,0.0
0.0,0.0,0.0,0.0,0.0,0.0,6.123233995736766e-17,0.0,9.3,1.4,0.0,968.8,0.0,0.0,0.0,0.0,0.0,-0.9659258262890682,0.7247927872291199,0.0,0.0,1.0,0.0,0.0,0.0,0.0,2.8285072944468834,-0.8660254037844386,0.0,0.0,,True,0.258819045102521,0.0,0.0,0.0,0.0,0.0,0.6889669190756866,0.0,0.0,0.0,2026-10-04 11:00:00,0.0,2.3,0.0,0.0,0.0,90,17.143692870201097,0.0,0.5000000000000001,0.0,0.0,0.0,0.0,0.0,27.5,Phayao,0.0,0.0,5.0,0.0,80,2.0452380952380955,0.0,0.0,0.0,0.0,0.0,0.0,2026.0,0.8754687373538999,0.0,0.0,0.0
0.0,0.0,0.0,0.0,0.0,0.0,0.15643446504023092,0.0,9.3,1.4,0.0,967.8,0.0,0.0,0.0,0.0,0.0,-1.0,0.7247927872291199,0.0,0.0,0.9876883405951378,0.0,0.0,0.0,0.0,2.832849848704679,-0.8660254037844386,0.0,0.0,,True,1.2246467991473532e-16,0.0,0.0,0.0,0.0,0.0,0.6889669190756866,0.0,0.0,0.0,2026-10-04 12:00:00,0.0,2.2,0.0,0.0,0.0,81,17.143692870201097,2.0,0.5000000000000001,0.0,0.0,0.0,0.0,0.0,26.9,Phayao,0.0,0.0,8.0,0.0,82,2.032142857142857,0.0,0.0,0.0,0.0,0.0,0.0,2026.0,0.8754687373538999,0.0,0.0,0.0
0.0,0.0,0.0,0.0,0.0,0.0,0.25881904510252074,0.0,9.3,1.4,0.0,966.9,0.0,0.0,0.0,0.0,0.0,-0.9659258262890683,0.7247927872291199,0.0,0.0,0.9659258262890683,0.0,0.0,0.0,0.0,2.837007171982043,-0.8660254037844386,0.0,0.0,,True,-0.2588190451025208,0.0,0.0,0.0,0.0,0.0,0.6889669190756866,0.0,0.0,0.0,2026-10-04 13:00:00,0.0,2.1,0.0,0.0,0.0,75,17.143692870201097,2.0,0.5000000000000001,0.0,0.0,0.0,0.0,0.0,26.5,Phayao,0.0,0.0,6.0,0.0,84,2.017857142857143,0.0,0.0,0.0,0.0,0.0,0.0,2026.0,0.8754687373538999,0.0,0.0,0.0
0.0,0.0,0.0,0.0,0.0,0.0,0.4067366430758002,0.0,9.3,0.7,0.0,965.9,0.0,0.0,0.0,0.0,0.0,-0.8660254037844388,0.7247927872291199,0.0,0.0,0.9135454576426009,0.0,0.0,0.0,0.0,2.840992985258895,-0.8660254037844386,0.0,0.0,,True,-0.4999999999999997,0.0,0.0,0.0,0.0,0.0,0.6889669190756866,0.0,0.0,0.0,2026-10-04 14:00:00,0.0,1.8,0.0,0.0,0.0,66,17.143692870201097,0.0,0.5000000000000001,0.0,0.0,0.0,0.0,0.0,26.8,Phayao,0.0,0.0,2.0,0.0,84,2.0029761904761907,0.0,0.0,0.0,0.0,0.0,0.0,2026.0,0.5306282510621704,0.0,0.0,0.0
0.0,0.0,0.0,0.0,0.0,0.0,0.5591929034707468,0.0,9.3,0.7,0.0,964.7,0.0,0.0,0.0,0.0,0.0,-0.7071067811865479,0.7247927872291199,0.0,0.0,0.8290375725550417,0.0,0.0,0.0,0.0,2.8446390582782355,-0.8660254037844386,0.0,0.0,,True,-0.7071067811865471,0.0,0.0,0.0,0.0,0.0,0.6889669190756866,0.0,0.0,0.0,2026-10-04 15:00:00,0.0,1.3,0.0,0.0,0.0,56,17.143692870201097,-1.0,0.5000000000000001,0.0,0.0,0.0,0.0,0.0,27.3,Phayao,0.0,0.0,2.0,0.0,83,1.986904761904762,0.0,0.0,0.0,0.0,0.0,0.0,2026.0,0.5306282510621704,0.0,0.0,0.0
0.0,0.0,0.0,0.0,0.0,0.0,0.7986355100472928,0.0,9.3,0.7,0.0,964.2,0.0,0.0,0.0,0.0,0.0,-0.5000000000000004,0.7247927872291199,0.0,0.0,0.6018150231520483,0.0,0.0,0.0,0.0,2.848026875956019,-0.8660254037844386,0.0,0.0,,True,-0.8660254037844384,0.0,0.0,0.0,0.0,0.0,0.6889669190756866,0.0,0.0,0.0,2026-10-04 16:00:00,0.0,0.9,0.0,0.0,0.0,37,17.143692870201097,1.0,0.5000000000000001,0.0,0.0,0.0,0.0,0.0,27.4,Phayao,0.0,0.0,4.0,0.0,84,1.9702380952380953,0.0,0.0,0.0,0.0,0.0,0.0,2026.0,0.5306282510621704,0.0,0.0,0.0
0.0,0.0,0.0,0.0,0.0,0.0,0.8910065241883678,0.0,9.3,0.3,0.0,964.4,0.0,0.0,0.0,0.0,0.0,-0.25881904510252063,0.7247927872291199,0.0,0.0,-0.45399049973954697,0.0,0.0,0.0,0.0,2.8511260431132857,-0.8660254037844386,0.0,0.0,,True,-0.9659258262890683,0.0,0.0,0.0,0.0,0.0,0.6889669190756866,0.0,0.0,0.0,2026-10-04 17:00:00,0.0,0.8,0.0,0.0,0.0,333,17.143692870201097,2.0,0.5000000000000001,0.0,0.0,0.0,0.0,0.0,27.0,Phayao,0.0,0.0,5.0,0.0,86,1.9529761904761906,0.0,0.0,0.0,0.0,0.0,0.0,2026.0,0.26236426446749106,0.0,0.0,0.0
0.0,0.0,0.0,0.0,0.0,0.0,0.3907311284892735,0.0,9.3,0.3,0.0,965.1,0.0,0.0,0.0,0.0,0.0,-1.8369701987210297e-16,0.7247927872291199,0.0,0.0,-0.9205048534524405,0.0,0.0,0.0,0.0,2.8539058423949863,-0.8660254037844386,0.0,0.0,,True,-1.0,0.0,0.0,0.0,0.0,0.0,0.6889669190756866,0.0,0.0,0.0,2026-10-04 18:00:00,0.0,1.4,0.0,0.0,0.0,293,17.143692870201097,4.0,0.5000000000000001,0.0,0.0,0.0,0.0,0.0,26.2,Phayao,0.0,0.0,4.0,0.0,90,1.9351190476190478,0.0,0.0,0.0,0.0,0.0,0.0,2026.0,0.26236426446749106,0.0,0.0,0.0
0.0,0.0,0.0,0.0,0.0,0.0,0.10452846326765299,0.0,9.3,0.3,0.0,965.9,0.0,0.0,0.0,0.0,0.0,0.2588190451025203,0.7247927872291199,0.0,0.0,-0.9945218953682734,0.0,0.0,0.0,0.0,2.856078112617747,-0.8660254037844386,0.0,0.0,,True,-0.9659258262890684,0.0,0.0,0.0,0.0,0.0,0.6889669190756866,0.0,0.0,0.0,2026-10-04 19:00:00,0.0,1.8,0.0,0.0,0.0,276,17.143692870201097,2.0,0.5000000000000001,0.0,0.0,0.0,0.0,0.0,25.6,Phayao,0.0,0.0,-1.0,0.0,92,1.9160714285714289,0.0,0.0,0.0,0.0,0.0,0.0,2026.0,0.26236426446749106,0.0,0.0,0.0
0.0,0.0,0.0,0.0,0.0,0.0,-0.3746065934159123,0.0,9.3,0.2,0.0,966.8,0.0,0.0,0.0,0.0,0.0,0.5000000000000001,0.7247927872291199,0.0,0.0,-0.9271838545667873,0.0,0.0,0.0,0.0,2.840499079359342,-0.8660254037844386,0.0,0.0,,True,-0.8660254037844386,0.0,0.0,0.0,0.0,0.0,0.6889669190756866,0.0,0.0,0.0,2026-10-04 20:00:00,0.0,1.9,0.0,0.0,0.0,248,17.143692870201097,2.0,0.5000000000000001,0.0,0.0,0.0,0.0,0.0,25.3,Phayao,0.0,0.0,-2.0,0.0,94,1.8791666666666669,0.0,0.0,0.0,0.0,0.0,0.0,2026.0,0.18232155679395462,0.0,0.0,0.0
0.0,0.0,0.0,0.0,0.0,0.0,-0.7431448254773942,0.0,9.3,0.2,0.0,967.8,0.0,0.0,0.0,0.0,0.0,0.7071067811865474,0.7247927872291199,0.0,0.0,-0.6691306063588582,0.0,0.0,0.0,0.0,2.8252596051928918,-0.8660254037844386,0.0,0.0,,True,-0.7071067811865477,0.0,0.0,0.0,0.0,0.0,0.6889669190756866,0.0,0.0,0.0,2026-10-04 21:00:00,0.0,2.2,0.0,0.0,0.0,222,17.143692870201097,0.0,0.5000000000000001,0.0,0.0,0.0,0.0,0.0,25.1,Phayao,0.0,0.0,-3.0,0.0,94,1.842857142857143,0.0,0.0,0.0,0.0,0.0,0.0,2026.0,0.18232155679395462,0.0,0.0,0.0
0.0,0.0,0.0,0.0,0.0,0.0,-0.8910065241883679,0.0,9.3,0.2,0.0,968.5,0.0,0.0,0.0,0.0,0.0,0.8660254037844384,0.7247927872291199,0.0,0.0,-0.4539904997395467,0.0,0.0,0.0,0.0,2.8121000597474737,-0.8660254037844386,0.0,0.0,,True,-0.5000000000000004,0.0,0.0,0.0,0.0,0.0,0.6889669190756866,0.0,0.0,0.0,2026-10-04 22:00:00,0.0,2.4,0.0,0.0,0.0,207,17.143692870201097,0.0,0.5000000000000001,0.0,0.0,0.0,0.0,0.0,24.9,Phayao,0.0,0.0,-4.0,0.0,94,1.8083333333333333,0.0,0.0,0.0,0.0,0.0,0.0,2026.0,0.18232155679395462,0.0,0.0,0.0
0.0,0.0,0.0,0.0,0.0,0.0,-0.9510565162951536,0.0,9.3,0.3,0.0,968.3,0.0,0.0,0.0,0.0,0.0,0.9659258262890681,0.7247927872291199,0.0,0.0,-0.3090169943749473,0.0,0.0,0.0,0.0,2.8017052225733905,-0.8660254037844386,0.0,0.0,,True,-0.25881904510252157,0.0,0.0,0.0,0.0,0.0,0.6889669190756866,0.0,0.0,0.0,2026-10-04 23:00:00,0.0,1.7,0.0,0.0,0.0,198,17.143692870201097,0.0,0.5000000000000001,0.0,0.0,0.0,0.0,0.0,24.6,Phayao,0.0,0.0,-5.0,0.0,94,1.7761904761904763,0.0,0.0,0.0,0.0,0.0,0.0,2026.0,0.26236426446749106,0.0,0.0,0.0
0.0,0.0,0.0,0.0,0.0,0.0,-0.8910065241883678,0.0,9.3,0.3,0.0,967.9,0.0,0.0,0.0,0.0,0.0,1.0,0.8486442574947509,0.0,0.0,0.45399049973954686,0.0,0.0,0.0,0.0,2.7931432662066507,-0.8660254037844386,0.0,0.0,,True,0.0,0.0,0.0,0.0,0.0,0.0,0.5289640103269624,0.0,0.0,0.0,2026-10-05 00:00:00,0.0,0.4,0.0,0.0,0.0,153,17.143692870201097,-2.0,0.5000000000000001,0.0,0.0,0.0,0.0,0.0,24.3,Phayao,0.0,0.0,-7.0,0.0,92,1.7458333333333333,0.0,0.0,0.0,0.0,0.0,0.0,2026.0,0.26236426446749106,0.0,0.0,0.0
0.0,0.0,0.0,0.0,0.0,0.0,0.5150380749100542,0.0,9.3,0.3,0.0,967.4,0.0,0.0,0.0,0.0,0.0,0.9659258262890683,0.8486442574947509,0.0,0.0,0.8571673007021123,0.0,0.0,0.0,0.0,2.78493674283001,-0.8660254037844386,0.0,0.0,,True,0.25881904510252074,0.0,0.0,0.0,0.0,0.0,0.5289640103269624,0.0,0.0,0.0,2026-10-05 01:00:00,0.0,1.0,0.0,0.0,0.0,59,17.143692870201097,-1.0,0.5000000000000001,0.0,0.0,0.0,0.0,0.0,24.1,Phayao,0.0,0.0,-8.0,0.0,91,1.7160714285714287,0.0,0.0,0.0,0.0,0.0,0.0,2026.0,0.26236426446749106,0.0,0.0,0.0
0.0,0.0,0.0,0.0,0.0,0.0,0.4539904997395468,0.0,9.3,0.2,0.0,967.0,0.0,0.0,0.0,0.0,0.0,0.8660254037844387,0.8486442574947509,0.0,0.0,0.8910065241883678,0.0,0.0,0.0,0.0,2.7770865069565587,-0.8660254037844386,0.0,0.0,,True,0.49999999999999994,0.0,0.0,0.0,0.0,0.0,0.5289640103269624,0.0,0.0,0.0,2026-10-05 02:00:00,0.0,1.6,0.0,0.0,0.0,63,17.143692870201097,1.0,0.5000000000000001,0.0,0.0,0.0,0.0,0.0,24.0,Phayao,0.0,0.0,-7.0,0.0,92,1.6869047619047617,0.0,0.0,0.0,0.0,0.0,0.0,2026.0,0.18232155679395462,0.0,0.0,0.0
0.0,0.0,0.0,0.0,0.0,0.0,0.24192189559966767,0.0,9.3,0.2,0.0,966.7,0.0,0.0,0.0,0.0,0.0,0.7071067811865476,0.8486442574947509,0.0,0.0,0.9702957262759965,0.0,0.0,0.0,0.0,2.7695929017221723,-0.8660254037844386,0.0,0.0,,True,0.7071067811865475,0.0,0.0,0.0,0.0,0.0,0.5289640103269624,0.0,0.0,0.0,2026-10-05 03:00:00,0.0,2.2,0.0,0.0,0.0,76,17.143692870201097,1.0,0.5000000000000001,0.0,0.0,0.0,0.0,0.0,23.9,Phayao,0.0,0.0,-5.0,0.0,93,1.6583333333333334,0.0,0.0,0.0,0.0,0.0,0.0,2026.0,0.18232155679395462,0.0,0.0,0.0
0.0,0.0,0.0,0.0,0.0,0.0,0.29237170472273677,0.0,9.3,0.2,0.0,966.7,0.0,0.0,0.0,0.0,0.0,0.5000000000000001,0.8486442574947509,0.0,0.0,0.9563047559630354,0.0,0.0,0.0,0.0,2.7617834025061194,-0.8660254037844386,0.0,0.0,,True,0.8660254037844386,0.0,0.0,0.0,0.0,0.0,0.5289640103269624,0.0,0.0,0.0,2026-10-05 04:00:00,0.0,2.4,0.0,0.0,0.0,73,17.143692870201097,1.0,0.5000000000000001,0.0,0.0,0.0,0.0,0.0,23.8,Phayao,0.0,0.0,-3.0,0.0,94,1.6297619047619047,0.0,0.0,0.0,0.0,0.0,0.0,2026.0,0.18232155679395462,0.0,0.0,0.0
0.0,0.0,0.0,0.0,0.0,0.0,0.6427876096865394,0.0,9.3,0.4,0.0,967.2,0.0,0.0,0.0,0.0,0.0,0.25881904510252074,0.8486442574947509,0.0,0.0,0.766044443118978,0.0,0.0,0.0,0.0,2.753655321638038,-0.8660254037844386,0.0,0.0,,True,0.9659258262890683,0.0,0.0,0.0,0.0,0.0,0.5289640103269624,0.0,0.0,0.0,2026-10-05 05:00:00,0.0,2.8,0.0,0.0,0.0,50,17.143692870201097,1.0,0.5000000000000001,0.0,0.0,0.0,0.0,0.0,23.3,Phayao,0.0,0.0,-3.0,0.0,95,1.6011904761904763,0.0,0.0,0.0,0.0,0.0,0.0,2026.0,0.33647223662121295,0.0,0.0,0.0
0.0,0.0,0.0,0.0,0.0,0.0,0.9063077870366499,0.0,9.3,0.4,0.0,968.0,0.0,0.0,0.0,0.0,0.0,6.123233995736766e-17,0.8486442574947509,0.0,0.0,0.42261826174069944,0.0,0.0,0.0,0.0,2.7437622514563844,-0.8660254037844386,0.0,0.0,,True,1.0,0.0,0.0,0.0,0.0,0.0,0.5289640103269624,0.0,0.0,0.0,2026-10-05 06:00:00,0.0,3.4,0.0,0.0,0.0,25,17.143692870201097,2.0,0.5000000000000001,0.0,0.0,0.0,0.0,0.0,22.8,Phayao,0.0,0.0,-1.0,0.0,97,1.5714285714285714,0.0,0.0,0.0,0.0,0.0,0.0,2026.0,0.33647223662121295,0.0,0.0,0.0
0.0,0.0,0.0,0.0,0.0,0.0,0.9659258262890683,0.0,9.3,0.4,0.0,968.7,0.0,0.0,0.0,0.0,0.0,-0.25881904510252063,0.8486442574947509,0.0,0.0,0.25881904510252074,0.0,0.0,0.0,0.0,2.731150548607857,-0.8660254037844386,0.0,0.0,,True,0.9659258262890683,0.0,0.0,0.0,0.0,0.0,0.5289640103269624,0.0,0.0,0.0,2026-10-05 07:00:00,0.0,4.1,0.0,0.0,0.0,15,17.143692870201097,-1.0,0.5000000000000001,0.0,0.0,0.0,0.0,0.0,22.7,Phayao,0.0,0.0,-1.0,0.0,96,1.5398809523809522,0.0,0.0,0.0,0.0,0.0,0.0,2026.0,0.33647223662121295,0.0,0.0,0.0
0.0,0.0,0.0,0.0,0.0,0.0,0.9612616959383189,0.0,9.3,0.2,0.0,969.6,0.0,0.0,0.0,0.0,0.0,-0.4999999999999998,0.8486442574947509,0.0,0.0,0.27563735581699916,0.0,0.0,0.0,0.0,2.7197303371062294,-0.8660254037844386,0.0,0.0,,True,0.8660254037844387,0.0,0.0,0.0,0.0,0.0,0.5289640103269624,0.0,0.0,0.0,2026-10-05 08:00:00,0.0,3.9,0.0,0.0,0.0,16,17.143692870201097,-3.0,0.5000000000000001,0.0,0.0,0.0,0.0,0.0,23.2,Phayao,0.0,0.0,2.0,0.0,93,1.5095238095238097,0.0,0.0,0.0,0.0,0.0,0.0,2026.0,0.18232155679395462,0.0,0.0,0.0
0.0,0.0,0.0,0.0,0.0,0.0,0.9063077870366499,0.0,9.3,0.2,0.0,970.3,0.0,0.0,0.0,0.0,0.0,-0.7071067811865475,0.8486442574947509,0.0,0.0,0.42261826174069944,0.0,0.0,0.0,0.0,2.7211092566699144,-0.8660254037844386,0.0,0.0,,True,0.7071067811865476,0.0,0.0,0.0,0.0,0.0,0.5289640103269624,0.0,0.0,0.0,2026-10-05 09:00:00,0.0,3.4,0.0,0.0,0.0,25,17.143692870201097,-5.0,0.5000000000000001,0.0,0.0,0.0,0.0,0.0,24.1,Phayao,0.0,0.0,4.0,0.0,88,1.4946428571428572,0.0,0.0,0.0,0.0,0.0,0.0,2026.0,0.18232155679395462,0.0,0.0,0.0
0.0,0.0,0.0,0.0,0.0,0.0,0.9063077870366499,0.0,9.3,0.2,0.0,970.5,0.0,0.0,0.0,0.0,0.0,-0.8660254037844387,0.8486442574947509,0.0,0.0,0.42261826174069944,0.0,0.0,0.0,0.0,2.7234472968228025,-0.8660254037844386,0.0,0.0,,True,0.49999999999999994,0.0,0.0,0.0,0.0,0.0,0.5289640103269624,0.0,0.0,0.0,2026-10-05 10:00:00,0.0,2.6,0.0,0.0,0.0,25,17.143692870201097,-4.0,0.5000000000000001,0.0,0.0,0.0,0.0,0.0,25.0,Phayao,0.0,0.0,4.0,0.0,84,1.4874999999999998,0.0,0.0,0.0,0.0,0.0,0.0,2026.0,0.18232155679395462,0.0,0.0,0.0
0.0,0.0,0.0,0.0,0.0,0.0,0.981627183447664,0.0,9.3,0.3,0.0,969.7,0.0,0.0,0.0,0.0,0.0,-0.9659258262890682,0.8486442574947509,0.0,0.0,-0.19080899537654467,0.0,0.0,0.0,0.0,2.725482076811441,-0.8660254037844386,0.0,0.0,,True,0.258819045102521,0.0,0.0,0.0,0.0,0.0,0.5289640103269624,0.0,0.0,0.0,2026-10-05 11:00:00,0.0,1.8,0.0,0.0,0.0,349,17.143692870201097,-4.0,0.5000000000000001,0.0,0.0,0.0,0.0,0.0,25.8,Phayao,0.0,0.0,0.0,0.0,80,1.4821428571428572,0.0,0.0,0.0,0.0,0.0,0.0,2026.0,0.26236426446749106,0.0,0.0,0.0
0.0,0.0,0.0,0.0,0.0,0.0,0.5000000000000001,0.0,9.3,0.3,0.0,968.3,0.0,0.0,0.0,0.0,0.0,-1.0,0.8486442574947509,0.0,0.0,-0.8660254037844386,0.0,0.0,0.0,0.0,2.7273679615578876,-0.8660254037844386,0.0,0.0,,True,1.2246467991473532e-16,0.0,0.0,0.0,0.0,0.0,0.5289640103269624,0.0,0.0,0.0,2026-10-05 12:00:00,0.0,2.5,0.0,0.0,0.0,300,17.143692870201097,-2.0,0.5000000000000001,0.0,0.0,0.0,0.0,0.0,26.6,Phayao,0.0,0.0,-4.0,0.0,78,1.4773809523809522,0.0,0.0,0.0,0.0,0.0,0.0,2026.0,0.26236426446749106,0.0,0.0,0.0
0.0,0.0,0.0,0.0,0.0,0.0,0.15643446504023067,0.0,9.3,0.3,0.0,967.1,0.0,0.0,0.0,0.0,0.0,-0.9659258262890683,0.8486442574947509,0.0,0.0,-0.9876883405951378,0.0,0.0,0.0,0.0,2.7293799573921653,-0.8660254037844386,0.0,0.0,,True,-0.2588190451025208,0.0,0.0,0.0,0.0,0.0,0.5289640103269624,0.0,0.0,0.0,2026-10-05 13:00:00,0.0,3.5,0.0,0.0,0.0,279,17.143692870201097,-2.0,0.5000000000000001,0.0,0.0,0.0,0.0,0.0,27.0,Phayao,0.0,0.0,-8.0,0.0,76,1.4720238095238094,0.0,0.0,0.0,0.0,0.0,0.0,2026.0,0.26236426446749106,0.0,0.0,0.0
0.0,0.0,0.0,0.0,0.0,0.0,-0.15643446504023104,0.0,9.3,1.2,0.0,966.2,0.0,0.0,0.0,0.0,0.0,-0.8660254037844388,0.8486442574947509,0.0,0.0,-0.9876883405951377,0.0,0.0,0.0,0.0,2.7314924918427286,-0.8660254037844386,0.0,0.0,,True,-0.4999999999999997,0.0,0.0,0.0,0.0,0.0,0.5289640103269624,0.0,0.0,0.0,2026-10-05 14:00:00,0.0,3.6,0.0,0.0,0.0,261,17.143692870201097,2.0,0.5000000000000001,0.0,0.0,0.0,0.0,0.0,26.6,Phayao,0.0,0.0,-6.0,0.0,78,1.4660714285714287,0.0,0.0,0.0,0.0,0.0,0.0,2026.0,0.7884573603642702,0.0,0.0,0.0
0.0,0.0,0.0,0.0,0.0,0.0,-0.42261826174069916,0.0,9.3,1.2,0.0,965.6,0.0,0.0,0.0,0.0,0.0,-0.7071067811865479,0.8486442574947509,0.0,0.0,-0.90630778703665,0.0,0.0,0.0,0.0,2.733590432470514,-0.8660254037844386,0.0,0.0,,True,-0.7071067811865471,0.0,0.0,0.0,0.0,0.0,0.5289640103269624,0.0,0.0,0.0,2026-10-05 15:00:00,0.0,3.4,0.0,0.0,0.0,245,17.143692870201097,4.0,0.5000000000000001,0.0,0.0,0.0,0.0,0.0,25.8,Phayao,0.0,0.0,-1.0,0.0,82,1.4601190476190478,0.0,0.0,0.0,0.0,0.0,0.0,2026.0,0.7884573603642702,0.0,0.0,0.0
0.0,0.0,0.0,0.0,0.0,0.0,-0.544639035015027,0.0,9.3,1.2,0.0,965.5,0.0,0.0,0.0,0.0,0.0,-0.5000000000000004,0.8486442574947509,0.0,0.0,-0.838670567945424,0.0,0.0,0.0,0.0,2.7357616867707466,-0.8660254037844386,0.0,0.0,,True,-0.8660254037844384,0.0,0.0,0.0,0.0,0.0,0.5289640103269624,0.0,0.0,0.0,2026-10-05 16:00:00,0.0,3.0,0.0,0.0,0.0,237,17.143692870201097,4.0,0.5000000000000001,0.0,0.0,0.0,0.0,0.0,25.1,Phayao,0.0,0.0,2.0,0.0,86,1.4535714285714285,0.0,0.0,0.0,0.0,0.0,0.0,2026.0,0.7884573603642702,0.0,0.0,0.0
0.0,0.0,0.0,0.0,0.0,0.0,-0.06975647374412558,0.0,9.3,0.2,0.0,966.2,0.0,0.0,0.0,0.0,0.0,-0.25881904510252063,0.8486442574947509,0.0,0.0,-0.9975640502598242,0.0,0.0,0.0,0.0,2.7378291796202414,-0.8660254037844386,0.0,0.0,,True,-0.9659258262890683,0.0,0.0,0.0,0.0,0.0,0.5289640103269624,0.0,0.0,0.0,2026-10-05 17:00:00,0.0,2.3,0.0,0.0,0.0,266,17.143692870201097,2.0,0.5000000000000001,0.0,0.0,0.0,0.0,0.0,24.8,Phayao,0.0,0.0,2.0,0.0,88,1.4476190476190476,0.0,0.0,0.0,0.0,0.0,0.0,2026.0,0.18232155679395462,0.0,0.0,0.0
0.0,0.0,0.0,0.0,0.0,0.0,0.7313537016191707,0.0,9.3,0.2,0.0,967.2,0.0,0.0,0.0,0.0,0.0,-1.8369701987210297e-16,0.8486442574947509,0.0,0.0,-0.6819983600624983,0.0,0.0,0.0,0.0,2.7396465584644525,-0.8660254037844386,0.0,0.0,,True,-1.0,0.0,0.0,0.0,0.0,0.0,0.5289640103269624,0.0,0.0,0.0,2026-10-05 18:00:00,0.0,2.9,0.0,0.0,0.0,317,17.143692870201097,2.0,0.5000000000000001,0.0,0.0,0.0,0.0,0.0,24.6,Phayao,0.0,0.0,0.0,0.0,90,1.4428571428571428,0.0,0.0,0.0,0.0,0.0,0.0,2026.0,0.18232155679395462,0.0,0.0,0.0
0.0,0.0,0.0,0.0,0.0,0.0,0.9205048534524403,0.0,9.3,0.2,0.0,968.2,0.0,0.0,0.0,0.0,0.0,0.2588190451025203,0.8486442574947509,0.0,0.0,-0.3907311284892739,0.0,0.0,0.0,0.0,2.7417717940889386,-0.8660254037844386,0.0,0.0,,True,-0.9659258262890684,0.0,0.0,0.0,0.0,0.0,0.5289640103269624,0.0,0.0,0.0,2026-10-05 19:00:00,0.0,4.7,0.0,0.0,0.0,337,17.143692870201097,2.0,0.5000000000000001,0.0,0.0,0.0,0.0,0.0,24.3,Phayao,0.0,0.0,0.0,0.0,92,1.4363095238095238,0.0,0.0,0.0,0.0,0.0,0.0,2026.0,0.18232155679395462,0.0,0.0,0.0
0.0,0.0,0.0,0.0,0.0,0.0,0.9743700647852351,0.0,9.3,0.8,0.0,969.2,0.0,0.0,0.0,0.0,0.0,0.5000000000000001,0.8486442574947509,0.0,0.0,-0.22495105434386534,0.0,0.0,0.0,0.0,2.7179734242901263,-0.8660254037844386,0.0,0.0,,True,-0.8660254037844386,0.0,0.0,0.0,0.0,0.0,0.5289640103269624,0.0,0.0,0.0,2026-10-05 20:00:00,0.0,6.6,0.0,0.0,0.0,347,17.143692870201097,2.0,0.5000000000000001,0.0,0.0,0.0,0.0,0.0,23.7,Phayao,0.0,0.0,0.0,0.0,94,1.3988095238095237,0.0,0.0,0.0,0.0,0.0,0.0,2026.0,0.5877866649021191,0.0,0.0,0.0
0.0,0.0,0.0,0.0,0.0,0.0,0.9925461516413221,0.0,9.3,0.8,0.0,970.0,0.0,0.0,0.0,0.0,0.0,0.7071067811865474,0.8486442574947509,0.0,0.0,-0.12186934340514723,0.0,0.0,0.0,0.0,2.6995841805234426,-0.8660254037844386,0.0,0.0,,True,-0.7071067811865477,0.0,0.0,0.0,0.0,0.0,0.5289640103269624,0.0,0.0,0.0,2026-10-05 21:00:00,0.0,8.7,0.0,0.0,0.0,353,17.143692870201097,2.0,0.5000000000000001,0.0,0.0,0.0,0.0,0.0,23.1,Phayao,0.0,0.0,2.0,0.0,96,1.3648809523809524,0.0,0.0,0.0,0.0,0.0,0.0,2026.0,0.5877866649021191,0.0,0.0,0.0
0.0,0.0,0.0,0.0,0.0,0.0,0.9902680687415703,0.0,9.3,0.8,0.0,970.6,0.0,0.0,0.0,0.0,0.0,0.8660254037844384,0.8486442574947509,0.0,0.0,-0.13917310096006588,0.0,0.0,0.0,0.0,2.6834478759302307,-0.8660254037844386,0.0,0.0,,True,-0.5000000000000004,0.0,0.0,0.0,0.0,0.0,0.5289640103269624,0.0,0.0,0.0,2026-10-05 22:00:00,0.0,9.6,0.0,0.0,0.0,352,17.143692870201097,1.0,0.5000000000000001,0.0,0.0,0.0,0.0,0.0,22.6,Phayao,0.0,0.0,3.0,0.0,97,1.3327380952380952,0.0,0.0,0.0,0.0,0.0,0.0,2026.0,0.5877866649021191,0.0,0.0,0.0
0.0,0.0,0.0,0.0,0.0,0.0,0.9510565162951535,0.0,9.3,2.5,0.0,970.7,0.0,0.0,0.0,0.0,0.0,0.9659258262890681,0.8486442574947509,0.0,0.0,-0.3090169943749476,0.0,0.0,0.0,0.0,2.6694691906139676,-0.8660254037844386,0.0,0.0,,True,-0.25881904510252157,0.0,0.0,0.0,0.0,0.0,0.5289640103269624,0.0,0.0,0.0,2026-10-05 23:00:00,0.0,8.5,0.0,0.0,0.0,342,17.143692870201097,-1.0,0.5000000000000001,0.0,0.0,0.0,0.0,0.0,22.2,Phayao,0.0,0.0,2.0,0.0,96,1.3023809523809524,0.0,0.0,0.0,0.0,0.0,0.0,2026.0,1.252762968495368,0.0,0.0,0.0
0.0,0.0,0.0,0.0,0.0,0.0,0.7431448254773942,0.0,9.3,2.5,0.0,970.3,0.0,0.0,0.0,0.0,0.0,1.0,0.9377521321470804,0.0,0.0,-0.6691306063588581,0.0,0.0,0.0,0.0,2.658320205008847,-0.8660254037844386,0.0,0.0,,True,0.0,0.0,0.0,0.0,0.0,0.0,0.3473052528448203,0.0,0.0,0.0,2026-10-06 00:00:00,0.0,7.3,0.0,0.0,0.0,318,17.143692870201097,-1.0,0.5000000000000001,0.0,0.0,0.0,0.0,0.0,21.9,Phayao,0.0,0.0,3.0,0.0,95,1.274404761904762,0.0,0.0,0.0,0.0,0.0,0.0,2026.0,1.252762968495368,0.0,0.0,0.0
0.0,0.0,0.0,0.0,0.0,0.0,0.4694715627858904,0.0,9.3,2.5,0.0,970.0,0.0,0.0,0.0,0.0,0.0,0.9659258262890683,0.9377521321470804,0.0,0.0,-0.8829475928589271,0.0,0.0,0.0,0.0,2.651077947875974,-0.8660254037844386,0.0,0.0,,True,0.25881904510252074,0.0,0.0,0.0,0.0,0.0,0.3473052528448203,0.0,0.0,0.0,2026-10-06 01:00:00,0.0,7.3,0.0,0.0,0.0,298,17.143692870201097,-2.0,0.5000000000000001,0.0,0.0,0.0,0.0,0.0,21.8,Phayao,0.0,0.0,2.0,0.0,93,1.25,0.0,0.0,0.0,0.0,0.0,0.0,2026.0,1.252762968495368,0.0,0.0,0.0
0.0,0.0,0.0,0.0,0.0,0.0,6.123233995736766e-17,0.0,9.3,0.3,0.0,970.0,0.0,0.0,0.0,0.0,0.0,0.8660254037844387,0.9377521321470804,0.0,0.0,1.0,0.0,0.0,0.0,0.0,2.6459971024360125,-0.8660254037844386,0.0,0.0,,True,0.49999999999999994,0.0,0.0,0.0,0.0,0.0,0.3473052528448203,0.0,0.0,0.0,2026-10-06 02:00:00,0.0,3.1,0.0,0.0,0.0,90,17.143692870201097,3.0,0.5000000000000001,0.0,0.0,0.0,0.0,0.0,22.7,Phayao,0.0,0.0,4.0,0.0,96,1.2279761904761906,0.0,0.0,0.0,0.0,0.0,0.0,2026.0,0.26236426446749106,0.0,0.0,0.0
0.0,0.0,0.0,0.0,0.0,0.0,0.6427876096865394,0.0,9.3,0.3,0.0,970.1,0.0,0.0,0.0,0.0,0.0,0.7071067811865476,0.9377521321470804,0.0,0.0,0.766044443118978,0.0,0.0,0.0,0.0,2.6427893062936967,-0.8660254037844386,0.0,0.0,,True,0.7071067811865475,0.0,0.0,0.0,0.0,0.0,0.3473052528448203,0.0,0.0,0.0,2026-10-06 03:00:00,0.0,3.1,0.0,0.0,0.0,50,17.143692870201097,2.0,0.5000000000000001,0.0,0.0,0.0,0.0,0.0,22.3,Phayao,0.0,0.0,5.0,0.0,98,1.2083333333333333,0.0,0.0,0.0,0.0,0.0,0.0,2026.0,0.26236426446749106,0.0,0.0,0.0
0.0,0.0,0.0,0.0,0.0,0.0,0.9612616959383189,0.0,9.3,0.3,0.0,970.2,0.0,0.0,0.0,0.0,0.0,0.5000000000000001,0.9377521321470804,0.0,0.0,0.27563735581699916,0.0,0.0,0.0,0.0,2.639896185600543,-0.8660254037844386,0.0,0.0,,True,0.8660254037844386,0.0,0.0,0.0,0.0,0.0,0.3473052528448203,0.0,0.0,0.0,2026-10-06 04:00:00,0.0,4.5,0.0,0.0,0.0,16,17.143692870201097,0.0,0.5000000000000001,0.0,0.0,0.0,0.0,0.0,22.0,Phayao,0.0,0.0,4.0,0.0,98,1.1892857142857143,0.0,0.0,0.0,0.0,0.0,0.0,2026.0,0.26236426446749106,0.0,0.0,0.0
0.0,0.0,0.0,0.0,0.0,0.0,0.9986295347545738,0.0,9.3,0.3,0.0,970.4,0.0,0.0,0.0,0.0,0.0,0.25881904510252074,0.9377521321470804,0.0,0.0,0.052335956242943835,0.0,0.0,0.0,0.0,2.6373091031495637,-0.8660254037844386,0.0,0.0,,True,0.9659258262890683,0.0,0.0,0.0,0.0,0.0,0.3473052528448203,0.0,0.0,0.0,2026-10-06 05:00:00,0.0,6.7,0.0,0.0,0.0,3,17.143692870201097,1.0,0.5000000000000001,0.0,0.0,0.0,0.0,0.0,21.7,Phayao,0.0,0.0,4.0,0.0,99,1.1708333333333332,0.0,0.0,0.0,0.0,0.0,0.0,2026.0,0.26236426446749106,0.0,0.0,0.0
0.0,0.0,0.0,0.0,0.0,0.0,0.9998476951563913,0.0,9.3,0.3,0.0,970.4,0.0,0.0,0.0,0.0,0.0,6.123233995736766e-17,0.9377521321470804,0.0,0.0,-0.01745240643728356,0.0,0.0,0.0,0.0,2.634138813239531,-0.8660254037844386,0.0,0.0,,True,1.0,0.0,0.0,0.0,0.0,0.0,0.3473052528448203,0.0,0.0,0.0,2026-10-06 06:00:00,0.0,8.5,0.0,0.0,0.0,359,17.143692870201097,-1.0,0.5000000000000001,0.0,0.0,0.0,0.0,0.0,21.6,Phayao,0.0,0.0,1.0,0.0,98,1.1517857142857142,0.0,0.0,0.0,0.0,0.0,0.0,2026.0,0.26236426446749106,0.0,0.0,0.0
0.0,0.0,0.0,0.0,0.0,0.0,0.9998476951563913,0.0,9.3,0.3,0.0,970.4,0.0,0.0,0.0,0.0,0.0,-0.25881904510252063,0.9377521321470804,0.0,0.0,-0.01745240643728356,0.0,0.0,0.0,0.0,2.631283107848867,-0.8660254037844386,0.0,0.0,,True,0.9659258262890683,0.0,0.0,0.0,0.0,0.0,0.3473052528448203,0.0,0.0,0.0,2026-10-06 07:00:00,0.0,9.2,0.0,0.0,0.0,359,17.143692870201097,-1.0,0.5000000000000001,0.0,0.0,0.0,0.0,0.0,21.7,Phayao,0.0,0.0,1.0,0.0,97,1.1333333333333333,0.0,0.0,0.0,0.0,0.0,0.0,2026.0,0.26236426446749106,0.0,0.0,0.0
0.0,0.0,0.0,0.0,0.0,0.0,0.9945218953682733,0.0,9.3,0.3,0.0,970.3,0.0,0.0,0.0,0.0,0.0,-0.4999999999999998,0.9377521321470804,0.0,0.0,0.10452846326765347,0.0,0.0,0.0,0.0,2.6273498687396852,-0.8660254037844386,0.0,0.0,,True,0.8660254037844387,0.0,0.0,0.0,0.0,0.0,0.3473052528448203,0.0,0.0,0.0,2026-10-06 08:00:00,0.0,8.5,0.0,0.0,0.0,6,17.143692870201097,-4.0,0.5000000000000001,0.0,0.0,0.0,0.0,0.0,22.3,Phayao,0.0,0.0,0.0,0.0,93,1.1136904761904762,0.0,0.0,0.0,0.0,0.0,0.0,2026.0,0.26236426446749106,0.0,0.0,0.0
0.0,0.0,0.0,0.0,0.0,0.0,0.9271838545667874,0.0,9.3,0.3,0.0,970.1,0.0,0.0,0.0,0.0,0.0,-0.7071067811865475,0.9377521321470804,0.0,0.0,0.374606593415912,0.0,0.0,0.0,0.0,2.6204741109819283,-0.8660254037844386,0.0,0.0,,True,0.7071067811865476,0.0,0.0,0.0,0.0,0.0,0.3473052528448203,0.0,0.0,0.0,2026-10-06 09:00:00,0.0,7.4,0.0,0.0,0.0,22,17.143692870201097,-5.0,0.5000000000000001,0.0,0.0,0.0,0.0,0.0,23.3,Phayao,0.0,0.0,0.0,0.0,88,1.0910714285714287,0.0,0.0,0.0,0.0,0.0,0.0,2026.0,0.26236426446749106,0.0,0.0,0.0
0.0,0.0,0.0,0.0,0.0,0.0,0.6819983600624985,0.0,9.3,0.3,0.0,969.7,0.0,0.0,0.0,0.0,0.0,-0.8660254037844387,0.9377521321470804,0.0,0.0,0.7313537016191705,0.0,0.0,0.0,0.0,2.611414200578707,-0.8660254037844386,0.0,0.0,,True,0.49999999999999994,0.0,0.0,0.0,0.0,0.0,0.3473052528448203,0.0,0.0,0.0,2026-10-06 10:00:00,0.0,6.9,0.0,0.0,0.0,47,17.143692870201097,-6.0,0.5000000000000001,0.0,0.0,0.0,0.0,0.0,24.4,Phayao,0.0,0.0,-2.0,0.0,82,1.0666666666666667,0.0,0.0,0.0,0.0,0.0,0.0,2026.0,0.26236426446749106,0.0,0.0,0.0
0.0,0.0,0.0,0.0,0.0,0.0,0.30901699437494745,0.0,9.3,0.3,0.0,969.4,0.0,0.0,0.0,0.0,0.0,-0.9659258262890682,0.9377521321470804,0.0,0.0,0.9510565162951535,0.0,0.0,0.0,0.0,2.594856623340027,-0.8660254037844386,0.0,0.0,,True,0.258819045102521,0.0,0.0,0.0,0.0,0.0,0.3473052528448203,0.0,0.0,0.0,2026-10-06 11:00:00,0.0,7.6,0.0,0.0,0.0,72,17.143692870201097,-5.0,0.5000000000000001,0.0,0.0,0.0,0.0,0.0,25.6,Phayao,0.0,0.0,-3.0,0.0,77,1.0369047619047618,0.0,0.0,0.0,0.0,0.0,0.0,2026.0,0.26236426446749106,0.0,0.0,0.0
0.0,0.0,0.0,0.0,0.0,0.0,0.03489949670250108,0.0,9.3,0.3,0.0,969.2,0.0,0.0,0.0,0.0,0.0,-1.0,0.9377521321470804,0.0,0.0,0.9993908270190958,0.0,0.0,0.0,0.0,2.5759580367809245,-0.8660254037844386,0.0,0.0,,True,1.2246467991473532e-16,0.0,0.0,0.0,0.0,0.0,0.3473052528448203,0.0,0.0,0.0,2026-10-06 12:00:00,0.0,8.8,0.0,0.0,0.0,88,17.143692870201097,-4.0,0.5000000000000001,0.0,0.0,0.0,0.0,0.0,26.5,Phayao,0.0,0.0,-5.0,0.0,73,1.005952380952381,0.0,0.0,0.0,0.0,0.0,0.0,2026.0,0.26236426446749106,0.0,0.0,0.0
0.0,0.0,0.0,0.0,0.0,0.0,-0.08715574274765824,0.0,9.3,0.3,0.0,969.1,0.0,0.0,0.0,0.0,0.0,-0.9659258262890683,0.9377521321470804,0.0,0.0,0.9961946980917455,0.0,0.0,0.0,0.0,2.5545300121091628,-0.8660254037844386,0.0,0.0,,True,-0.2588190451025208,0.0,0.0,0.0,0.0,0.0,0.3473052528448203,0.0,0.0,0.0,2026-10-06 13:00:00,0.0,9.6,0.0,0.0,0.0,95,17.143692870201097,-1.0,0.5000000000000001,0.0,0.0,0.0,0.0,0.0,27.0,Phayao,0.0,0.0,-4.0,0.0,72,0.9738095238095239,0.0,0.0,0.0,0.0,0.0,0.0,2026.0,0.26236426446749106,0.0,0.0,0.0
0.0,0.0,0.0,0.0,0.0,0.0,-0.1564344650402308,0.0,9.3,0.7,0.0,969.0,0.0,0.0,0.0,0.0,0.0,-0.8660254037844388,0.9377521321470804,0.0,0.0,0.9876883405951378,0.0,0.0,0.0,0.0,2.5325127900458924,-0.8660254037844386,0.0,0.0,,True,-0.4999999999999997,0.0,0.0,0.0,0.0,0.0,0.3473052528448203,0.0,0.0,0.0,2026-10-06 14:00:00,0.0,9.1,0.0,0.0,0.0,99,17.143692870201097,0.0,0.5000000000000001,0.0,0.0,0.0,0.0,0.0,27.0,Phayao,0.0,0.0,-6.0,0.0,72,0.9416666666666667,0.0,0.0,0.0,0.0,0.0,0.0,2026.0,0.5306282510621704,0.0,0.0,0.0
0.0,0.0,0.0,0.0,0.0,0.0,-0.1736481776669303,0.0,9.3,0.7,0.0,969.0,0.0,0.0,0.0,0.0,0.0,-0.7071067811865479,0.9377521321470804,0.0,0.0,0.984807753012208,0.0,0.0,0.0,0.0,2.5098908649969247,-0.8660254037844386,0.0,0.0,,True,-0.7071067811865471,0.0,0.0,0.0,0.0,0.0,0.3473052528448203,0.0,0.0,0.0,2026-10-06 15:00:00,0.0,7.5,0.0,0.0,0.0,100,17.143692870201097,3.0,0.5000000000000001,0.0,0.0,0.0,0.0,0.0,26.6,Phayao,0.0,0.0,-7.0,0.0,75,0.9095238095238096,0.0,0.0,0.0,0.0,0.0,0.0,2026.0,0.5306282510621704,0.0,0.0,0.0
0.0,0.0,0.0,0.0,0.0,0.0,-0.1564344650402308,0.0,9.3,0.7,0.0,969.0,0.0,0.0,0.0,0.0,0.0,-0.5000000000000004,0.9377521321470804,0.0,0.0,0.9876883405951378,0.0,0.0,0.0,0.0,2.4877180592443047,-0.8660254037844386,0.0,0.0,,True,-0.8660254037844384,0.0,0.0,0.0,0.0,0.0,0.3473052528448203,0.0,0.0,0.0,2026-10-06 16:00:00,0.0,5.5,0.0,0.0,0.0,99,17.143692870201097,3.0,0.5000000000000001,0.0,0.0,0.0,0.0,0.0,26.0,Phayao,0.0,0.0,-8.0,0.0,78,0.8779761904761905,0.0,0.0,0.0,0.0,0.0,0.0,2026.0,0.5306282510621704,0.0,0.0,0.0
0.0,0.0,0.0,0.0,0.0,0.0,-0.1564344650402308,0.0,9.3,0.7,0.0,969.1,0.0,0.0,0.0,0.0,0.0,-0.25881904510252063,0.9377521321470804,0.0,0.0,0.9876883405951378,0.0,0.0,0.0,0.0,2.4616041742214,-0.8660254037844386,0.0,0.0,,True,-0.9659258262890683,0.0,0.0,0.0,0.0,0.0,0.3473052528448203,0.0,0.0,0.0,2026-10-06 17:00:00,0.0,3.3,0.0,0.0,0.0,99,17.143692870201097,4.0,0.5000000000000001,0.0,0.0,0.0,0.0,0.0,25.3,Phayao,0.0,0.0,-6.0,0.0,82,0.8446428571428571,0.0,0.0,0.0,0.0,0.0,0.0,2026.0,0.5306282510621704,0.0,0.0,0.0
0.0,0.0,0.0,0.0,0.0,0.0,6.123233995736766e-17,0.0,9.3,0.7,0.0,969.1,0.0,0.0,0.0,0.0,0.0,-1.8369701987210297e-16,0.9377521321470804,0.0,0.0,1.0,0.0,0.0,0.0,0.0,2.435912108523933,-0.8660254037844386,0.0,0.0,,True,-1.0,0.0,0.0,0.0,0.0,0.0,0.3473052528448203,0.0,0.0,0.0,2026-10-06 18:00:00,0.0,1.3,0.0,0.0,0.0,90,17.143692870201097,4.0,0.5000000000000001,0.0,0.0,0.0,0.0,0.0,24.6,Phayao,0.0,0.0,-4.0,0.0,86,0.8119047619047619,0.0,0.0,0.0,0.0,0.0,0.0,2026.0,0.5306282510621704,0.0,0.0,0.0
0.0,0.0,0.0,0.0,0.0,0.0,1.0,0.0,9.3,0.7,0.0,969.2,0.0,0.0,0.0,0.0,0.0,0.2588190451025203,0.9377521321470804,0.0,0.0,-2.4492935982947064e-16,0.0,0.0,0.0,0.0,2.408322446601103,-0.8660254037844386,0.0,0.0,,True,-0.9659258262890684,0.0,0.0,0.0,0.0,0.0,0.3473052528448203,0.0,0.0,0.0,2026-10-06 19:00:00,0.0,0.2,0.0,0.0,0.0,360,17.143692870201097,3.0,0.5000000000000001,0.0,0.0,0.0,0.0,0.0,24.1,Phayao,0.0,0.0,-3.0,0.0,89,0.7785714285714287,0.0,0.0,0.0,0.0,0.0,0.0,2026.0,0.5306282510621704,0.0,0.0,0.0
0.0,0.0,0.0,0.0,0.0,0.0,0.30901699437494723,0.0,9.3,0.0,0.0,969.4,0.0,0.0,0.0,0.0,0.0,0.5000000000000001,0.9377521321470804,0.0,0.0,-0.9510565162951536,0.0,0.0,0.0,0.0,2.32555669279549,-0.8660254037844386,0.0,0.0,,True,-0.8660254037844386,0.0,0.0,0.0,0.0,0.0,0.3473052528448203,0.0,0.0,0.0,2026-10-06 20:00:00,0.0,0.6,0.0,0.0,0.0,288,17.143692870201097,3.0,0.5000000000000001,0.0,0.0,0.0,0.0,0.0,23.8,Phayao,0.0,0.0,-2.0,0.0,92,0.7255952380952381,0.0,0.0,0.0,0.0,0.0,0.0,2026.0,0.0,0.0,0.0,0.0
0.0,0.0,0.0,0.0,0.0,0.0,0.1908089953765451,0.0,9.3,0.0,0.0,969.4,0.0,0.0,0.0,0.0,0.0,0.7071067811865474,0.9377521321470804,0.0,0.0,-0.9816271834476639,0.0,0.0,0.0,0.0,2.240654485972838,-0.8660254037844386,0.0,0.0,,True,-0.7071067811865477,0.0,0.0,0.0,0.0,0.0,0.3473052528448203,0.0,0.0,0.0,2026-10-06 21:00:00,0.0,0.9,0.0,0.0,0.0,281,17.143692870201097,2.0,0.5000000000000001,0.0,0.0,0.0,0.0,0.0,23.6,Phayao,0.0,0.0,-2.0,0.0,94,0.6732142857142857,0.0,0.0,0.0,0.0,0.0,0.0,2026.0,0.0,0.0,0.0,0.0
0.0,0.0,0.0,0.0,0.0,0.0,-1.8369701987210297e-16,0.0,9.3,0.0,0.0,969.6,0.0,0.0,0.0,0.0,0.0,0.8660254037844384,0.9377521321470804,0.0,0.0,-1.0,0.0,0.0,0.0,0.0,2.141834991002997,-0.8660254037844386,0.0,0.0,,True,-0.5000000000000004,0.0,0.0,0.0,0.0,0.0,0.3473052528448203,0.0,0.0,0.0,2026-10-06 22:00:00,0.0,0.7,0.0,0.0,0.0,270,17.143692870201097,2.0,0.5000000000000001,0.0,0.0,0.0,0.0,0.0,23.4,Phayao,0.0,0.0,-1.0,0.0,96,0.618452380952381,0.0,0.0,0.0,0.0,0.0,0.0,2026.0,0.0,0.0,0.0,0.0
0.0,0.0,0.0,0.0,0.0,0.0,-1.8369701987210297e-16,0.0,8.8,0.0,0.0,969.7,0.0,0.0,0.0,0.0,0.0,0.9659258262890681,0.9377521321470804,0.0,0.0,-1.0,0.0,0.0,0.0,0.0,2.0342179825312514,-0.8660254037844386,0.0,0.0,,True,-0.25881904510252157,0.0,0.0,0.0,0.0,0.0,0.3473052528448203,0.0,0.0,0.0,2026-10-06 23:00:00,0.0,0.7,0.0,0.0,0.0,270,17.143692870201097,1.0,0.5000000000000001,0.0,0.0,0.0,0.0,0.0,23.2,Phayao,0.0,0.0,1.0,0.0,97,0.5630952380952381,0.0,0.0,0.0,0.0,0.0,0.0,2026.0,0.0,0.0,0.0,0.0
,,11.5,,,,,,,0.0,,993.2,,,,,,,,,,,,,1.565,,,,,,11.5,False,,,,,,,,,,,2026-09-22 23:00:00,,0.7,,,,90,,,,,,,0.25,,24.3,Phrae,,,,1.565,85,,,,,,,,,,,,
,,12.0,,,,,,,0.0,,993.0,,,,,,,,,,,,,1.565,,,,,,12.0,False,,,,,,,,,,,2026-09-23 00:00:00,,0.9,,,,79,,,,,,,0.25,,24.0,Phrae,,,,1.565,85,,,,,,,,,,,,
,,12.1,,,,,,,0.0,,992.7,,,,,,,,,,,,,1.565,,,,,,12.1,False,,,,,,,,,,,2026-09-23 01:00:00,,0.7,,,,76,,,,,,,0.25,,24.1,Phrae,,,,1.565,86,,,,,,,,,,,,
,,12.1,,,,,,,0.0,,992.4,,,,,,,,,,,,,1.565,,,,,,12.1,False,,,,,,,,,,,2026-09-23 02:00:00,,0.8,,,,45,,,,,,,0.25,,24.0,Phrae,,,,1.565,86,,,,,,,,,,,,
,,12.0,,,,,,,0.0,,992.0,,,,,,,,,,,,,1.565,,,,,,12.0,False,,,,,,,,,,,2026-09-23 03:00:00,,1.8,,,,24,,,,,,,0.25,,23.8,Phrae,,,,1.565,88,,,,,,,,,,,,
,,12.1,,,,,,,0.0,,991.8,,,,,,,,,,,,,1.565,,,,,,12.1,False,,,,,,,,,,,2026-09-23 04:00:00,,2.7,,,,23,,,,,,,0.25,,23.6,Phrae,,,,1.565,90,,,,,,,,,,,,
,,12.4,,,,,,,0.0,,991.7,,,,,,,,,,,,,1.565,,,,,,12.4,False,,,,,,,,,,,2026-09-23 05:00:00,,3.7,,,,47,,,,,,,0.25,,23.4,Phrae,,,,1.565,89,,,,,,,,,,,,
,,12.8,,,,,,,0.0,,992.0,,,,,,,,,,,,,1.565,,,,,,12.8,False,,,,,,,,,,,2026-09-23 06:00:00,,3.9,,,,22,,,,,,,0.25,,23.2,Phrae,,,,1.565,89,,,,,,,,,,,,
,,2.0,,,,,,,0.0,,993.0,,,,,,,,,,,,,1.565,,,,,,2.0,False,,,,,,,,,,,2026-09-23 07:00:00,,4.3,,,,360,,,,,,,0.25,,24.6,Phrae,,,,1.565,87,,,,,,,,,,,,
,,3.4,,,,,,,0.0,,993.8,,,,,,,,,,,,,1.565,,,,,,3.4,False,,,,,,,,,,,2026-09-23 08:00:00,,5.1,,,,354,,,,,,,0.25,,26.1,Phrae,,,,1.565,84,,,,,,,,,,,,
,,3.2,,,,,,,0.0,,994.3,,,,,,,,,,,,,1.565,,,,,,3.2,False,,,,,,,,,,,2026-09-23 09:00:00,,6.6,,,,347,,,,,,,0.25,,28.3,Phrae,,,,1.565,73,,,,,,,,,,,,
,,3.5,,,,,,,0.0,,994.4,,,,,,,,,,,,,1.565,,,,,,3.5,False,,,,,,,,,,,2026-09-23 10:00:00,,7.8,,,,341,,,,,,,0.25,,30.3,Phrae,,,,1.565,64,,,,,,,,,,,,
,,4.5,,,,,,,0.2,,993.9,,,,,,,,,,,,,1.565,,,,,,4.5,False,,,,,,,,,,,2026-09-23 11:00:00,,6.7,,,,9,,,,,,,0.25,,31.3,Phrae,,,,1.565,63,,,,,,,,,,,,
,,5.0,,,,,,,0.1,,993.3,,,,,,,,,,,,,1.565,,,,,,5.0,False,,,,,,,,,,,2026-09-23 12:00:00,,6.0,,,,21,,,,,,,0.25,,32.1,Phrae,,,,1.565,60,,,,,,,,,,,,
,,5.1,,,,,,,0.1,,992.4,,,,,,,,,,,,,1.565,,,,,,5.1,False,,,,,,,,,,,2026-09-23 13:00:00,,7.0,,,,26,,,,,,,0.25,,33.1,Phrae,,,,1.565,53,,,,,,,,,,,,
,,5.1,,,,,,,0.1,,991.1,,,,,,,,,,,,,1.565,,,,,,5.1,False,,,,,,,,,,,2026-09-23 14:00:00,,6.4,,,,36,,,,,,,0.25,,33.3,Phrae,,,,1.565,50,,,,,,,,,,,,
,,5.2,,,,,,,0.0,,989.6,,,,,,,,,,,,,1.565,,,,,,5.2,False,,,,,,,,,,,2026-09-23 15:00:00,,6.0,,,,27,,,,,,,0.25,,33.3,Phrae,,,,1.565,50,,,,,,,,,,,,
,,5.3,,,,,,,0.1,,989.3,,,,,,,,,,,,,1.565,,,,,,5.3,False,,,,,,,,,,,2026-09-23 16:00:00,,6.5,,,,2,,,,,,,0.25,,33.0,Phrae,,,,1.565,52,,,,,,,,,,,,
,,5.6,,,,,,,0.0,,989.3,,,,,,,,,,,,,1.565,,,,,,5.6,False,,,,,,,,,,,2026-09-23 17:00:00,,5.8,,,,360,,,,,,,0.25,,32.1,Phrae,,,,1.565,61,,,,,,,,,,,,
,,7.6,,,,,,,0.0,,989.6,,,,,,,,,,,,,1.565,,,,,,7.6,False,,,,,,,,,,,2026-09-23 18:00:00,,3.9,,,,347,,,,,,,0.25,,30.4,Phrae,,,,1.565,71,,,,,,,,,,,,
,,13.0,,,,,,,0.0,,990.2,,,,,,,,,,,,,1.565,,,,,,13.0,False,,,,,,,,,,,2026-09-23 19:00:00,,4.1,,,,13,,,,,,,0.25,,29.3,Phrae,,,,1.565,70,,,,,,,,,,,,
,,14.6,,,,,,,0.0,,991.3,,,,,,,,,,,,,1.565,,,,,,14.6,False,,,,,,,,,,,2026-09-23 20:00:00,,2.2,,,,81,,,,,,,0.25,,28.1,Phrae,,,,1.565,77,,,,,,,,,,,,
,,16.1,,,,,,,0.0,,992.2,,,,,,,,,,,,,1.565,,,,,,16.1,False,,,,,,,,,,,2026-09-23 21:00:00,,0.9,,,,143,,,,,,,0.25,,27.0,Phrae,,,,1.565,82,,,,,,,,,,,,
,,17.2,,,,,,,0.0,,992.8,,,,,,,,,,,,,1.565,,,,,,17.2,False,,,,,,,,,,,2026-09-23 22:00:00,,0.6,,,,146,,,,,,,0.25,,26.0,Phrae,,,,1.565,85,,,,,,,,,,,,
,,18.0,,,,,,,0.0,,993.3,,,,,,,,,,,,,1.565,,,,,,18.0,False,,,,,,,,,,,2026-09-23 23:00:00,,0.2,,,,90,,,,,,,0.25,,25.5,Phrae,,,,1.565,86,,,,,,,,,,,,
,,18.2,,,,,,,0.0,,993.0,,,,,,,,,,,,,0.0,,,,,,18.2,False,,,,,,,,,,,2026-09-24 00:00:00,,1.0,,,,59,,,,,,,0.0,,25.0,Phrae,,,,0.0,88,,,,,,,,,,,,
,,17.6,,,,,,,0.0,,992.6,,,,,,,,,,,,,0.0,,,,,,17.6,False,,,,,,,,,,,2026-09-24 01:00:00,,1.7,,,,58,,,,,,,0.0,,25.0,Phrae,,,,0.0,88,,,,,,,,,,,,
,,16.6,,,,,,,0.0,,992.2,,,,,,,,,,,,,0.0,,,,,,16.6,False,,,,,,,,,,,2026-09-24 02:00:00,,1.5,,,,30,,,,,,,0.0,,25.0,Phrae,,,,0.0,88,,,,,,,,,,,,
,,15.7,,,,,,,0.0,,992.1,,,,,,,,,,,,,0.0,,,,,,15.7,False,,,,,,,,,,,2026-09-24 03:00:00,,3.1,,,,59,,,,,,,0.0,,24.8,Phrae,,,,0.0,89,,,,,,,,,,,,
,,14.6,,,,,,,0.0,,992.0,,,,,,,,,,,,,0.0,,,,,,14.6,False,,,,,,,,,,,2026-09-24 04:00:00,,3.8,,,,11,,,,,,,0.0,,24.6,Phrae,,,,0.0,90,,,,,,,,,,,,
,,14.2,,,,,,,0.0,,992.2,,,,,,,,,,,,,0.0,,,,,,14.2,False,,,,,,,,,,,2026-09-24 05:00:00,,3.6,,,,18,,,,,,,0.0,,24.3,Phrae,,,,0.0,93,,,,,,,,,,,,
,,14.3,,,,,,,0.0,,992.8,,,,,,,,,,,,,0.0,,,,,,14.3,False,,,,,,,,,,,2026-09-24 06:00:00,,0.6,,,,34,,,,,,,0.0,,24.6,Phrae,,,,0.0,89,,,,,,,,,,,,
,,11.6,,,,,,,0.0,,993.5,,,,,,,,,,,,,0.0,,,,,,11.6,False,,,,,,,,,,,2026-09-24 07:00:00,,6.0,,,,27,,,,,,,0.0,,25.6,Phrae,,,,0.0,88,,,,,,,,,,,,
,,11.8,,,,,,,0.0,,993.9,,,,,,,,,,,,,0.0,,,,,,11.8,False,,,,,,,,,,,2026-09-24 08:00:00,,7.2,,,,359,,,,,,,0.0,,26.7,Phrae,,,,0.0,86,,,,,,,,,,,,
,,12.1,,,,,,,0.0,,994.1,,,,,,,,,,,,,0.0,,,,,,12.1,False,,,,,,,,,,,2026-09-24 09:00:00,,7.3,,,,353,,,,,,,0.0,,28.0,Phrae,,,,0.0,79,,,,,,,,,,,,
,,11.3,,,,,,,0.0,,994.0,,,,,,,,,,,,,0.0,,,,,,11.3,False,,,,,,,,,,,2026-09-24 10:00:00,,8.0,,,,355,,,,,,,0.0,,30.0,Phrae,,,,0.0,70,,,,,,,,,,,,
,,9.7,,,,,,,0.0,,993.3,,,,,,,,,,,,,0.0,,,,,,9.7,False,,,,,,,,,,,2026-09-24 11:00:00,,7.4,,,,353,,,,,,,0.0,,31.2,Phrae,,,,0.0,66,,,,,,,,,,,,
,,8.4,,,,,,,0.0,,992.5,,,,,,,,,,,,,0.0,,,,,,8.4,False,,,,,,,,,,,2026-09-24 12:00:00,,8.0,,,,335,,,,,,,0.0,,31.9,Phrae,,,,0.0,65,,,,,,,,,,,,
,,8.3,,,,,,,0.0,,992.3,,,,,,,,,,,,,0.0,,,,,,8.3,False,,,,,,,,,,,2026-09-24 13:00:00,,1.5,,,,225,,,,,,,0.0,,30.6,Phrae,,,,0.0,68,,,,,,,,,,,,
,,8.3,,,,,,,0.1,,991.1,,,,,,,,,,,,,0.0,,,,,,8.3,False,,,,,,,,,,,2026-09-24 14:00:00,,7.2,,,,96,,,,,,,0.0,,30.1,Phrae,,,,0.0,72,,,,,,,,,,,,
,,8.0,,,,,,,0.1,,990.2,,,,,,,,,,,,,0.0,,,,,,8.0,False,,,,,,,,,,,2026-09-24 15:00:00,,7.2,,,,338,,,,,,,0.0,,29.5,Phrae,,,,0.0,71,,,,,,,,,,,,
,,7.9,,,,,,,0.1,,990.1,,,,,,,,,,,,,0.0,,,,,,7.9,False,,,,,,,,,,,2026-09-24 16:00:00,,9.2,,,,33,,,,,,,0.0,,28.4,Phrae,,,,0.0,77,,,,,,,,,,,,
,,8.0,,,,,,,0.2,,990.6,,,,,,,,,,,,,0.0,,,,,,8.0,False,,,,,,,,,,,2026-09-24 17:00:00,,5.6,,,,63,,,,,,,0.0,,27.6,Phrae,,,,0.0,83,,,,,,,,,,,,
,,9.2,,,,,,,0.0,,991.1,,,,,,,,,,,,,0.0,,,,,,9.2,False,,,,,,,,,,,2026-09-24 18:00:00,,3.1,,,,83,,,,,,,0.0,,27.2,Phrae,,,,0.0,84,,,,,,,,,,,,
,,12.8,,,,,,,0.0,,991.4,,,,,,,,,,,,,0.0,,,,,,12.8,False,,,,,,,,,,,2026-09-24 19:00:00,,5.1,,,,58,,,,,,,0.0,,27.5,Phrae,,,,0.0,80,,,,,,,,,,,,
,,13.2,,,,,,,0.0,,992.0,,,,,,,,,,,,,0.0,,,,,,13.2,False,,,,,,,,,,,2026-09-24 20:00:00,,3.9,,,,47,,,,,,,0.0,,27.0,Phrae,,,,0.0,82,,,,,,,,,,,,
,,13.9,,,,,,,0.0,,992.8,,,,,,,,,,,,,0.0,,,,,,13.9,False,,,,,,,,,,,2026-09-24 21:00:00,,4.1,,,,45,,,,,,,0.0,,26.9,Phrae,,,,0.0,82,,,,,,,,,,,,
,,14.8,,,,,,,0.0,,993.4,,,,,,,,,,,,,0.0,,,,,,14.8,False,,,,,,,,,,,2026-09-24 22:00:00,,3.2,,,,34,,,,,,,0.0,,26.5,Phrae,,,,0.0,86,,,,,,,,,,,,
,,15.5,,,,,,,0.0,,993.8,,,,,,,,,,,,,0.0,,,,,,15.5,False,,,,,,,,,,,2026-09-24 23:00:00,,1.2,,,,39,,,,,,,0.0,,26.7,Phrae,,,,0.0,85,,,,,,,,,,,,
,,15.7,,,,,,,0.0,,993.3,,,,,,,,,,,,,6.26,,,,,,15.7,False,,,,,,,,,,,2026-09-25 00:00:00,,2.3,,,,45,,,,,,,1.0,,26.4,Phrae,,,,6.26,86,,,,,,,,,,,,
,,14.2,,,,,,,0.0,,992.8,,,,,,,,,,,,,6.26,,,,,,14.2,False,,,,,,,,,,,2026-09-25 01:00:00,,4.0,,,,58,,,,,,,1.0,,25.8,Phrae,,,,6.26,90,,,,,,,,,,,,
,,12.1,,,,,,,0.0,,992.3,,,,,,,,,,,,,6.26,,,,,,12.1,False,,,,,,,,,,,2026-09-25 02:00:00,,3.1,,,,54,,,,,,,1.0,,25.2,Phrae,,,,6.26,94,,,,,,,,,,,,
,,11.2,,,,,,,0.0,,992.0,,,,,,,,,,,,,6.26,,,,,,11.2,False,,,,,,,,,,,2026-09-25 03:00:00,,3.3,,,,49,,,,,,,1.0,,24.9,Phrae,,,,6.26,95,,,,,,,,,,,,
,,10.4,,,,,,,0.0,,991.8,,,,,,,,,,,,,6.26,,,,,,10.4,False,,,,,,,,,,,2026-09-25 04:00:00,,4.1,,,,52,,,,,,,1.0,,24.5,Phrae,,,,6.26,96,,,,,,,,,,,,
,,8.6,,,,,,,0.0,,992.0,,,,,,,,,,,,,6.26,,,,,,8.6,False,,,,,,,,,,,2026-09-25 05:00:00,,3.1,,,,80,,,,,,,1.0,,24.6,Phrae,,,,6.26,95,,,,,,,,,,,,
,,6.7,,,,,,,0.0,,992.4,,,,,,,,,,,,,6.26,,,,,,6.7,False,,,,,,,,,,,2026-09-25 06:00:00,,1.0,,,,68,,,,,,,1.0,,24.6,Phrae,,,,6.26,94,,,,,,,,,,,,
,,5.7,,,,,,,0.0,,993.0,,,,,,,,,,,,,6.26,,,,,,5.7,False,,,,,,,,,,,2026-09-25 07:00:00,,5.9,,,,35,,,,,,,1.0,,26.3,Phrae,,,,6.26,89,,,,,,,,,,,,
,,6.7,,,,,,,0.0,,993.7,,,,,,,,,,,,,6.26,,,,,,6.7,False,,,,,,,,,,,2026-09-25 08:00:00,,7.2,,,,18,,,,,,,1.0,,27.3,Phrae,,,,6.26,86,,,,,,,,,,,,
,,7.3,,,,,,,0.0,,994.0,,,,,,,,,,,,,6.26,,,,,,7.3,False,,,,,,,,,,,2026-09-25 09:00:00,,6.6,,,,16,,,,,,,1.0,,28.7,Phrae,,,,6.26,80,,,,,,,,,,,,
,,6.4,,,,,,,0.2,,993.9,,,,,,,,,,,,,6.26,,,,,,6.4,False,,,,,,,,,,,2026-09-25 10:00:00,,7.2,,,,12,,,,,,,1.0,,30.1,Phrae,,,,6.26,74,,,,,,,,,,,,
,,5.0,,,,,,,0.3,,993.3,,,,,,,,,,,,,6.26,,,,,,5.0,False,,,,,,,,,,,2026-09-25 11:00:00,,7.8,,,,5,,,,,,,1.0,,30.8,Phrae,,,,6.26,71,,,,,,,,,,,,
,,4.0,,,,,,,0.2,,992.3,,,,,,,,,,,,,6.26,,,,,,4.0,False,,,,,,,,,,,2026-09-25 12:00:00,,9.2,,,,357,,,,,,,1.0,,31.5,Phrae,,,,6.26,68,,,,,,,,,,,,
,,3.3,,,,,,,0.1,,991.1,,,,,,,,,,,,,6.26,,,,,,3.3,False,,,,,,,,,,,2026-09-25 13:00:00,,11.1,,,,34,,,,,,,1.0,,32.5,Phrae,,,,6.26,58,,,,,,,,,,,,
,,3.1,,,,,,,0.9,,989.4,,,,,,,,,,,,,6.26,,,,,,3.1,False,,,,,,,,,,,2026-09-25 14:00:00,,12.1,,,,43,,,,,,,1.0,,32.0,Phrae,,,,6.26,61,,,,,,,,,,,,
,,3.1,,,,,,,1.0,,989.0,,,,,,,,,,,,,6.26,,,,,,3.1,False,,,,,,,,,,,2026-09-25 15:00:00,,11.5,,,,55,,,,,,,1.0,,30.4,Phrae,,,,6.26,69,,,,,,,,,,,,
,,3.4,,,,,,,0.0,,989.0,,,,,,,,,,,,,6.26,,,,,,3.4,False,,,,,,,,,,,2026-09-25 16:00:00,,9.7,,,,10,,,,,,,1.0,,30.6,Phrae,,,,6.26,69,,,,,,,,,,,,
,,3.5,,,,,,,0.0,,988.8,,,,,,,,,,,,,6.26,,,,,,3.5,False,,,,,,,,,,,2026-09-25 17:00:00,,9.7,,,,349,,,,,,,1.0,,29.8,Phrae,,,,6.26,74,,,,,,,,,,,,
,,4.9,,,,,,,0.0,,989.3,,,,,,,,,,,,,6.26,,,,,,4.9,False,,,,,,,,,,,2026-09-25 18:00:00,,5.4,,,,352,,,,,,,1.0,,28.7,Phrae,,,,6.26,81,,,,,,,,,,,,
,,10.7,,,,,,,0.0,,989.7,,,,,,,,,,,,,6.26,,,,,,10.7,False,,,,,,,,,,,2026-09-25 19:00:00,,7.1,,,,9,,,,,,,1.0,,27.7,Phrae,,,,6.26,77,,,,,,,,,,,,
,,11.0,,,,,,,0.0,,990.4,,,,,,,,,,,,,6.26,,,,,,11.0,False,,,,,,,,,,,2026-09-25 20:00:00,,5.6,,,,42,,,,,,,1.0,,27.1,Phrae,,,,6.26,81,,,,,,,,,,,,
,,10.3,,,,,,,0.0,,991.3,,,,,,,,,,,,,6.26,,,,,,10.3,False,,,,,,,,,,,2026-09-25 21:00:00,,5.0,,,,52,,,,,,,1.0,,26.7,Phrae,,,,6.26,86,,,,,,,,,,,,
,,9.8,,,,,,,0.0,,992.0,,,,,,,,,,,,,6.26,,,,,,9.8,False,,,,,,,,,,,2026-09-25 22:00:00,,3.5,,,,24,,,,,,,1.0,,26.3,Phrae,,,,6.26,89,,,,,,,,,,,,
,,9.2,,,,,,,0.1,,992.3,,,,,,,,,,,,,6.26,,,,,,9.2,False,,,,,,,,,,,2026-09-25 23:00:00,,2.7,,,,42,,,,,,,1.0,,26.1,Phrae,,,,6.26,88,,,,,,,,,,,,
,,8.5,,,,,,,0.0,,992.0,,,,,,,,,,,,,0.0,,,,,,8.5,False,,,,,,,,,,,2026-09-26 00:00:00,,4.6,,,,9,,,,,,,0.0,,25.8,Phrae,,,,0.0,91,,,,,,,,,,,,
,,7.5,,,,,,,0.0,,991.0,,,,,,,,,,,,,0.0,,,,,,7.5,False,,,,,,,,,,,2026-09-26 01:00:00,,7.9,,,,12,,,,,,,0.0,,26.0,Phrae,,,,0.0,92,,,,,,,,,,,,
,,6.3,,,,,,,0.0,,990.4,,,,,,,,,,,,,0.0,,,,,,6.3,False,,,,,,,,,,,2026-09-26 02:00:00,,9.8,,,,6,,,,,,,0.0,,25.8,Phrae,,,,0.0,90,,,,,,,,,,,,
,,5.2,,,,,,,0.0,,990.2,,,,,,,,,,,,,0.0,,,,,,5.2,False,,,,,,,,,,,2026-09-26 03:00:00,,10.8,,,,5,,,,,,,0.0,,25.6,Phrae,,,,0.0,86,,,,,,,,,,,,
,,4.3,,,,,,,0.0,,990.3,,,,,,,,,,,,,0.0,,,,,,4.3,False,,,,,,,,,,,2026-09-26 04:00:00,,11.0,,,,15,,,,,,,0.0,,25.4,Phrae,,,,0.0,86,,,,,,,,,,,,
,,3.5,,,,,,,0.0,,990.5,,,,,,,,,,,,,0.0,,,,,,3.5,False,,,,,,,,,,,2026-09-26 05:00:00,,11.8,,,,21,,,,,,,0.0,,25.3,Phrae,,,,0.0,86,,,,,,,,,,,,
,,2.8,,,,,,,0.0,,991.0,,,,,,,,,,,,,0.0,,,,,,2.8,False,,,,,,,,,,,2026-09-26 06:00:00,,11.1,,,,25,,,,,,,0.0,,25.2,Phrae,,,,0.0,87,,,,,,,,,,,,
,,0.9,,,,,,,0.0,,991.6,,,,,,,,,,,,,0.0,,,,,,0.9,False,,,,,,,,,,,2026-09-26 07:00:00,,10.5,,,,29,,,,,,,0.0,,25.9,Phrae,,,,0.0,85,,,,,,,,,,,,
,,1.1,,,,,,,0.0,,992.3,,,,,,,,,,,,,0.0,,,,,,1.1,False,,,,,,,,,,,2026-09-26 08:00:00,,11.2,,,,12,,,,,,,0.0,,27.6,Phrae,,,,0.0,81,,,,,,,,,,,,
,,1.0,,,,,,,0.0,,992.8,,,,,,,,,,,,,0.0,,,,,,1.0,False,,,,,,,,,,,2026-09-26 09:00:00,,13.6,,,,32,,,,,,,0.0,,29.1,Phrae,,,,0.0,71,,,,,,,,,,,,
,,1.2,,,,,,,0.0,,992.7,,,,,,,,,,,,,0.0,,,,,,1.2,False,,,,,,,,,,,2026-09-26 10:00:00,,14.0,,,,54,,,,,,,0.0,,30.2,Phrae,,,,0.0,67,,,,,,,,,,,,
,,1.4,,,,,,,0.0,,992.2,,,,,,,,,,,,,0.0,,,,,,1.4,False,,,,,,,,,,,2026-09-26 11:00:00,,12.7,,,,47,,,,,,,0.0,,31.0,Phrae,,,,0.0,64,,,,,,,,,,,,
,,1.6,,,,,,,0.0,,991.0,,,,,,,,,,,,,0.0,,,,,,1.6,False,,,,,,,,,,,2026-09-26 12:00:00,,12.5,,,,44,,,,,,,0.0,,31.7,Phrae,,,,0.0,61,,,,,,,,,,,,
,,1.9,,,,,,,0.1,,990.3,,,,,,,,,,,,,0.0,,,,,,1.9,False,,,,,,,,,,,2026-09-26 13:00:00,,12.3,,,,61,,,,,,,0.0,,32.3,Phrae,,,,0.0,56,,,,,,,,,,,,
,,2.1,,,,,,,0.2,,988.6,,,,,,,,,,,,,0.0,,,,,,2.1,False,,,,,,,,,,,2026-09-26 14:00:00,,12.0,,,,60,,,,,,,0.0,,32.1,Phrae,,,,0.0,57,,,,,,,,,,,,
,,2.4,,,,,,,0.1,,987.4,,,,,,,,,,,,,0.0,,,,,,2.4,False,,,,,,,,,,,2026-09-26 15:00:00,,10.8,,,,58,,,,,,,0.0,,32.1,Phrae,,,,0.0,58,,,,,,,,,,,,
,,2.5,,,,,,,0.0,,987.2,,,,,,,,,,,,,0.0,,,,,,2.5,False,,,,,,,,,,,2026-09-26 16:00:00,,9.3,,,,58,,,,,,,0.0,,31.8,Phrae,,,,0.0,60,,,,,,,,,,,,
,,2.6,,,,,,,0.0,,987.7,,,,,,,,,,,,,0.0,,,,,,2.6,False,,,,,,,,,,,2026-09-26 17:00:00,,7.2,,,,65,,,,,,,0.0,,31.0,Phrae,,,,0.0,66,,,,,,,,,,,,
,,2.9,,,,,,,0.0,,988.2,,,,,,,,,,,,,0.0,,,,,,2.9,False,,,,,,,,,,,2026-09-26 18:00:00,,6.1,,,,87,,,,,,,0.0,,29.3,Phrae,,,,0.0,69,,,,,,,,,,,,
,,11.9,,,,,,,0.0,,988.7,,,,,,,,,,,,,0.0,,,,,,11.9,False,,,,,,,,,,,2026-09-26 19:00:00,,8.8,,,,78,,,,,,,0.0,,29.0,Phrae,,,,0.0,67,,,,,,,,,,,,
,,12.3,,,,,,,0.0,,989.5,,,,,,,,,,,,,0.0,,,,,,12.3,False,,,,,,,,,,,2026-09-26 20:00:00,,6.4,,,,47,,,,,,,0.0,,27.9,Phrae,,,,0.0,73,,,,,,,,,,,,
,,12.3,,,,,,,0.0,,990.3,,,,,,,,,,,,,0.0,,,,,,12.3,False,,,,,,,,,,,2026-09-26 21:00:00,,7.9,,,,4,,,,,,,0.0,,27.3,Phrae,,,,0.0,76,,,,,,,,,,,,
,,11.4,,,,,,,0.0,,990.9,,,,,,,,,,,,,0.0,,,,,,11.4,False,,,,,,,,,,,2026-09-26 22:00:00,,8.7,,,,4,,,,,,,0.0,,26.7,Phrae,,,,0.0,80,,,,,,,,,,,,
,,10.2,,,,,,,0.0,,990.8,,,,,,,,,,,,,0.0,,,,,,10.2,False,,,,,,,,,,,2026-09-26 23:00:00,,7.7,,,,12,,,,,,,0.0,,26.2,Phrae,,,,0.0,83,,,,,,,,,,,,
,,8.3,,,,,,,0.0,,990.5,,,,,,,,,,,,,0.0,,,,,,8.3,False,,,,,,,,,,,2026-09-27 00:00:00,,7.9,,,,17,,,,,,,0.0,,25.7,Phrae,,,,0.0,85,,,,,,,,,,,,
,,6.5,,,,,,,0.0,,989.9,,,,,,,,,,,,,0.0,,,,,,6.5,False,,,,,,,,,,,2026-09-27 01:00:00,,9.2,,,,12,,,,,,,0.0,,26.1,Phrae,,,,0.0,85,,,,,,,,,,,,
,,4.1,,,,,,,0.0,,989.5,,,,,,,,,,,,,0.0,,,,,,4.1,False,,,,,,,,,,,2026-09-27 02:00:00,,9.7,,,,18,,,,,,,0.0,,25.6,Phrae,,,,0.0,86,,,,,,,,,,,,
,,3.2,,,,,,,0.0,,989.0,,,,,,,,,,,,,0.0,,,,,,3.2,False,,,,,,,,,,,2026-09-27 03:00:00,,8.6,,,,31,,,,,,,0.0,,25.2,Phrae,,,,0.0,88,,,,,,,,,,,,
,,2.7,,,,,,,0.0,,989.1,,,,,,,,,,,,,0.0,,,,,,2.7,False,,,,,,,,,,,2026-09-27 04:00:00,,7.1,,,,34,,,,,,,0.0,,24.8,Phrae,,,,0.0,89,,,,,,,,,,,,
,,2.6,,,,,,,0.0,,989.2,,,,,,,,,,,,,0.0,,,,,,2.6,False,,,,,,,,,,,2026-09-27 05:00:00,,7.5,,,,24,,,,,,,0.0,,24.6,Phrae,,,,0.0,89,,,,,,,,,,,,
,,2.7,,,,,,,0.0,,989.5,,,,,,,,,,,,,0.0,,,,,,2.7,False,,,,,,,,,,,2026-09-27 06:00:00,,5.9,,,,23,,,,,,,0.0,,24.2,Phrae,,,,0.0,90,,,,,,,,,,,,
,,2.7,,,,,,,0.0,,990.2,,,,,,,,,,,,,0.0,,,,,,2.7,False,,,,,,,,,,,2026-09-27 07:00:00,,7.2,,,,18,,,,,,,0.0,,25.2,Phrae,,,,0.0,90,,,,,,,,,,,,
,,3.4,,,,,,,0.0,,990.8,,,,,,,,,,,,,0.0,,,,,,3.4,False,,,,,,,,,,,2026-09-27 08:00:00,,9.0,,,,13,,,,,,,0.0,,27.0,Phrae,,,,0.0,82,,,,,,,,,,,,
,,3.9,,,,,,,0.0,,991.2,,,,,,,,,,,,,0.0,,,,,,3.9,False,,,,,,,,,,,2026-09-27 09:00:00,,8.9,,,,36,,,,,,,0.0,,28.4,Phrae,,,,0.0,75,,,,,,,,,,,,
,,3.8,,,,,,,0.0,,991.3,,,,,,,,,,,,,0.0,,,,,,3.8,False,,,,,,,,,,,2026-09-27 10:00:00,,7.9,,,,47,,,,,,,0.0,,29.7,Phrae,,,,0.0,69,,,,,,,,,,,,
,,3.8,,,,,,,0.0,,990.6,,,,,,,,,,,,,0.0,,,,,,3.8,False,,,,,,,,,,,2026-09-27 11:00:00,,8.2,,,,50,,,,,,,0.0,,30.6,Phrae,,,,0.0,65,,,,,,,,,,,,
,,3.9,,,,,,,0.0,,989.5,,,,,,,,,,,,,0.0,,,,,,3.9,False,,,,,,,,,,,2026-09-27 12:00:00,,9.8,,,,64,,,,,,,0.0,,31.3,Phrae,,,,0.0,60,,,,,,,,,,,,
,,3.8,,,,,,,0.1,,988.9,,,,,,,,,,,,,0.0,,,,,,3.8,False,,,,,,,,,,,2026-09-27 13:00:00,,11.5,,,,60,,,,,,,0.0,,32.1,Phrae,,,,0.0,57,,,,,,,,,,,,
,,3.7,,,,,,,0.0,,987.3,,,,,,,,,,,,,0.0,,,,,,3.7,False,,,,,,,,,,,2026-09-27 14:00:00,,11.4,,,,59,,,,,,,0.0,,32.2,Phrae,,,,0.0,56,,,,,,,,,,,,
,,3.7,,,,,,,0.3,,986.6,,,,,,,,,,,,,0.0,,,,,,3.7,False,,,,,,,,,,,2026-09-27 15:00:00,,10.6,,,,81,,,,,,,0.0,,31.9,Phrae,,,,0.0,57,,,,,,,,,,,,
,,3.6,,,,,,,0.8,,986.6,,,,,,,,,,,,,0.0,,,,,,3.6,False,,,,,,,,,,,2026-09-27 16:00:00,,10.7,,,,136,,,,,,,0.0,,30.1,Phrae,,,,0.0,67,,,,,,,,,,,,
,,3.2,,,,,,,0.4,,987.5,,,,,,,,,,,,,0.0,,,,,,3.2,False,,,,,,,,,,,2026-09-27 17:00:00,,7.9,,,,179,,,,,,,0.0,,29.1,Phrae,,,,0.0,74,,,,,,,,,,,,
,,3.4,,,,,,,0.6,,987.9,,,,,,,,,,,,,0.0,,,,,,3.4,False,,,,,,,,,,,2026-09-27 18:00:00,,9.8,,,,224,,,,,,,0.0,,27.1,Phrae,,,,0.0,89,,,,,,,,,,,,
,,5.8,,,,,,,0.6,,988.5,,,,,,,,,,,,,0.0,,,,,,5.8,False,,,,,,,,,,,2026-09-27 19:00:00,,6.1,,,,223,,,,,,,0.0,,26.7,Phrae,,,,0.0,93,,,,,,,,,,,,
,,5.3,,,,,,,0.4,,989.7,,,,,,,,,,,,,0.0,,,,,,5.3,False,,,,,,,,,,,2026-09-27 20:00:00,,9.9,,,,224,,,,,,,0.0,,25.6,Phrae,,,,0.0,93,,,,,,,,,,,,
,,5.3,,,,,,,0.5,,990.4,,,,,,,,,,,,,0.0,,,,,,5.3,False,,,,,,,,,,,2026-09-27 21:00:00,,8.2,,,,255,,,,,,,0.0,,24.7,Phrae,,,,0.0,95,,,,,,,,,,,,
,,5.5,,,,,,,0.2,,990.9,,,,,,,,,,,,,0.0,,,,,,5.5,False,,,,,,,,,,,2026-09-27 22:00:00,,3.8,,,,278,,,,,,,0.0,,24.5,Phrae,,,,0.0,96,,,,,,,,,,,,
,,5.8,,,,,,,0.0,,990.8,,,,,,,,,,,,,0.0,,,,,,5.8,False,,,,,,,,,,,2026-09-27 23:00:00,,1.4,,,,270,,,,,,,0.0,,24.4,Phrae,,,,0.0,96,,,,,,,,,,,,
,,5.7,,,,,,,0.0,,990.8,,,,,,,,,,,,,1.565,,,,,,5.7,False,,,,,,,,,,,2026-09-28 00:00:00,,1.8,,,,264,,,,,,,0.25,,24.3,Phrae,,,,1.565,96,,,,,,,,,,,,
,,5.6,,,,,,,0.1,,990.0,,,,,,,,,,,,,1.565,,,,,,5.6,False,,,,,,,,,,,2026-09-28 01:00:00,,1.3,,,,16,,,,,,,0.25,,24.4,Phrae,,,,1.565,97,,,,,,,,,,,,
,,5.6,,,,,,,0.7,,989.6,,,,,,,,,,,,,1.565,,,,,,5.6,False,,,,,,,,,,,2026-09-28 02:00:00,,2.9,,,,30,,,,,,,0.25,,24.0,Phrae,,,,1.565,96,,,,,,,,,,,,
,,5.6,,,,,,,0.6,,989.5,,,,,,,,,,,,,1.565,,,,,,5.6,False,,,,,,,,,,,2026-09-28 03:00:00,,2.9,,,,22,,,,,,,0.25,,23.7,Phrae,,,,1.565,95,,,,,,,,,,,,
,,5.8,,,,,,,1.1,,989.4,,,,,,,,,,,,,1.565,,,,,,5.8,False,,,,,,,,,,,2026-09-28 04:00:00,,5.8,,,,234,,,,,,,0.25,,23.3,Phrae,,,,1.565,96,,,,,,,,,,,,
,,6.1,,,,,,,1.7,,989.6,,,,,,,,,,,,,1.565,,,,,,6.1,False,,,,,,,,,,,2026-09-28 05:00:00,,3.7,,,,293,,,,,,,0.25,,23.1,Phrae,,,,1.565,96,,,,,,,,,,,,
,,6.2,,,,,,,0.1,,989.9,,,,,,,,,,,,,1.565,,,,,,6.2,False,,,,,,,,,,,2026-09-28 06:00:00,,3.2,,,,16,,,,,,,0.25,,23.1,Phrae,,,,1.565,96,,,,,,,,,,,,
,,2.6,,,,,,,0.0,,990.5,,,,,,,,,,,,,1.565,,,,,,2.6,False,,,,,,,,,,,2026-09-28 07:00:00,,6.9,,,,33,,,,,,,0.25,,24.5,Phrae,,,,1.565,96,,,,,,,,,,,,
,,4.0,,,,,,,0.0,,991.0,,,,,,,,,,,,,1.565,,,,,,4.0,False,,,,,,,,,,,2026-09-28 08:00:00,,8.3,,,,1,,,,,,,0.25,,25.9,Phrae,,,,1.565,93,,,,,,,,,,,,
,,4.4,,,,,,,1.6,,991.9,,,,,,,,,,,,,1.565,,,,,,4.4,False,,,,,,,,,,,2026-09-28 09:00:00,,6.9,,,,7,,,,,,,0.25,,27.0,Phrae,,,,1.565,88,,,,,,,,,,,,
,,3.4,,,,,,,0.2,,992.1,,,,,,,,,,,,,1.565,,,,,,3.4,False,,,,,,,,,,,2026-09-28 10:00:00,,7.1,,,,21,,,,,,,0.25,,27.4,Phrae,,,,1.565,83,,,,,,,,,,,,
,,3.1,,,,,,,0.6,,992.2,,,,,,,,,,,,,1.565,,,,,,3.1,False,,,,,,,,,,,2026-09-28 11:00:00,,5.1,,,,23,,,,,,,0.25,,27.7,Phrae,,,,1.565,82,,,,,,,,,,,,
,,2.7,,,,,,,1.9,,991.8,,,,,,,,,,,,,1.565,,,,,,2.7,False,,,,,,,,,,,2026-09-28 12:00:00,,4.5,,,,358,,,,,,,0.25,,27.3,Phrae,,,,1.565,81,,,,,,,,,,,,
,,2.3,,,,,,,2.3,,992.0,,,,,,,,,,,,,1.565,,,,,,2.3,False,,,,,,,,,,,2026-09-28 13:00:00,,6.6,,,,249,,,,,,,0.25,,25.6,Phrae,,,,1.565,91,,,,,,,,,,,,
,,2.1,,,,,,,2.8,,991.3,,,,,,,,,,,,,1.565,,,,,,2.1,False,,,,,,,,,,,2026-09-28 14:00:00,,5.2,,,,297,,,,,,,0.25,,24.9,Phrae,,,,1.565,94,,,,,,,,,,,,
,,1.9,,,,,,,1.2,,991.0,,,,,,,,,,,,,1.565,,,,,,1.9,False,,,,,,,,,,,2026-09-28 15:00:00,,6.6,,,,349,,,,,,,0.25,,25.1,Phrae,,,,1.565,93,,,,,,,,,,,,
,,1.9,,,,,,,1.1,,990.9,,,,,,,,,,,,,1.565,,,,,,1.9,False,,,,,,,,,,,2026-09-28 16:00:00,,4.0,,,,330,,,,,,,0.25,,25.8,Phrae,,,,1.565,91,,,,,,,,,,,,
,,1.8,,,,,,,0.8,,990.7,,,,,,,,,,,,,1.565,,,,,,1.8,False,,,,,,,,,,,2026-09-28 17:00:00,,4.8,,,,340,,,,,,,0.25,,25.4,Phrae,,,,1.565,95,,,,,,,,,,,,
,,2.0,,,,,,,0.1,,990.9,,,,,,,,,,,,,1.565,,,,,,2.0,False,,,,,,,,,,,2026-09-28 18:00:00,,4.1,,,,315,,,,,,,0.25,,25.3,Phrae,,,,1.565,96,,,,,,,,,,,,
,,4.1,,,,,,,0.1,,991.4,,,,,,,,,,,,,1.565,,,,,,4.1,False,,,,,,,,,,,2026-09-28 19:00:00,,5.0,,,,341,,,,,,,0.25,,24.6,Phrae,,,,1.565,92,,,,,,,,,,,,
,,3.7,,,,,,,0.0,,992.3,,,,,,,,,,,,,1.565,,,,,,3.7,False,,,,,,,,,,,2026-09-28 20:00:00,,3.1,,,,353,,,,,,,0.25,,24.7,Phrae,,,,1.565,92,,,,,,,,,,,,
,,3.6,,,,,,,0.0,,993.4,,,,,,,,,,,,,1.565,,,,,,3.6,False,,,,,,,,,,,2026-09-28 21:00:00,,1.3,,,,352,,,,,,,0.25,,25.0,Phrae,,,,1.565,89,,,,,,,,,,,,
,,3.7,,,,,,,0.0,,994.2,,,,,,,,,,,,,1.565,,,,,,3.7,False,,,,,,,,,,,2026-09-28 22:00:00,,0.3,,,,225,,,,,,,0.25,,25.4,Phrae,,,,1.565,87,,,,,,,,,,,,
,,4.0,,,,,,,0.1,,994.6,,,,,,,,,,,,,1.565,,,,,,4.0,False,,,,,,,,,,,2026-09-28 23:00:00,,0.4,,,,297,,,,,,,0.25,,25.2,Phrae,,,,1.565,88,,,,,,,,,,,,
,,4.1,,,,,,,0.0,,994.5,,,,,,,,,,,,,1.565,,,,,,4.1,False,,,,,,,,,,,2026-09-29 00:00:00,,0.0,,,,270,,,,,,,0.25,,24.9,Phrae,,,,1.565,88,,,,,,,,,,,,
,,4.3,,,,,,,0.0,,994.3,,,,,,,,,,,,,1.565,,,,,,4.3,False,,,,,,,,,,,2026-09-29 01:00:00,,4.0,,,,8,,,,,,,0.25,,23.9,Phrae,,,,1.565,96,,,,,,,,,,,,
,,4.5,,,,,,,0.0,,993.8,,,,,,,,,,,,,1.565,,,,,,4.5,False,,,,,,,,,,,2026-09-29 02:00:00,,2.9,,,,11,,,,,,,0.25,,24.2,Phrae,,,,1.565,95,,,,,,,,,,,,
,,4.9,,,,,,,0.0,,993.4,,,,,,,,,,,,,1.565,,,,,,4.9,False,,,,,,,,,,,2026-09-29 03:00:00,,1.5,,,,339,,,,,,,0.25,,24.0,Phrae,,,,1.565,95,,,,,,,,,,,,
,,5.7,,,,,,,0.0,,993.2,,,,,,,,,,,,,1.565,,,,,,5.7,False,,,,,,,,,,,2026-09-29 04:00:00,,1.1,,,,342,,,,,,,0.25,,24.0,Phrae,,,,1.565,94,,,,,,,,,,,,
,,5.6,,,,,,,0.0,,993.2,,,,,,,,,,,,,1.565,,,,,,5.6,False,,,,,,,,,,,2026-09-29 05:00:00,,0.4,,,,360,,,,,,,0.25,,24.3,Phrae,,,,1.565,92,,,,,,,,,,,,
,,5.5,,,,,,,0.1,,993.8,,,,,,,,,,,,,1.565,,,,,,5.5,False,,,,,,,,,,,2026-09-29 06:00:00,,3.5,,,,246,,,,,,,0.25,,24.1,Phrae,,,,1.565,93,,,,,,,,,,,,
,,7.0,,,,,,,0.0,,994.3,,,,,,,,,,,,,1.565,,,,,,7.0,False,,,,,,,,,,,2026-09-29 07:00:00,,3.1,,,,336,,,,,,,0.25,,24.8,Phrae,,,,1.565,91,,,,,,,,,,,,
,,8.9,,,,,,,0.0,,995.2,,,,,,,,,,,,,1.565,,,,,,8.9,False,,,,,,,,,,,2026-09-29 08:00:00,,3.1,,,,332,,,,,,,0.25,,25.8,Phrae,,,,1.565,91,,,,,,,,,,,,
,,9.7,,,,,,,0.0,,995.9,,,,,,,,,,,,,1.565,,,,,,9.7,False,,,,,,,,,,,2026-09-29 09:00:00,,2.2,,,,305,,,,,,,0.25,,26.9,Phrae,,,,1.565,88,,,,,,,,,,,,
,,10.4,,,,,,,0.1,,995.6,,,,,,,,,,,,,1.565,,,,,,10.4,False,,,,,,,,,,,2026-09-29 10:00:00,,6.9,,,,195,,,,,,,0.25,,28.7,Phrae,,,,1.565,74,,,,,,,,,,,,
,,9.0,,,,,,,0.0,,995.6,,,,,,,,,,,,,1.565,,,,,,9.0,False,,,,,,,,,,,2026-09-29 11:00:00,,11.7,,,,197,,,,,,,0.25,,29.7,Phrae,,,,1.565,65,,,,,,,,,,,,
,,8.8,,,,,,,0.0,,994.8,,,,,,,,,,,,,1.565,,,,,,8.8,False,,,,,,,,,,,2026-09-29 12:00:00,,15.1,,,,197,,,,,,,0.25,,30.4,Phrae,,,,1.565,63,,,,,,,,,,,,
,,9.0,,,,,,,0.0,,994.5,,,,,,,,,,,,,1.565,,,,,,9.0,False,,,,,,,,,,,2026-09-29 13:00:00,,15.5,,,,205,,,,,,,0.25,,30.1,Phrae,,,,1.565,67,,,,,,,,,,,,
,,9.5,,,,,,,0.0,,993.0,,,,,,,,,,,,,1.565,,,,,,9.5,False,,,,,,,,,,,2026-09-29 14:00:00,,11.4,,,,191,,,,,,,0.25,,30.7,Phrae,,,,1.565,64,,,,,,,,,,,,
,,9.8,,,,,,,0.0,,992.1,,,,,,,,,,,,,1.565,,,,,,9.8,False,,,,,,,,,,,2026-09-29 15:00:00,,11.2,,,,196,,,,,,,0.25,,31.0,Phrae,,,,1.565,62,,,,,,,,,,,,
,,9.3,,,,,,,0.0,,991.7,,,,,,,,,,,,,1.565,,,,,,9.3,False,,,,,,,,,,,2026-09-29 16:00:00,,11.7,,,,200,,,,,,,0.25,,30.5,Phrae,,,,1.565,64,,,,,,,,,,,,
,,8.9,,,,,,,0.2,,992.3,,,,,,,,,,,,,1.565,,,,,,8.9,False,,,,,,,,,,,2026-09-29 17:00:00,,15.7,,,,243,,,,,,,0.25,,27.4,Phrae,,,,1.565,78,,,,,,,,,,,,
,,7.1,,,,,,,2.0,,992.7,,,,,,,,,,,,,1.565,,,,,,7.1,False,,,,,,,,,,,2026-09-29 18:00:00,,9.4,,,,239,,,,,,,0.25,,25.3,Phrae,,,,1.565,95,,,,,,,,,,,,
,,10.9,,,,,,,0.9,,992.6,,,,,,,,,,,,,1.565,,,,,,10.9,False,,,,,,,,,,,2026-09-29 19:00:00,,5.4,,,,250,,,,,,,0.25,,26.8,Phrae,,,,1.565,86,,,,,,,,,,,,
,,9.5,,,,,,,0.1,,993.5,,,,,,,,,,,,,1.565,,,,,,9.5,False,,,,,,,,,,,2026-09-29 20:00:00,,4.5,,,,227,,,,,,,0.25,,26.1,Phrae,,,,1.565,91,,,,,,,,,,,,
,,8.5,,,,,,,0.0,,994.5,,,,,,,,,,,,,1.565,,,,,,8.5,False,,,,,,,,,,,2026-09-29 21:00:00,,3.9,,,,227,,,,,,,0.25,,25.8,Phrae,,,,1.565,92,,,,,,,,,,,,
,,8.5,,,,,,,0.0,,995.2,,,,,,,,,,,,,1.565,,,,,,8.5,False,,,,,,,,,,,2026-09-29 22:00:00,,4.0,,,,219,,,,,,,0.25,,25.6,Phrae,,,,1.565,93,,,,,,,,,,,,
,,8.8,,,,,,,0.0,,995.3,,,,,,,,,,,,,1.565,,,,,,8.8,False,,,,,,,,,,,2026-09-29 23:00:00,,0.4,,,,117,,,,,,,0.25,,25.6,Phrae,,,,1.565,91,,,,,,,,,,,,
,,9.2,,,,,,,0.0,,995.0,,,,,,,,,,,,,1.565,,,,,,9.2,False,,,,,,,,,,,2026-09-30 00:00:00,,1.5,,,,30,,,,,,,0.25,,25.3,Phrae,,,,1.565,92,,,,,,,,,,,,
,,9.4,,,,,,,0.1,,994.8,,,,,,,,,,,,,1.565,,,,,,9.4,False,,,,,,,,,,,2026-09-30 01:00:00,,3.5,,,,305,,,,,,,0.25,,25.0,Phrae,,,,1.565,92,,,,,,,,,,,,
,,9.4,,,,,,,0.5,,994.2,,,,,,,,,,,,,1.565,,,,,,9.4,False,,,,,,,,,,,2026-09-30 02:00:00,,3.0,,,,65,,,,,,,0.25,,24.8,Phrae,,,,1.565,94,,,,,,,,,,,,
,,8.7,,,,,,,0.3,,994.2,,,,,,,,,,,,,1.565,,,,,,8.7,False,,,,,,,,,,,2026-09-30 03:00:00,,2.3,,,,176,,,,,,,0.25,,24.9,Phrae,,,,1.565,94,,,,,,,,,,,,
,,8.4,,,,,,,0.5,,994.1,,,,,,,,,,,,,1.565,,,,,,8.4,False,,,,,,,,,,,2026-09-30 04:00:00,,3.9,,,,242,,,,,,,0.25,,24.7,Phrae,,,,1.565,94,,,,,,,,,,,,
,,8.2,,,,,,,0.2,,994.3,,,,,,,,,,,,,1.565,,,,,,8.2,False,,,,,,,,,,,2026-09-30 05:00:00,,2.6,,,,196,,,,,,,0.25,,24.5,Phrae,,,,1.565,94,,,,,,,,,,,,
,,8.4,,,,,,,2.6,,994.9,,,,,,,,,,,,,1.565,,,,,,8.4,False,,,,,,,,,,,2026-09-30 06:00:00,,6.8,,,,217,,,,,,,0.25,,23.6,Phrae,,,,1.565,96,,,,,,,,,,,,
,,8.9,,,,,,,1.7,,995.4,,,,,,,,,,,,,1.565,,,,,,8.9,False,,,,,,,,,,,2026-09-30 07:00:00,,2.3,,,,198,,,,,,,0.25,,23.9,Phrae,,,,1.565,95,,,,,,,,,,,,
,,9.4,,,,,,,0.1,,996.2,,,,,,,,,,,,,1.565,,,,,,9.4,False,,,,,,,,,,,2026-09-30 08:00:00,,2.0,,,,265,,,,,,,0.25,,25.1,Phrae,,,,1.565,92,,,,,,,,,,,,
,,9.3,,,,,,,0.0,,997.0,,,,,,,,,,,,,1.565,,,,,,9.3,False,,,,,,,,,,,2026-09-30 09:00:00,,3.9,,,,254,,,,,,,0.25,,26.5,Phrae,,,,1.565,86,,,,,,,,,,,,
,,8.8,,,,,,,0.1,,996.9,,,,,,,,,,,,,1.565,,,,,,8.8,False,,,,,,,,,,,2026-09-30 10:00:00,,5.2,,,,250,,,,,,,0.25,,27.6,Phrae,,,,1.565,81,,,,,,,,,,,,
8.908333333333333,9.166666666666668,0.0,42.0,8.833333333333334,9.4,-0.3907311284892738,8.987499999999999,18.2,0.1,262.91999999999996,996.5,0.0,0.22314355131420976,3.8,-1.5999999999999996,6.0,-0.9659258262890682,-0.20129852008866114,0.0,12.0,-0.9205048534524403,10.9,-0.5,1.565,0.9419584786227329,4.120650622226242,-1.0,3.1,0.4346134936801769,,True,0.258819045102521,8.2,9.4,0.25,0.22314355131420976,0.25,0.9795299412524943,9.0,0.0,0.0,2026-09-30 11:00:00,1.565,4.1,37.56,9.3,75.11999999999999,247,17.761144119439365,-5.0,-1.8369701987210297e-16,0.26246692913372693,0.4132358756072481,8.8,0.25,0.6814888724941395,28.4,Phrae,8.8,2.8572519820430418,11.0,1.565,76,7.150595238095238,9.4,0.0,0.0,0.9419584786227329,0.22314355131420976,6.733333333333334,2026.0,0.09531017980432487,9.4,1.565,10.9
8.175,6.033333333333334,0.0,42.0,7.466666666666666,9.4,-0.5150380749100545,8.6125,18.2,0.0,262.91999999999996,995.4,0.0,0.22314355131420976,3.9,-9.0,6.0,-1.0,-0.20129852008866114,0.0,12.0,-0.8571673007021121,10.9,-8.8,1.565,0.9419584786227329,4.152297672821497,-1.0,2.7,3.35542678192937,,True,1.2246467991473532e-16,8.4,9.3,0.25,0.22314355131420976,0.25,0.9795299412524943,8.8,0.0,0.0,2026-09-30 12:00:00,1.565,4.6,37.56,8.8,75.11999999999999,239,17.761144119439365,-7.0,-1.8369701987210297e-16,4.271091455614387,2.4990414829156666,9.2,0.25,1.9207881411892709,30.0,Phrae,0.0,2.971402323959738,6.0,1.565,69,7.123809523809525,9.3,0.0,0.0,0.9419584786227329,0.22314355131420976,6.66875,2026.0,0.0,9.4,1.565,10.9
7.408333333333334,2.9333333333333336,0.0,42.0,6.066666666666667,9.4,-0.529919264233205,8.245833333333334,18.2,0.1,262.91999999999996,994.2,0.0,0.22314355131420976,3.8,-8.8,6.0,-0.9659258262890683,-0.20129852008866114,0.0,12.0,-0.848048096156426,10.9,0.0,1.565,0.9419584786227329,4.18520213969569,-1.0,2.3,4.294828932047883,,True,-0.2588190451025208,8.9,8.8,0.25,0.22314355131420976,0.25,0.9795299412524943,9.0,0.0,0.0,2026-09-30 13:00:00,1.565,6.5,37.56,0.0,75.11999999999999,238,17.761144119439365,-4.0,-1.8369701987210297e-16,4.148359782961079,3.337528609948119,9.4,0.25,2.577624741027203,30.7,Phrae,0.0,3.0699229767753673,-2.0,1.565,65,7.09404761904762,8.8,0.0,0.0,0.9419584786227329,0.22314355131420976,6.612500000000001,2026.0,0.09531017980432487,9.4,1.565,10.9
6.625,0.0,0.0,42.0,4.583333333333334,9.4,-0.5150380749100545,7.870833333333334,18.2,0.1,262.91999999999996,993.1,0.0,0.22314355131420976,3.7,-9.0,6.0,-0.8660254037844388,-0.20129852008866114,0.0,12.0,-0.8571673007021121,10.9,0.0,1.565,0.9419584786227329,4.217924133911503,-1.0,2.1,4.587089370056887,,True,-0.4999999999999997,9.4,0.0,0.25,0.22314355131420976,0.25,0.9795299412524943,9.5,0.0,0.0,2026-09-30 14:00:00,1.565,7.7,37.56,0.0,75.11999999999999,239,17.761144119439365,-1.0,-1.8369701987210297e-16,0.0,3.842986035190171,9.4,0.25,3.051704328003543,31.0,Phrae,0.0,3.1536678106170632,0.0,1.565,64,7.063690476190475,0.0,0.0,0.0,0.9419584786227329,0.22314355131420976,6.564583333333334,2026.0,0.09531017980432487,9.4,1.565,10.9
5.841666666666668,0.0,0.0,42.0,3.016666666666667,9.3,-0.544639035015027,7.4750000000000005,18.2,0.1,262.91999999999996,991.8,0.0,0.22314355131420976,3.7,-9.5,6.0,-0.7071067811865479,-0.20129852008866114,0.0,12.0,-0.838670567945424,10.9,0.0,1.565,0.9419584786227329,4.250177400592584,-1.0,1.9,4.2686518819047405,,True,-0.7071067811865471,9.3,0.0,0.25,0.22314355131420976,0.25,0.9795299412524943,9.8,0.0,0.0,2026-09-30 15:00:00,1.565,9.2,37.56,0.0,75.11999999999999,237,17.761144119439365,2.0,-1.8369701987210297e-16,0.0,4.14376204539895,8.7,0.25,3.4098203765007917,30.8,Phrae,0.0,3.2289677358079762,4.0,1.565,66,7.033333333333333,0.0,0.0,0.0,0.9419584786227329,0.22314355131420976,6.520833333333333,2026.0,0.09531017980432487,9.4,1.565,10.9
5.116666666666667,0.0,0.0,42.0,1.4666666666666668,8.8,-0.6156614753256581,7.066666666666666,18.2,0.0,262.91999999999996,991.3,0.0,0.22314355131420976,3.6,-9.8,6.0,-0.5000000000000004,-0.20129852008866114,0.0,12.0,-0.7880107536067221,10.9,0.0,1.565,0.9419584786227329,4.282230065172323,-1.0,1.9,3.279566366999692,,True,-0.8660254037844384,8.8,0.0,0.25,0.22314355131420976,0.25,0.9795299412524943,9.3,0.0,0.0,2026-09-30 16:00:00,1.565,8.5,37.56,0.0,75.11999999999999,232,17.761144119439365,2.0,-1.8369701987210297e-16,0.0,4.336825515922396,8.4,0.25,3.6828053920286847,30.5,Phrae,0.0,3.2963146245719126,4.0,1.565,68,7.002380952380953,0.0,0.0,0.0,0.9419584786227329,0.22314355131420976,6.48125,2026.0,0.0,9.4,1.565,10.9
4.416666666666667,0.0,0.0,42.0,0.0,0.0,-0.7771459614569708,6.679166666666667,18.2,0.0,262.91999999999996,991.1,0.0,0.22314355131420976,3.2,-9.3,6.0,-0.25881904510252063,-0.20129852008866114,0.0,12.0,-0.6293203910498376,10.9,0.0,1.565,0.9419584786227329,4.314059989298925,-1.0,1.8,0.0,,True,-0.9659258262890683,0.0,0.0,0.25,0.22314355131420976,0.25,0.9795299412524943,8.9,0.0,0.0,2026-09-30 17:00:00,1.565,6.3,37.56,0.0,75.11999999999999,219,17.761144119439365,3.0,-1.8369701987210297e-16,0.0,4.427345580467928,8.2,0.25,3.909707913926848,29.8,Phrae,0.0,3.361846797355419,-7.0,1.565,71,6.970833333333333,0.0,0.0,0.0,0.9419584786227329,0.22314355131420976,6.441666666666667,2026.0,0.0,9.4,1.565,10.9
3.733333333333333,0.0,0.0,42.0,0.0,0.0,-0.9612616959383189,6.308333333333334,18.2,0.0,262.91999999999996,991.3,0.0,0.22314355131420976,3.4,-8.9,6.0,-1.8369701987210297e-16,-0.20129852008866114,0.0,12.0,-0.275637355816999,10.9,0.0,1.565,0.9419584786227329,4.3460393504562616,-1.0,2.0,0.0,,True,-1.0,0.0,0.0,0.25,0.22314355131420976,0.25,0.9795299412524943,7.1,0.0,0.0,2026-09-30 18:00:00,1.565,3.2,37.56,0.0,75.11999999999999,196,17.761144119439365,10.0,-1.8369701987210297e-16,0.0,4.42348530258915,8.4,0.25,4.098975142913436,28.5,Phrae,0.0,3.4228982805349166,-14.0,1.565,81,6.9375,0.0,0.0,0.0,0.9419584786227329,0.22314355131420976,6.404166666666666,2026.0,0.0,9.4,1.565,10.9
3.0333333333333337,0.0,0.0,42.0,0.0,0.0,-0.9961946980917455,6.0125,18.2,0.0,262.91999999999996,992.3,0.0,0.22314355131420976,5.8,-7.1,6.0,0.2588190451025203,-0.20129852008866114,0.0,12.0,-0.08715574274765794,10.9,0.0,1.565,0.9419584786227329,4.378342220301259,-1.0,4.1,0.0,,True,-0.9659258262890684,0.0,0.0,0.25,0.22314355131420976,0.25,0.9795299412524943,10.9,0.0,0.0,2026-09-30 19:00:00,1.565,4.3,37.56,0.0,75.11999999999999,185,17.761144119439365,0.0,-1.8369701987210297e-16,0.0,4.292305777654813,8.9,0.25,4.283234029328773,27.7,Phrae,0.0,3.487813605971512,-5.0,1.565,81,6.892261904761905,0.0,0.0,0.0,0.9419584786227329,0.22314355131420976,6.3625,2026.0,0.0,9.4,1.565,10.9
2.291666666666667,0.0,0.0,42.0,0.0,0.0,-0.984807753012208,5.558333333333333,18.2,0.0,262.91999999999996,993.8,0.0,0.22314355131420976,5.3,-10.9,6.0,0.5000000000000001,-0.20129852008866114,0.0,12.0,-0.17364817766693047,9.5,0.0,1.565,0.9419584786227329,4.384586637965735,-1.0,3.7,0.0,,True,-0.8660254037844386,0.0,0.0,0.25,0.22314355131420976,0.25,0.9795299412524943,9.5,0.0,0.0,2026-09-30 20:00:00,1.565,4.9,37.56,0.0,75.11999999999999,190,17.761144119439365,3.0,-1.8369701987210297e-16,0.0,3.971451945517604,9.4,0.25,4.318653017885193,27.1,Phrae,0.0,3.5908587403371293,-7.0,1.565,84,6.8148809523809515,0.0,0.0,0.0,0.9419584786227329,0.22314355131420976,6.277083333333333,2026.0,0.0,9.4,1.565,10.9
1.5083333333333335,0.0,0.0,42.0,0.0,0.0,-0.9902680687415703,5.1625000000000005,18.2,0.0,262.91999999999996,995.2,0.0,0.22314355131420976,5.3,-9.5,6.0,0.7071067811865474,-0.20129852008866114,0.0,12.0,-0.13917310096006552,9.4,0.0,1.565,0.9419584786227329,4.374097534066696,-1.0,3.6,0.0,,True,-0.7071067811865477,0.0,0.0,0.25,0.22314355131420976,0.25,0.9795299412524943,8.5,0.0,0.0,2026-09-30 21:00:00,1.565,5.1,37.56,0.0,75.11999999999999,188,17.761144119439365,1.0,-1.8369701987210297e-16,0.0,3.374279758539427,9.3,0.25,4.374243982297588,26.8,Phrae,0.0,3.683861198977689,-7.0,1.565,85,6.727976190476191,0.0,0.0,0.0,0.9419584786227329,0.22314355131420976,6.2,2026.0,0.0,9.3,1.565,10.9
0.7333333333333334,0.0,0.0,42.0,0.0,0.0,-0.9986295347545738,4.808333333333334,18.2,0.0,262.91999999999996,996.0,0.0,0.22314355131420976,5.5,-8.5,6.0,0.8660254037844384,-0.20129852008866114,0.0,12.0,-0.052335956242943564,9.4,0.0,1.565,0.9419584786227329,4.343979432838647,-1.0,3.7,0.0,,True,-0.5000000000000004,0.0,0.0,0.25,0.22314355131420976,0.25,0.9795299412524943,8.5,0.0,0.0,2026-09-30 22:00:00,1.565,3.1,37.56,0.0,75.11999999999999,183,17.761144119439365,0.0,-1.8369701987210297e-16,0.0,2.432191512927293,8.8,0.25,4.433388157555749,26.5,Phrae,0.0,3.771632051689737,-8.0,1.565,85,6.632142857142857,0.0,0.0,0.0,0.9419584786227329,0.22314355131420976,6.125,2026.0,0.0,8.8,1.565,10.9
0.0,0.0,0.0,42.0,0.0,0.0,-0.8191520442889918,4.4541666666666675,18.2,0.0,262.91999999999996,995.7,0.0,0.22314355131420976,5.8,-8.5,6.0,0.9659258262890681,-0.20129852008866114,0.0,12.0,-0.5735764363510462,9.4,0.0,1.565,0.9419584786227329,4.2961300348853495,-1.0,4.0,0.0,,True,-0.25881904510252157,0.0,0.0,0.25,0.22314355131420976,0.25,0.9795299412524943,8.8,0.0,0.0,2026-09-30 23:00:00,1.565,3.5,37.56,0.0,75.11999999999999,215,17.761144119439365,3.0,-1.8369701987210297e-16,0.0,0.0,0.0,0.25,4.463740879451773,26.0,Phrae,0.0,3.8572437041306524,-3.0,1.565,88,6.529761904761905,0.0,0.0,0.0,0.9419584786227329,0.22314355131420976,6.047916666666667,2026.0,0.0,0.0,1.565,10.9
0.0,0.0,0.0,42.0,0.0,0.0,-0.981627183447664,4.0875,18.2,0.0,262.91999999999996,995.3,0.0,0.22314355131420976,5.7,-8.8,6.0,1.0,0.20129852008866006,1.565,12.0,-0.19080899537654472,9.4,0.0,1.565,0.9419584786227329,4.232719805292264,-0.8660254037844386,4.1,0.0,,True,0.0,0.0,0.0,0.25,0.22314355131420976,0.25,0.9795299412524945,9.2,0.22314355131420976,0.0,2026-10-01 00:00:00,1.565,2.8,37.56,0.0,75.11999999999999,191,17.761144119439365,1.0,0.5000000000000001,0.0,0.0,0.0,0.25,4.45311805555014,25.5,Phrae,0.0,3.942846348310937,-3.0,1.565,89,6.4226190476190474,0.0,0.25,0.0,0.9419584786227329,0.22314355131420976,5.964583333333334,2026.0,0.0,0.0,1.565,10.9
0.0,0.0,0.0,42.25,0.0,0.0,-0.90630778703665,3.704166666666667,17.6,0.0,264.485,994.9,0.0,0.22314355131420976,5.6,-9.2,6.0,0.9659258262890683,0.20129852008866006,1.565,12.0,-0.4226182617406993,9.4,0.0,1.565,0.9419584786227329,4.162220757318509,-0.8660254037844386,4.3,0.0,,True,0.25881904510252074,0.0,0.0,0.25,0.22314355131420976,0.25,0.9795299412524945,9.4,0.22314355131420976,0.0,2026-10-01 01:00:00,1.565,3.8,37.56,0.0,75.11999999999999,205,17.761144119439365,3.0,0.5000000000000001,0.0,0.0,0.0,0.25,4.392083708851136,24.8,Phrae,0.0,4.025851790477251,0.0,1.565,92,6.314285714285714,0.0,0.25,0.0,0.9419584786227329,0.22314355131420976,5.879166666666666,2026.0,0.0,0.0,1.565,10.9
0.0,0.0,0.0,42.5,0.0,0.0,-0.7986355100472928,3.3125,16.6,0.0,266.04999999999995,994.3,0.0,0.22314355131420976,5.6,-9.4,6.0,0.8660254037844387,0.20129852008866006,1.565,12.0,-0.6018150231520484,9.4,0.0,1.565,0.9419584786227329,4.097839705190176,-0.8660254037844386,4.5,0.0,,True,0.49999999999999994,0.0,0.0,0.25,0.22314355131420976,0.25,0.9795299412524945,9.4,0.22314355131420976,0.0,2026-10-01 02:00:00,1.565,3.9,37.56,0.0,75.11999999999999,217,17.761144119439365,1.0,0.5000000000000001,0.0,0.0,0.0,0.25,4.284498463453258,24.6,Phrae,0.0,4.107018362071064,-1.0,1.565,93,6.20952380952381,0.0,0.25,0.0,0.9419584786227329,0.22314355131420976,5.789583333333333,2026.0,0.0,0.0,1.565,10.9
0.0,0.0,0.0,42.75,0.0,0.0,-0.8290375725550418,2.920833333333334,15.7,0.0,267.615,993.9,0.0,0.22314355131420976,5.6,-9.4,6.0,0.7071067811865476,0.20129852008866006,1.565,12.0,-0.5591929034707467,9.4,0.0,1.565,0.9419584786227329,4.0459126304958,-0.8660254037844386,4.9,0.0,,True,0.7071067811865475,0.0,0.0,0.25,0.22314355131420976,0.25,0.9795299412524945,8.7,0.22314355131420976,0.0,2026-10-01 03:00:00,1.565,1.9,37.56,0.0,75.11999999999999,214,17.761144119439365,0.0,0.5000000000000001,0.0,0.0,0.0,0.25,4.137227248478811,24.5,Phrae,0.0,4.185986459472712,-1.0,1.565,93,6.110714285714285,0.0,0.25,0.0,0.9419584786227329,0.22314355131420976,5.695833333333334,2026.0,0.0,0.0,1.565,10.9
0.0,0.0,0.0,43.0,0.0,0.0,-0.9271838545667874,2.5583333333333336,15.7,0.0,269.17999999999995,993.8,0.0,0.22314355131420976,5.8,-8.7,6.0,0.5000000000000001,0.20129852008866006,1.565,12.0,-0.374606593415912,9.4,0.0,1.565,0.9419584786227329,4.004446888621056,-0.8660254037844386,5.7,0.0,,True,0.8660254037844386,0.0,0.0,0.25,0.22314355131420976,0.25,0.9795299412524945,8.4,0.22314355131420976,0.0,2026-10-01 04:00:00,1.565,1.0,37.56,0.0,75.11999999999999,202,17.761144119439365,0.0,0.5000000000000001,0.0,0.0,0.0,0.25,3.9936320839834782,24.3,Phrae,0.0,4.263185734185958,-1.0,1.565,93,6.017261904761905,0.0,0.25,0.0,0.9419584786227329,0.22314355131420976,5.59375,2026.0,0.0,0.0,1.565,10.9
0.0,0.0,0.0,43.25,0.0,0.0,-0.9510565162951536,2.2083333333333335,15.7,0.0,270.745,993.9,0.0,0.22314355131420976,6.1,-8.4,6.0,0.25881904510252074,0.20129852008866006,1.565,12.0,-0.3090169943749473,9.4,0.0,1.565,0.9419584786227329,3.9755616393963074,-0.8660254037844386,5.6,0.0,,True,0.9659258262890683,0.0,0.0,0.25,0.22314355131420976,0.25,0.9795299412524945,8.2,0.22314355131420976,0.0,2026-10-01 05:00:00,1.565,0.6,37.56,0.0,75.11999999999999,198,17.761144119439365,1.0,0.5000000000000001,0.0,0.0,0.0,0.25,3.831113487689389,24.0,Phrae,0.0,4.337313876890473,0.0,1.565,94,5.930357142857143,0.0,0.25,0.0,0.9419584786227329,0.22314355131420976,5.4750000000000005,2026.0,0.0,0.0,1.565,10.9
0.0,0.0,0.0,43.5,0.0,0.0,6.123233995736766e-17,1.8666666666666665,15.7,0.0,272.30999999999995,994.3,0.0,0.22314355131420976,6.2,-8.2,6.0,6.123233995736766e-17,0.20129852008866006,1.565,12.0,1.0,9.4,0.0,1.565,0.9419584786227329,3.9497114747949613,-0.8660254037844386,5.5,0.0,,True,1.0,0.0,0.0,0.25,0.22314355131420976,0.25,0.9795299412524945,8.4,0.22314355131420976,0.0,2026-10-01 06:00:00,1.565,0.2,37.56,0.0,75.11999999999999,90,17.761144119439365,2.0,0.5000000000000001,0.0,0.0,0.0,0.25,3.6425342216039036,23.6,Phrae,0.0,4.407135943242756,0.0,1.565,96,5.845833333333333,0.0,0.25,0.0,0.9419584786227329,0.22314355131420976,5.358333333333333,2026.0,0.0,0.0,1.565,10.9
0.0,0.0,0.0,43.75,0.0,0.0,-0.9876883405951377,1.5166666666666668,15.7,0.0,273.875,995.2,0.0,0.22314355131420976,2.6,-8.4,6.0,-0.25881904510252063,0.20129852008866006,1.565,12.0,0.15643446504023098,9.4,0.0,1.565,0.9419584786227329,3.920581160064546,-0.8660254037844386,7.0,0.0,,True,0.9659258262890683,0.0,0.0,0.25,0.22314355131420976,0.25,0.9795299412524945,8.9,0.22314355131420976,0.0,2026-10-01 07:00:00,1.565,1.1,37.56,0.0,75.11999999999999,171,17.761144119439365,1.0,0.5000000000000001,0.0,0.0,0.0,0.25,3.392966581359478,24.0,Phrae,0.0,4.472970035390356,2.0,1.565,97,5.760714285714285,0.0,0.25,0.0,0.9419584786227329,0.22314355131420976,5.2437499999999995,2026.0,0.0,0.0,1.565,10.9
0.0,0.0,0.0,44.0,0.0,0.0,0.559192903470747,1.1458333333333335,15.7,0.0,275.44,996.3,0.0,0.22314355131420976,4.0,-8.9,6.0,-0.4999999999999998,0.20129852008866006,1.565,12.0,-0.8290375725550416,9.4,0.0,1.565,0.9419584786227329,3.919281042345508,-0.8660254037844386,8.9,0.0,,True,0.8660254037844387,0.0,0.0,0.25,0.22314355131420976,0.25,0.9795299412524945,9.4,0.22314355131420976,0.0,2026-10-01 08:00:00,1.565,1.9,37.56,0.0,75.11999999999999,304,17.761144119439365,-9.0,0.5000000000000001,0.0,0.0,0.0,0.25,3.0330099415523772,26.1,Phrae,0.0,4.527116888969059,-4.0,1.565,88,5.691666666666667,0.0,0.25,0.0,0.9419584786227329,0.22314355131420976,5.097916666666666,2026.0,0.0,0.0,1.565,10.9
0.0,0.0,0.0,44.25,0.0,0.0,-0.1908089953765446,0.7541666666666668,15.7,0.0,277.005,996.9,0.0,0.22314355131420976,4.4,-9.4,6.0,-0.7071067811865475,0.20129852008866006,1.565,12.0,-0.981627183447664,9.3,0.0,1.565,0.9419584786227329,3.914915660119684,-0.8660254037844386,9.7,0.0,,True,0.7071067811865476,0.0,0.0,0.25,0.22314355131420976,0.25,0.9795299412524945,9.3,0.22314355131420976,0.0,2026-10-01 09:00:00,1.565,1.8,37.56,0.0,75.11999999999999,259,17.761144119439365,-9.0,0.5000000000000001,0.0,0.0,0.0,0.25,2.502328776471141,27.9,Phrae,0.0,4.549799675077281,-7.0,1.565,79,5.621428571428572,0.0,0.25,0.0,0.9419584786227329,0.22314355131420976,4.9125000000000005,2026.0,0.0,0.0,1.565,10.9
0.0,0.0,0.0,44.5,0.0,0.0,0.2756373558169994,0.3666666666666667,15.7,0.0,278.57,997.0,0.0,0.22314355131420976,3.4,-9.3,6.0,-0.8660254037844387,0.20129852008866006,1.565,12.0,-0.9612616959383188,8.8,0.0,1.565,0.9419584786227329,3.906359238835372,-0.8660254037844386,10.4,0.0,,True,0.49999999999999994,0.0,0.0,0.25,0.22314355131420976,0.25,0.9795299412524945,8.8,0.22314355131420976,0.0,2026-10-01 10:00:00,1.565,3.2,37.56,0.0,75.11999999999999,286,17.761144119439365,-4.0,0.5000000000000001,0.0,0.0,0.0,0.25,1.7584715585479973,28.7,Phrae,0.0,4.548087491065766,-6.0,1.565,75,5.5494047619047615,0.0,0.25,0.0,0.9419584786227329,0.22314355131420976,4.710416666666667,2026.0,0.0,0.0,1.565,10.9
0.0,0.0,0.0,44.75,0.0,0.0,0.2588190451025203,0.0,15.7,0.0,280.135,996.6,0.0,0.22314355131420976,3.1,-8.8,6.0,-0.9659258262890682,0.20129852008866006,1.565,12.0,-0.9659258262890684,0.0,0.0,1.565,0.9419584786227329,3.9040473721964157,-0.8660254037844386,9.0,0.0,,True,0.258819045102521,0.0,0.0,0.25,0.22314355131420976,0.25,0.9795299412524945,0.0,0.22314355131420976,0.0,2026-10-01 11:00:00,1.565,4.8,37.56,0.0,75.11999999999999,285,17.761144119439365,-2.0,0.5000000000000001,0.0,0.0,0.0,0.25,0.0,29.6,Phrae,0.0,4.519513536230052,-3.0,1.565,73,5.482142857142857,0.0,0.25,0.0,0.9419584786227329,0.22314355131420976,4.4937499999999995,2026.0,0.0,0.0,1.565,10.9
0.0,0.0,0.0,45.0,0.0,0.0,-0.2079116908177598,0.0,15.7,0.0,281.7,995.6,0.0,0.22314355131420976,2.7,0.0,6.0,-1.0,0.20129852008866006,1.565,12.0,-0.9781476007338056,0.0,0.0,1.565,0.9419584786227329,3.9129591929499608,-0.8660254037844386,8.8,0.0,,True,1.2246467991473532e-16,0.0,0.0,0.25,0.22314355131420976,0.25,0.9795299412524945,0.0,0.22314355131420976,0.0,2026-10-01 12:00:00,1.565,4.4,37.56,0.0,75.11999999999999,258,17.761144119439365,-3.0,0.5000000000000001,0.0,0.0,0.0,0.25,0.0,30.4,Phrae,0.0,4.515362953757612,1.0,1.565,70,5.424404761904762,0.0,0.25,0.0,0.9419584786227329,0.22314355131420976,4.30625,2026.0,0.0,0.0,1.565,10.9
0.0,0.0,0.0,45.25,0.0,0.0,-0.6560590289905073,0.0,15.7,0.0,283.265,994.4,0.0,0.22314355131420976,2.3,0.0,6.0,-0.9659258262890683,0.20129852008866006,1.565,12.0,-0.754709580222772,0.0,0.0,1.565,0.9419584786227329,3.9282553534466276,-0.8660254037844386,9.0,0.0,,True,-0.2588190451025208,0.0,0.0,0.25,0.22314355131420976,0.25,0.9795299412524945,0.0,0.22314355131420976,0.0,2026-10-01 13:00:00,1.565,5.5,37.56,0.0,75.11999999999999,229,17.761144119439365,-1.0,0.5000000000000001,0.0,0.0,0.0,0.25,0.0,30.9,Phrae,0.0,4.5078283566541835,4.0,1.565,69,5.374404761904763,0.0,0.25,0.0,0.9419584786227329,0.22314355131420976,4.122916666666667,2026.0,0.0,0.0,1.565,10.9
0.0,0.0,0.0,45.5,0.0,0.0,-0.8746197071393959,0.0,15.7,0.0,284.83,993.1,0.0,0.22314355131420976,2.1,0.0,6.0,-0.8660254037844388,0.20129852008866006,1.565,12.0,-0.48480962024633695,0.0,0.0,1.565,0.9419584786227329,3.9433148673238287,-0.8660254037844386,9.5,0.0,,True,-0.4999999999999997,0.0,0.0,0.25,0.22314355131420976,0.25,0.9795299412524945,0.0,0.22314355131420976,0.0,2026-10-01 14:00:00,1.565,5.6,37.56,0.0,75.11999999999999,209,17.761144119439365,-1.0,0.5000000000000001,0.0,0.0,0.0,0.25,0.0,31.4,Phrae,0.0,4.488201643537817,4.0,1.565,68,5.325,0.0,0.25,0.0,0.9419584786227329,0.22314355131420976,3.935416666666667,2026.0,0.0,0.0,1.565,10.9
0.0,0.0,0.0,45.75,0.0,0.0,-0.8290375725550418,0.0,15.7,0.0,286.395,991.8,0.0,0.22314355131420976,1.9,0.0,6.0,-0.7071067811865479,0.20129852008866006,1.565,12.0,-0.5591929034707467,0.0,0.0,1.565,0.9419584786227329,3.9577004058966447,-0.8660254037844386,9.8,0.0,,True,-0.7071067811865471,0.0,0.0,0.25,0.22314355131420976,0.25,0.9795299412524945,0.0,0.22314355131420976,0.0,2026-10-01 15:00:00,1.565,4.5,37.56,0.0,75.11999999999999,214,17.761144119439365,-3.0,0.5000000000000001,0.0,0.0,0.0,0.25,0.0,31.6,Phrae,0.0,4.447734676214399,-1.0,1.565,65,5.275595238095238,0.0,0.25,0.0,0.9419584786227329,0.22314355131420976,3.7375000000000003,2026.0,0.0,0.0,1.565,10.9
0.0,0.0,0.0,46.0,0.0,0.0,-0.5150380749100545,0.0,15.7,0.0,287.96,990.9,0.0,0.22314355131420976,1.9,0.0,6.0,-0.5000000000000004,0.20129852008866006,1.565,12.0,-0.8571673007021121,0.0,0.0,1.565,0.9419584786227329,3.9727333398944986,-0.8660254037844386,9.3,0.0,,True,-0.8660254037844384,0.0,0.0,0.25,0.22314355131420976,0.25,0.9795299412524945,0.0,0.22314355131420976,0.0,2026-10-01 16:00:00,1.565,6.9,37.56,0.0,75.11999999999999,239,17.761144119439365,-2.0,0.5000000000000001,0.0,0.0,0.0,0.25,0.0,31.7,Phrae,0.0,4.389302019936909,-5.0,1.565,63,5.227976190476191,0.0,0.25,0.0,0.9419584786227329,0.22314355131420976,3.533333333333333,2026.0,0.0,0.0,1.565,10.9
0.0,0.0,0.0,46.25,0.0,0.0,-0.5000000000000004,0.0,15.7,0.0,289.525,990.7,0.0,0.22314355131420976,1.8,0.0,6.0,-0.25881904510252063,0.20129852008866006,1.565,12.0,-0.8660254037844384,0.0,0.0,1.565,0.9419584786227329,3.98755433432085,-0.8660254037844386,8.9,0.0,,True,-0.9659258262890683,0.0,0.0,0.25,0.22314355131420976,0.25,0.9795299412524945,0.0,0.22314355131420976,0.0,2026-10-01 17:00:00,1.565,5.8,37.56,0.0,75.11999999999999,240,17.761144119439365,8.0,0.5000000000000001,0.0,0.0,0.0,0.25,0.0,30.8,Phrae,0.0,4.335403652070807,0.0,1.565,71,5.180952380952381,0.0,0.25,0.0,0.9419584786227329,0.22314355131420976,3.3395833333333336,2026.0,0.0,0.0,1.565,10.9
0.0,0.0,0.0,46.5,0.0,0.0,-0.9563047559630354,0.0,15.7,0.0,291.09,991.7,0.0,0.22314355131420976,2.0,0.0,6.0,-1.8369701987210297e-16,0.20129852008866006,1.565,12.0,-0.29237170472273677,0.0,0.0,1.565,0.9419584786227329,4.001348978881204,-0.8660254037844386,7.1,0.0,,True,-1.0,0.0,0.0,0.25,0.22314355131420976,0.25,0.9795299412524945,0.0,0.22314355131420976,0.0,2026-10-01 18:00:00,1.565,4.3,37.56,0.0,75.11999999999999,197,17.761144119439365,6.0,0.5000000000000001,0.0,0.0,0.0,0.25,0.0,29.5,Phrae,0.0,4.28363933731847,-4.0,1.565,77,5.133333333333333,0.0,0.25,0.0,0.9419584786227329,0.22314355131420976,3.154166666666667,2026.0,0.0,0.0,1.565,10.9
0.0,0.0,0.0,46.75,0.0,0.0,-0.9975640502598242,0.0,15.7,0.0,292.655,992.7,0.0,0.22314355131420976,4.1,0.0,6.0,0.2588190451025203,0.20129852008866006,1.565,12.0,-0.06975647374412527,0.0,0.0,1.565,0.9419584786227329,4.008267391653555,-0.8660254037844386,10.9,0.0,,True,-0.9659258262890684,0.0,0.0,0.25,0.22314355131420976,0.25,0.9795299412524945,0.0,0.22314355131420976,0.0,2026-10-01 19:00:00,1.565,5.6,37.56,0.0,75.11999999999999,184,17.761144119439365,3.0,0.5000000000000001,0.0,0.0,0.0,0.25,0.0,28.5,Phrae,0.0,4.267386312193917,-1.0,1.565,80,5.078571428571429,0.0,0.25,0.0,0.9419584786227329,0.22314355131420976,3.00625,2026.0,0.0,0.0,1.565,10.9
0.0,0.0,0.0,47.0,0.0,0.0,-0.9945218953682733,0.0,15.7,0.0,294.21999999999997,994.1,0.0,0.22314355131420976,3.7,0.0,6.0,0.5000000000000001,0.20129852008866006,1.565,12.0,0.10452846326765373,0.0,0.0,1.565,0.9419584786227329,3.982341264898499,-0.8660254037844386,9.5,0.0,,True,-0.8660254037844386,0.0,0.0,0.25,0.22314355131420976,0.25,0.9795299412524945,0.0,0.22314355131420976,0.0,2026-10-01 20:00:00,1.565,5.6,37.56,0.0,75.11999999999999,174,17.761144119439365,3.0,0.5000000000000001,0.0,0.0,0.0,0.25,0.0,27.8,Phrae,0.0,4.129061552647957,-1.0,1.565,83,5.002380952380953,0.0,0.25,0.0,0.9419584786227329,0.22314355131420976,2.7791666666666663,2026.0,0.0,0.0,1.565,9.5
0.0,0.0,0.0,47.25,0.0,0.0,-0.90630778703665,0.0,15.7,0.0,295.78499999999997,995.4,0.0,0.22314355131420976,3.6,0.0,6.0,0.7071067811865474,0.20129852008866006,1.565,12.0,-0.4226182617406993,0.0,0.0,1.565,0.9419584786227329,3.9499131710655258,-0.8660254037844386,8.5,0.0,,True,-0.7071067811865477,0.0,0.0,0.25,0.22314355131420976,0.25,0.9795299412524945,0.0,0.22314355131420976,0.0,2026-10-01 21:00:00,1.565,6.0,37.56,0.0,75.11999999999999,205,17.761144119439365,1.0,0.5000000000000001,0.0,0.0,0.0,0.25,0.0,27.3,Phrae,0.0,4.028629639323194,-1.0,1.565,84,4.923809523809524,0.0,0.25,0.0,0.9419584786227329,0.22314355131420976,2.5812500000000003,2026.0,0.0,0.0,1.565,9.4
0.0,0.0,0.0,47.5,0.0,0.0,-0.9961946980917455,0.0,15.7,0.0,297.34999999999997,995.8,0.0,0.22314355131420976,3.7,0.0,6.0,0.8660254037844384,0.20129852008866006,1.565,12.0,-0.08715574274765794,0.0,0.0,1.565,0.9419584786227329,3.906364318055108,-0.8660254037844386,8.5,0.0,,True,-0.5000000000000004,0.0,0.0,0.25,0.22314355131420976,0.25,0.9795299412524945,0.0,0.22314355131420976,0.0,2026-10-01 22:00:00,1.565,4.0,37.56,0.0,75.11999999999999,185,17.761144119439365,3.0,0.5000000000000001,0.0,0.0,0.0,0.25,0.0,26.8,Phrae,0.0,3.9506306634370274,2.0,1.565,87,4.8410714285714285,0.0,0.25,0.0,0.9419584786227329,0.22314355131420976,2.404166666666667,2026.0,0.0,0.0,1.565,9.4
0.0,0.0,0.0,47.75,0.0,0.0,-0.9563047559630355,0.0,15.7,0.0,298.91499999999996,995.8,0.0,0.22314355131420976,4.0,0.0,6.0,0.9659258262890681,0.20129852008866006,1.565,12.0,0.2923717047227366,0.0,0.0,1.565,0.9419584786227329,3.8472149109273417,-0.8660254037844386,8.8,0.0,,True,-0.25881904510252157,0.0,0.0,0.25,0.22314355131420976,0.25,0.9795299412524945,0.0,0.22314355131420976,0.0,2026-10-01 23:00:00,1.565,3.8,37.56,0.0,75.11999999999999,163,17.761144119439365,0.0,0.5000000000000001,0.0,0.0,0.0,0.25,0.0,26.5,Phrae,0.0,3.8629511378032673,-1.0,1.565,87,4.752976190476191,0.0,0.25,0.0,0.9419584786227329,0.22314355131420976,2.2270833333333337,2026.0,0.0,0.0,1.565,9.4
0.0,0.0,0.0,48.0,0.0,0.0,-0.992546151641322,0.0,15.7,0.0,300.48,995.3,0.0,0.22314355131420976,4.1,0.0,6.0,1.0,0.39435585511331855,1.565,12.0,0.12186934340514755,0.0,0.0,1.565,0.9419584786227329,3.7735299205418382,-0.8660254037844386,9.2,0.0,,True,0.0,0.0,0.0,0.25,0.22314355131420976,0.25,0.9189578116202306,0.0,0.22314355131420976,0.0,2026-10-02 00:00:00,1.565,3.1,37.56,0.0,75.11999999999999,173,17.761144119439365,2.0,0.5000000000000001,0.0,0.0,0.0,0.25,0.0,26.1,Phrae,0.0,3.7539371692708623,0.0,1.565,89,4.660714285714286,0.0,0.25,0.0,0.9419584786227329,0.22314355131420976,2.04375,2026.0,0.0,0.0,1.565,9.4
0.0,0.0,0.0,47.25,0.0,0.0,-0.9702957262759965,0.0,14.2,0.0,295.78499999999997,994.4,0.0,0.22314355131420976,4.3,0.0,6.0,0.9659258262890683,0.39435585511331855,1.565,12.0,-0.2419218955996675,0.0,0.0,1.565,0.9419584786227329,3.6925197395063427,-0.8660254037844386,9.4,0.0,,True,0.25881904510252074,0.0,0.0,0.25,0.22314355131420976,0.25,0.9189578116202306,0.0,0.22314355131420976,0.0,2026-10-02 01:00:00,1.565,1.5,37.56,0.0,75.11999999999999,194,17.761144119439365,1.0,0.5000000000000001,0.0,0.0,0.0,0.25,0.0,25.8,Phrae,0.0,3.6159939610553673,-2.0,1.565,90,4.567261904761905,0.0,0.25,0.0,0.9419584786227329,0.22314355131420976,1.8520833333333335,2026.0,0.0,0.0,1.565,9.4
0.0,0.0,0.0,46.5,0.0,0.0,-0.9271838545667874,0.0,12.3,0.0,291.09,993.9,0.0,0.22314355131420976,4.5,0.0,6.0,0.8660254037844387,0.39435585511331855,1.565,12.0,-0.374606593415912,0.0,0.0,1.565,0.9419584786227329,3.6330984582854855,-0.8660254037844386,9.4,0.0,,True,0.49999999999999994,0.0,0.0,0.25,0.22314355131420976,0.25,0.9189578116202306,0.0,0.22314355131420976,0.0,2026-10-02 02:00:00,1.565,1.9,37.56,0.0,75.11999999999999,202,17.761144119439365,1.0,0.5000000000000001,0.0,0.0,0.0,0.25,0.0,25.4,Phrae,0.0,3.4527710037253656,-2.0,1.565,91,4.482738095238095,0.0,0.25,0.0,0.9419584786227329,0.22314355131420976,1.65625,2026.0,0.0,0.0,1.565,9.4
0.0,0.0,0.0,45.75,0.0,0.0,-0.9702957262759965,0.0,12.3,0.0,286.395,993.9,0.0,0.22314355131420976,4.9,0.0,6.0,0.7071067811865476,0.39435585511331855,1.565,12.0,-0.2419218955996675,0.0,0.0,1.565,0.9419584786227329,3.601174340774557,-0.8660254037844386,8.7,0.0,,True,0.7071067811865475,0.0,0.0,0.25,0.22314355131420976,0.25,0.9189578116202306,0.0,0.22314355131420976,0.0,2026-10-02 03:00:00,1.565,2.2,37.56,0.0,75.11999999999999,194,17.761144119439365,1.0,0.5000000000000001,0.0,0.0,0.0,0.25,0.0,25.1,Phrae,0.0,3.2697311040902974,-1.0,1.565,92,4.410714285714286,0.0,0.25,0.0,0.9419584786227329,0.22314355131420976,1.460416666666667,2026.0,0.0,0.0,1.565,9.4
0.0,0.0,0.0,45.0,0.0,0.0,-0.9455185755993167,0.0,12.3,0.0,281.7,993.6,0.0,0.22314355131420976,5.7,0.0,6.0,0.5000000000000001,0.39435585511331855,1.565,12.0,-0.32556815445715676,0.0,0.0,1.565,0.9419584786227329,3.578469052491189,-0.8660254037844386,8.4,0.0,,True,0.8660254037844386,0.0,0.0,0.25,0.22314355131420976,0.25,0.9189578116202306,0.0,0.22314355131420976,0.0,2026-10-02 04:00:00,1.565,3.2,37.56,0.0,75.11999999999999,199,17.761144119439365,1.0,0.5000000000000001,0.0,0.0,0.0,0.25,0.0,24.8,Phrae,0.0,3.1001316056293837,0.0,1.565,93,4.344047619047619,0.0,0.25,0.0,0.9419584786227329,0.22314355131420976,1.2791666666666668,2026.0,0.0,0.0,1.565,9.4
0.0,0.0,0.0,44.25,0.0,0.0,-0.7547095802227721,0.0,12.3,0.0,277.005,994.0,0.0,0.22314355131420976,5.6,0.0,6.0,0.25881904510252074,0.39435585511331855,1.565,12.0,-0.656059028990507,0.0,0.0,1.565,0.9419584786227329,3.5630932493272414,-0.8660254037844386,8.2,0.0,,True,0.9659258262890683,0.0,0.0,0.25,0.22314355131420976,0.25,0.9189578116202306,0.0,0.22314355131420976,0.0,2026-10-02 05:00:00,1.565,3.3,37.56,0.0,75.11999999999999,221,17.761144119439365,1.0,0.5000000000000001,0.0,0.0,0.0,0.25,0.0,24.5,Phrae,0.0,2.9253887443475874,0.0,1.565,94,4.2821428571428575,0.0,0.25,0.0,0.9419584786227329,0.22314355131420976,1.1041666666666667,2026.0,0.0,0.0,1.565,9.4
0.0,0.0,0.0,43.5,0.0,0.0,-0.7986355100472928,0.0,12.3,0.0,272.30999999999995,994.8,0.0,0.22314355131420976,5.5,0.0,6.0,6.123233995736766e-17,0.39435585511331855,1.565,12.0,-0.6018150231520484,0.0,0.0,1.565,0.9419584786227329,3.562468920181092,-0.8660254037844386,8.4,0.0,,True,1.0,0.0,0.0,0.25,0.22314355131420976,0.25,0.9189578116202306,0.0,0.22314355131420976,0.0,2026-10-02 06:00:00,1.565,3.6,37.56,0.0,75.11999999999999,217,17.761144119439365,1.0,0.5000000000000001,0.0,0.0,0.0,0.25,0.0,24.3,Phrae,0.0,2.739550855320793,-1.0,1.565,95,4.230952380952381,0.0,0.25,0.0,0.9419584786227329,0.22314355131420976,0.9333333333333332,2026.0,0.0,0.0,1.565,9.4
0.0,0.0,0.0,42.75,0.0,0.0,-0.6560590289905073,0.0,12.3,0.0,267.61499999999995,995.8,0.0,0.22314355131420976,7.0,0.0,6.0,-0.25881904510252063,0.39435585511331855,1.565,12.0,-0.754709580222772,0.0,0.0,1.565,0.9419584786227329,3.572094729539339,-0.8660254037844386,8.9,0.0,,True,0.9659258262890683,0.0,0.0,0.25,0.22314355131420976,0.25,0.9189578116202306,0.0,0.22314355131420976,0.0,2026-10-02 07:00:00,1.565,5.7,37.56,0.0,75.11999999999999,229,17.761144119439365,-2.0,0.5000000000000001,0.0,0.0,0.0,0.25,0.0,25.4,Phrae,0.0,2.516183728497495,-4.0,1.565,93,4.191071428571429,0.0,0.25,0.0,0.9419584786227329,0.22314355131420976,0.7583333333333334,2026.0,0.0,0.0,1.565,9.4
0.0,0.0,0.0,42.0,0.0,0.0,-0.766044443118978,0.0,12.3,0.0,262.91999999999996,996.9,0.0,0.22314355131420976,8.9,0.0,6.0,-0.4999999999999998,0.39435585511331855,1.565,12.0,-0.6427876096865393,0.0,0.0,1.565,0.9419584786227329,3.584649339106092,-0.8660254037844386,9.4,0.0,,True,0.8660254037844387,0.0,0.0,0.25,0.22314355131420976,0.25,0.9189578116202306,0.0,0.22314355131420976,0.0,2026-10-02 08:00:00,1.565,7.3,37.56,0.0,75.11999999999999,220,17.761144119439365,-6.0,0.5000000000000001,0.0,0.0,0.0,0.25,0.0,26.9,Phrae,0.0,2.2198666986380564,-1.0,1.565,87,4.1571428571428575,0.0,0.25,0.0,0.9419584786227329,0.22314355131420976,0.5729166666666667,2026.0,0.0,0.0,1.565,9.4
0.0,0.0,0.0,41.25,0.0,0.0,-0.7193398003386511,0.0,12.3,0.1,258.22499999999997,997.5,0.0,0.22314355131420976,9.7,0.0,6.0,-0.7071067811865475,0.39435585511331855,1.565,12.0,-0.6946583704589974,0.0,0.0,1.565,0.9419584786227329,3.5933966724662625,-0.8660254037844386,9.3,0.0,,True,0.7071067811865476,0.0,0.0,0.25,0.22314355131420976,0.25,0.9189578116202306,0.0,0.22314355131420976,0.0,2026-10-02 09:00:00,1.565,7.3,37.56,0.0,75.11999999999999,224,17.761144119439365,-7.0,0.5000000000000001,0.0,0.0,0.0,0.25,0.0,28.2,Phrae,0.0,1.8091480019764983,1.0,1.565,80,4.1172619047619055,0.0,0.25,0.0,0.9419584786227329,0.22314355131420976,0.3770833333333334,2026.0,0.09531017980432487,0.0,1.565,9.3
0.0,0.0,0.0,40.5,0.0,0.0,-0.6819983600624986,0.0,12.3,0.2,253.52999999999997,997.6,0.0,0.22314355131420976,10.4,0.0,6.0,-0.8660254037844387,0.39435585511331855,1.565,12.0,-0.7313537016191705,0.0,0.0,1.565,0.9419584786227329,3.598780185126855,-0.8660254037844386,8.8,0.0,,True,0.49999999999999994,0.0,0.0,0.25,0.22314355131420976,0.25,0.9189578116202306,0.0,0.22314355131420976,0.0,2026-10-02 10:00:00,1.565,6.4,37.56,0.0,75.11999999999999,227,17.761144119439365,-4.0,0.5000000000000001,0.0,0.0,0.0,0.25,0.0,29.4,Phrae,0.0,1.256870010073525,1.0,1.565,76,4.0738095238095235,0.0,0.25,0.0,0.9419584786227329,0.22314355131420976,0.18333333333333335,2026.0,0.18232155679395462,0.0,1.565,8.8
0.0,0.0,0.0,39.75,0.0,0.0,-0.766044443118978,0.0,12.3,0.2,248.83499999999995,997.1,0.0,0.22314355131420976,9.0,0.0,6.0,-0.9659258262890682,0.39435585511331855,1.565,12.0,-0.6427876096865393,0.0,0.0,1.565,0.9419584786227329,3.6078170044245548,-0.8660254037844386,0.0,0.0,,True,0.258819045102521,0.0,0.0,0.25,0.22314355131420976,0.25,0.9189578116202306,0.0,0.22314355131420976,0.0,2026-10-02 11:00:00,1.565,5.4,37.56,0.0,75.11999999999999,220,17.761144119439365,-3.0,0.5000000000000001,0.0,0.0,0.0,0.25,0.0,30.3,Phrae,0.0,0.0,0.0,1.565,73,4.035714285714286,0.0,0.25,0.0,0.9419584786227329,0.22314355131420976,0.0,2026.0,0.18232155679395462,0.0,1.565,0.0
0.0,0.0,0.0,39.0,0.0,0.0,-0.6946583704589973,0.0,12.3,0.1,244.13999999999996,996.0,0.0,0.22314355131420976,8.8,0.0,6.0,-1.0,0.39435585511331855,1.565,12.0,-0.7193398003386512,0.0,0.0,1.565,0.9419584786227329,3.620341051760975,-0.8660254037844386,0.0,0.0,,True,1.2246467991473532e-16,0.0,0.0,0.25,0.22314355131420976,0.25,0.9189578116202306,0.0,0.22314355131420976,0.0,2026-10-02 12:00:00,1.565,5.5,37.56,0.0,75.11999999999999,226,17.761144119439365,-1.0,0.5000000000000001,0.0,0.0,0.0,0.25,0.0,30.8,Phrae,0.0,0.0,2.0,1.565,72,4.005952380952381,0.0,0.25,0.0,0.9419584786227329,0.22314355131420976,0.0,2026.0,0.09531017980432487,0.0,1.565,0.0
0.0,0.0,0.0,38.25,0.0,0.0,-0.9975640502598242,0.0,12.3,0.3,239.44499999999996,994.5,0.0,0.22314355131420976,9.0,0.0,6.0,-0.9659258262890683,0.39435585511331855,1.565,12.0,-0.06975647374412527,0.0,0.0,1.565,0.9419584786227329,3.6334314331760598,-0.8660254037844386,0.0,0.0,,True,-0.2588190451025208,0.0,0.0,0.25,0.22314355131420976,0.25,0.9189578116202306,0.0,0.22314355131420976,0.0,2026-10-02 13:00:00,1.565,5.1,37.56,0.0,75.11999999999999,184,17.761144119439365,3.0,0.5000000000000001,0.0,0.0,0.0,0.25,0.0,30.3,Phrae,0.0,0.0,6.0,1.565,75,3.982142857142857,0.0,0.25,0.0,0.9419584786227329,0.22314355131420976,0.0,2026.0,0.26236426446749106,0.0,1.565,0.0
0.0,0.0,0.0,37.5,0.0,0.0,-0.4539904997395467,0.0,12.3,0.3,234.74999999999994,993.5,0.0,0.22314355131420976,9.5,0.0,6.0,-0.8660254037844388,0.39435585511331855,1.565,12.0,0.8910065241883679,0.0,0.0,1.565,0.9419584786227329,3.6459646234863943,-0.8660254037844386,0.0,0.0,,True,-0.4999999999999997,0.0,0.0,0.25,0.22314355131420976,0.25,0.9189578116202306,0.0,0.22314355131420976,0.0,2026-10-02 14:00:00,1.565,1.2,37.56,0.0,75.11999999999999,117,17.761144119439365,2.0,0.5000000000000001,0.0,0.0,0.0,0.25,0.0,30.0,Phrae,0.0,0.0,9.0,1.565,77,3.9625000000000004,0.0,0.25,0.0,0.9419584786227329,0.22314355131420976,0.0,2026.0,0.26236426446749106,0.0,1.565,0.0
0.0,0.0,0.0,36.75,0.0,0.0,0.43837114678907746,0.0,12.3,0.2,230.05499999999995,992.5,0.0,0.22314355131420976,9.8,0.0,6.0,-0.7071067811865479,0.39435585511331855,1.565,12.0,0.898794046299167,0.0,0.0,1.565,0.9419584786227329,3.658107472921854,-0.8660254037844386,0.0,0.0,,True,-0.7071067811865471,0.0,0.0,0.25,0.22314355131420976,0.25,0.9189578116202306,0.0,0.22314355131420976,0.0,2026-10-02 15:00:00,1.565,5.8,37.56,0.0,75.11999999999999,64,17.761144119439365,5.0,0.5000000000000001,0.0,0.0,0.0,0.25,0.0,28.8,Phrae,0.0,0.0,17.0,1.565,82,3.9440476190476192,0.0,0.25,0.0,0.9419584786227329,0.22314355131420976,0.0,2026.0,0.18232155679395462,0.0,1.565,0.0
0.0,0.0,0.0,36.0,0.0,0.0,-0.9135454576426008,0.0,12.3,0.4,225.35999999999996,992.6,0.0,0.22314355131420976,9.3,0.0,6.0,-0.5000000000000004,0.39435585511331855,1.565,12.0,0.40673664307580043,0.0,0.0,1.565,0.9419584786227329,3.6701173755690046,-0.8660254037844386,0.0,0.0,,True,-0.8660254037844384,0.0,0.0,0.25,0.22314355131420976,0.25,0.9189578116202306,0.0,0.22314355131420976,0.0,2026-10-02 16:00:00,1.565,6.7,37.56,0.0,75.11999999999999,156,17.761144119439365,1.0,0.5000000000000001,0.0,0.0,0.0,0.25,0.0,28.2,Phrae,0.0,0.0,20.0,1.565,83,3.925595238095238,0.0,0.25,0.0,0.9419584786227329,0.22314355131420976,0.0,2026.0,0.33647223662121295,0.0,1.565,0.0
0.0,0.0,0.0,35.25,0.0,0.0,-0.6819983600624986,0.0,12.3,0.0,220.66499999999996,992.6,0.0,0.22314355131420976,8.9,0.0,6.0,-0.25881904510252063,0.39435585511331855,1.565,12.0,-0.7313537016191705,0.0,0.0,1.565,0.9419584786227329,3.68231389030521,-0.8660254037844386,0.0,0.0,,True,-0.9659258262890683,0.0,0.0,0.25,0.22314355131420976,0.25,0.9189578116202306,0.0,0.22314355131420976,0.0,2026-10-02 17:00:00,1.565,3.2,37.56,0.0,75.11999999999999,227,17.761144119439365,1.0,0.5000000000000001,0.0,0.0,0.0,0.25,0.0,27.8,Phrae,0.0,0.0,13.0,1.565,84,3.9053571428571425,0.0,0.25,0.0,0.9419584786227329,0.22314355131420976,0.0,2026.0,0.0,0.0,1.565,0.0
0.0,0.0,0.0,34.5,0.0,0.0,-0.5000000000000004,0.0,12.3,0.0,215.96999999999997,993.2,0.0,0.22314355131420976,7.1,0.0,6.0,-1.8369701987210297e-16,0.39435585511331855,1.565,12.0,-0.8660254037844384,0.0,0.0,1.565,0.9419584786227329,3.694429334359498,-0.8660254037844386,0.0,0.0,,True,-1.0,0.0,0.0,0.25,0.22314355131420976,0.25,0.9189578116202306,0.0,0.22314355131420976,0.0,2026-10-02 18:00:00,1.565,2.5,37.56,0.0,75.11999999999999,240,17.761144119439365,6.0,0.5000000000000001,0.0,0.0,0.0,0.25,0.0,27.1,Phrae,0.0,0.0,13.0,1.565,90,3.884523809523809,0.0,0.25,0.0,0.9419584786227329,0.22314355131420976,0.0,2026.0,0.0,0.0,1.565,0.0
0.0,0.0,0.0,33.75,0.0,0.0,-0.3583679495453007,0.0,12.3,0.0,211.27499999999998,993.9,0.0,0.22314355131420976,10.9,0.0,6.0,0.2588190451025203,0.39435585511331855,1.565,12.0,-0.9335804264972016,0.0,0.0,1.565,0.9419584786227329,3.705622480459535,-0.8660254037844386,0.0,0.0,,True,-0.9659258262890684,0.0,0.0,0.25,0.22314355131420976,0.25,0.9189578116202306,0.0,0.22314355131420976,0.0,2026-10-02 19:00:00,1.565,1.5,37.56,0.0,75.11999999999999,249,17.761144119439365,1.0,0.5000000000000001,0.0,0.0,0.0,0.25,0.0,26.7,Phrae,0.0,0.0,11.0,1.565,91,3.855357142857143,0.0,0.25,0.0,0.9419584786227329,0.22314355131420976,0.0,2026.0,0.0,0.0,1.565,0.0
0.0,0.0,0.0,33.0,0.0,0.0,-0.7431448254773942,0.0,12.3,0.0,206.57999999999996,995.0,0.0,0.22314355131420976,9.5,0.0,6.0,0.5000000000000001,0.39435585511331855,1.565,12.0,-0.6691306063588582,0.0,0.0,1.565,0.9419584786227329,3.679292385815167,-0.8660254037844386,0.0,0.0,,True,-0.8660254037844386,0.0,0.0,0.25,0.22314355131420976,0.25,0.9189578116202306,0.0,0.22314355131420976,0.0,2026-10-02 20:00:00,1.565,4.6,37.56,0.0,75.11999999999999,222,17.761144119439365,3.0,0.5000000000000001,0.0,0.0,0.0,0.25,0.0,26.3,Phrae,0.0,0.0,11.0,1.565,94,3.7916666666666665,0.0,0.25,0.0,0.9419584786227329,0.22314355131420976,0.0,2026.0,0.0,0.0,1.565,0.0
0.0,0.0,0.0,32.25,0.0,0.0,-0.9612616959383189,0.0,12.3,0.0,201.88499999999996,995.8,0.0,0.22314355131420976,8.5,0.0,6.0,0.7071067811865474,0.39435585511331855,1.565,12.0,-0.275637355816999,0.0,0.0,1.565,0.9419584786227329,3.648176943534657,-0.8660254037844386,0.0,0.0,,True,-0.7071067811865477,0.0,0.0,0.25,0.22314355131420976,0.25,0.9189578116202306,0.0,0.22314355131420976,0.0,2026-10-02 21:00:00,1.565,4.5,37.56,0.0,75.11999999999999,196,17.761144119439365,1.0,0.5000000000000001,0.0,0.0,0.0,0.25,0.0,26.0,Phrae,0.0,0.0,11.0,1.565,95,3.7261904761904763,0.0,0.25,0.0,0.9419584786227329,0.22314355131420976,0.0,2026.0,0.0,0.0,1.565,0.0
0.0,0.0,0.0,31.5,0.0,0.0,-0.6427876096865395,0.0,12.3,0.0,197.18999999999997,996.1,0.0,0.22314355131420976,8.5,0.0,6.0,0.8660254037844384,0.39435585511331855,1.565,12.0,-0.7660444431189779,0.0,0.0,1.565,0.9419584786227329,3.6236514713514687,-0.8660254037844386,0.0,0.0,,True,-0.5000000000000004,0.0,0.0,0.25,0.22314355131420976,0.25,0.9189578116202306,0.0,0.22314355131420976,0.0,2026-10-02 22:00:00,1.565,3.1,37.56,0.0,75.11999999999999,230,17.761144119439365,1.0,0.5000000000000001,0.0,0.0,0.0,0.25,0.0,25.6,Phrae,0.0,0.0,9.0,1.565,96,3.6648809523809525,0.0,0.25,0.0,0.9419584786227329,0.22314355131420976,0.0,2026.0,0.0,0.0,1.565,0.0
0.0,0.0,0.0,30.75,0.0,0.0,-0.7071067811865477,0.0,12.3,0.0,192.49499999999995,995.9,0.0,0.22314355131420976,8.8,0.0,6.0,0.9659258262890681,0.39435585511331855,1.565,12.0,-0.7071067811865475,0.0,0.0,1.565,0.9419584786227329,3.6032415941520863,-0.8660254037844386,0.0,0.0,,True,-0.25881904510252157,0.0,0.0,0.25,0.22314355131420976,0.25,0.9189578116202306,0.0,0.22314355131420976,0.0,2026-10-02 23:00:00,1.565,0.8,37.56,0.0,75.11999999999999,225,17.761144119439365,0.0,0.5000000000000001,0.0,0.0,0.0,0.25,0.0,25.4,Phrae,0.0,0.0,9.0,1.565,96,3.60654761904762,0.0,0.25,0.0,0.9419584786227329,0.22314355131420976,0.0,2026.0,0.0,0.0,1.565,0.0
0.0,0.0,0.0,30.0,0.0,0.0,-0.8910065241883678,0.0,12.3,0.0,187.79999999999995,995.2,0.0,0.22314355131420976,9.2,0.0,6.0,1.0,0.5712682150947923,1.565,12.0,0.45399049973954686,0.0,0.0,1.565,0.9419584786227329,3.5876934693856035,-0.8660254037844386,0.0,0.0,,True,0.0,0.0,0.0,0.25,0.22314355131420976,0.25,0.8207634412072763,0.0,0.22314355131420976,0.0,2026-10-03 00:00:00,1.565,0.4,37.56,0.0,75.11999999999999,153,17.761144119439365,3.0,0.5000000000000001,0.0,0.0,0.0,0.25,0.0,24.8,Phrae,0.0,0.0,10.0,1.565,99,3.5517857142857148,0.0,0.25,0.0,0.9419584786227329,0.22314355131420976,0.0,2026.0,0.0,0.0,1.565,0.0
0.0,0.0,0.0,30.25,0.0,0.0,-0.9702957262759965,0.0,12.3,0.0,189.36499999999995,994.7,0.0,0.22314355131420976,9.4,0.0,6.0,0.9659258262890683,0.5712682150947923,1.565,12.0,0.24192189559966773,0.0,0.0,1.565,0.9419584786227329,3.577475634592047,-0.8660254037844386,0.0,0.0,,True,0.25881904510252074,0.0,0.0,0.25,0.22314355131420976,0.25,0.8207634412072763,0.0,0.22314355131420976,0.0,2026-10-03 01:00:00,1.565,0.7,37.56,0.0,75.11999999999999,166,17.761144119439365,1.0,0.5000000000000001,0.0,0.0,0.0,0.25,0.0,24.4,Phrae,0.0,0.0,10.0,1.565,100,3.5011904761904766,0.0,0.25,0.0,0.9419584786227329,0.22314355131420976,0.0,2026.0,0.0,0.0,1.565,0.0
0.0,0.0,0.0,30.5,0.0,0.0,-0.9510565162951536,0.0,12.3,0.0,190.92999999999995,994.5,0.0,0.22314355131420976,9.4,0.0,6.0,0.8660254037844387,0.5712682150947923,1.565,12.0,-0.3090169943749473,0.0,0.0,1.565,0.9419584786227329,3.5740906249494393,-0.8660254037844386,0.0,0.0,,True,0.49999999999999994,0.0,0.0,0.25,0.22314355131420976,0.25,0.8207634412072763,0.0,0.22314355131420976,0.0,2026-10-03 02:00:00,1.565,1.7,37.56,0.0,75.11999999999999,198,17.761144119439365,0.0,0.5000000000000001,0.0,0.0,0.0,0.25,0.0,24.1,Phrae,0.0,0.0,9.0,1.565,100,3.4565476190476194,0.0,0.25,0.0,0.9419584786227329,0.22314355131420976,0.0,2026.0,0.0,0.0,1.565,0.0
0.0,0.0,0.0,30.75,0.0,0.0,-0.981627183447664,0.0,12.3,0.0,192.49499999999998,994.3,0.0,0.22314355131420976,8.7,0.0,6.0,0.7071067811865476,0.5712682150947923,1.565,12.0,-0.19080899537654472,0.0,0.0,1.565,0.9419584786227329,3.5771089746861287,-0.8660254037844386,0.0,0.0,,True,0.7071067811865475,0.0,0.0,0.25,0.22314355131420976,0.25,0.8207634412072763,0.0,0.22314355131420976,0.0,2026-10-03 03:00:00,1.565,0.9,37.56,0.0,75.11999999999999,191,17.761144119439365,-1.0,0.5000000000000001,0.0,0.0,0.0,0.25,0.0,24.2,Phrae,0.0,0.0,7.0,1.565,99,3.41904761904762,0.0,0.25,0.0,0.9419584786227329,0.22314355131420976,0.0,2026.0,0.0,0.0,1.565,0.0
0.0,0.0,0.0,31.0,0.0,0.0,-0.7071067811865475,0.0,12.3,0.0,194.05999999999997,994.2,0.0,0.22314355131420976,8.4,0.0,6.0,0.5000000000000001,0.5712682150947923,1.565,12.0,0.7071067811865476,0.0,0.0,1.565,0.9419584786227329,3.5840554564263134,-0.8660254037844386,0.0,0.0,,True,0.8660254037844386,0.0,0.0,0.25,0.22314355131420976,0.25,0.8207634412072763,0.0,0.22314355131420976,0.0,2026-10-03 04:00:00,1.565,0.3,37.56,0.0,75.11999999999999,135,17.761144119439365,1.0,0.5000000000000001,0.0,0.0,0.0,0.25,0.0,24.1,Phrae,0.0,0.0,7.0,1.565,100,3.3880952380952385,0.0,0.25,0.0,0.9419584786227329,0.22314355131420976,0.0,2026.0,0.0,0.0,1.565,0.0
0.0,0.0,0.0,31.25,0.0,0.0,0.7071067811865476,0.0,12.3,0.0,195.62499999999997,994.4,0.0,0.22314355131420976,8.2,0.0,6.0,0.25881904510252074,0.5712682150947923,1.565,12.0,0.7071067811865475,0.0,0.0,1.565,0.9419584786227329,3.592795163007952,-0.8660254037844386,0.0,0.0,,True,0.9659258262890683,0.0,0.0,0.25,0.22314355131420976,0.25,0.8207634412072763,0.0,0.22314355131420976,0.0,2026-10-03 05:00:00,1.565,1.0,37.56,0.0,75.11999999999999,45,17.761144119439365,0.0,0.5000000000000001,0.0,0.0,0.0,0.25,0.0,24.5,Phrae,0.0,0.0,6.0,1.565,100,3.3625000000000007,0.0,0.25,0.0,0.9419584786227329,0.22314355131420976,0.0,2026.0,0.0,0.0,1.565,0.0
0.0,0.0,0.0,31.5,0.0,0.0,0.9612616959383189,0.0,12.3,0.0,197.18999999999997,995.0,0.0,0.22314355131420976,8.4,0.0,6.0,6.123233995736766e-17,0.5712682150947923,1.565,12.0,0.27563735581699916,0.0,0.0,1.565,0.9419584786227329,3.602073091367741,-0.8660254037844386,0.0,0.0,,True,1.0,0.0,0.0,0.25,0.22314355131420976,0.25,0.8207634412072763,0.0,0.22314355131420976,0.0,2026-10-03 06:00:00,1.565,1.3,37.56,0.0,75.11999999999999,16,17.761144119439365,0.0,0.5000000000000001,0.0,0.0,0.0,0.25,0.0,24.4,Phrae,0.0,0.0,5.0,1.565,100,3.3416666666666663,0.0,0.25,0.0,0.9419584786227329,0.22314355131420976,0.0,2026.0,0.0,0.0,1.565,0.0
0.0,0.0,0.0,31.75,0.0,0.0,0.992546151641322,0.0,12.3,0.0,198.75499999999997,995.8,0.0,0.22314355131420976,8.9,0.0,6.0,-0.25881904510252063,0.5712682150947923,1.565,12.0,0.12186934340514748,0.0,0.0,1.565,0.9419584786227329,3.6110074771454017,-0.8660254037844386,0.0,0.0,,True,0.9659258262890683,0.0,0.0,0.25,0.22314355131420976,0.25,0.8207634412072763,0.0,0.22314355131420976,0.0,2026-10-03 07:00:00,1.565,1.5,37.56,0.0,75.11999999999999,7,17.761144119439365,-1.0,0.5000000000000001,0.0,0.0,0.0,0.25,0.0,25.0,Phrae,0.0,0.0,6.0,1.565,99,3.325,0.0,0.25,0.0,0.9419584786227329,0.22314355131420976,0.0,2026.0,0.0,0.0,1.565,0.0
0.0,0.0,0.0,32.0,0.0,0.0,-0.30901699437494756,0.0,12.3,0.1,200.31999999999996,996.6,0.0,0.22314355131420976,9.4,0.0,6.0,-0.4999999999999998,0.5712682150947923,1.565,12.0,-0.9510565162951535,0.0,0.0,1.565,0.9419584786227329,3.6152662242840394,-0.8660254037844386,0.0,0.0,,True,0.8660254037844387,0.0,0.0,0.25,0.22314355131420976,0.25,0.8207634412072763,0.0,0.22314355131420976,0.0,2026-10-03 08:00:00,1.565,1.7,37.56,0.0,75.11999999999999,252,17.761144119439365,-7.0,0.5000000000000001,0.0,0.0,0.0,0.25,0.0,26.5,Phrae,0.0,0.0,5.0,1.565,92,3.3196428571428576,0.0,0.25,0.0,0.9419584786227329,0.22314355131420976,0.0,2026.0,0.09531017980432487,0.0,1.565,0.0
0.0,0.0,0.0,32.25,0.0,0.0,-0.46947156278589075,0.0,12.3,0.1,201.88499999999996,997.0,0.0,0.22314355131420976,9.3,0.0,6.0,-0.7071067811865475,0.5712682150947923,1.565,12.0,-0.882947592858927,0.0,0.0,1.565,0.9419584786227329,3.6202729363663795,-0.8660254037844386,0.0,0.0,,True,0.7071067811865476,0.0,0.0,0.25,0.22314355131420976,0.25,0.8207634412072763,0.0,0.22314355131420976,0.0,2026-10-03 09:00:00,1.565,4.3,37.56,0.0,75.11999999999999,242,17.761144119439365,-6.0,0.5000000000000001,0.0,0.0,0.0,0.25,0.0,27.7,Phrae,0.0,0.0,6.0,1.565,86,3.3130952380952383,0.0,0.25,0.0,0.9419584786227329,0.22314355131420976,0.0,2026.0,0.09531017980432487,0.0,1.565,0.0
0.0,0.0,0.0,32.5,0.0,0.0,-0.6156614753256581,0.0,12.3,0.1,203.44999999999996,997.1,0.0,0.22314355131420976,8.8,0.0,6.0,-0.8660254037844387,0.5712682150947923,1.565,12.0,-0.7880107536067221,0.0,0.0,1.565,0.9419584786227329,3.6248903337856704,-0.8660254037844386,0.0,0.0,,True,0.49999999999999994,0.0,0.0,0.25,0.22314355131420976,0.25,0.8207634412072763,0.0,0.22314355131420976,0.0,2026-10-03 10:00:00,1.565,4.1,37.56,0.0,75.11999999999999,232,17.761144119439365,-4.0,0.5000000000000001,0.0,0.0,0.0,0.25,0.0,28.7,Phrae,0.0,0.0,6.0,1.565,82,3.3071428571428574,0.0,0.25,0.0,0.9419584786227329,0.22314355131420976,0.0,2026.0,0.09531017980432487,0.0,1.565,0.0
0.0,0.0,0.0,32.75,0.0,0.0,-0.8571673007021123,0.0,12.3,0.2,205.01499999999996,996.5,0.0,0.22314355131420976,0.0,0.0,6.0,-0.9659258262890682,0.5712682150947923,1.565,12.0,-0.5150380749100542,0.0,0.0,1.565,0.9419584786227329,3.630213820280065,-0.8660254037844386,0.0,0.0,,True,0.258819045102521,0.0,0.0,0.25,0.22314355131420976,0.25,0.8207634412072763,0.0,0.22314355131420976,0.0,2026-10-03 11:00:00,1.565,4.6,37.56,0.0,75.11999999999999,211,17.761144119439365,0.0,0.5000000000000001,0.0,0.0,0.0,0.25,0.0,28.7,Phrae,0.0,0.0,9.0,1.565,82,3.3000000000000007,0.0,0.25,0.0,0.9419584786227329,0.22314355131420976,0.0,2026.0,0.18232155679395462,0.0,1.565,0.0
0.0,0.0,0.0,33.0,0.0,0.0,-0.6819983600624986,0.0,12.3,0.2,206.57999999999996,995.2,0.0,0.22314355131420976,0.0,0.0,6.0,-1.0,0.5712682150947923,1.565,12.0,-0.7313537016191705,0.0,0.0,1.565,0.9419584786227329,3.63616780001161,-0.8660254037844386,0.0,0.0,,True,1.2246467991473532e-16,0.0,0.0,0.25,0.22314355131420976,0.25,0.8207634412072763,0.0,0.22314355131420976,0.0,2026-10-03 12:00:00,1.565,4.7,37.56,0.0,75.11999999999999,227,17.761144119439365,-3.0,0.5000000000000001,0.0,0.0,0.0,0.25,0.0,29.4,Phrae,0.0,0.0,7.0,1.565,79,3.2916666666666665,0.0,0.25,0.0,0.9419584786227329,0.22314355131420976,0.0,2026.0,0.18232155679395462,0.0,1.565,0.0
0.0,0.0,0.0,33.25,0.0,0.0,0.24192189559966745,0.0,12.3,0.3,208.14499999999995,993.6,0.0,0.22314355131420976,0.0,0.0,6.0,-0.9659258262890683,0.5712682150947923,1.565,12.0,-0.9702957262759966,0.0,0.0,1.565,0.9419584786227329,3.642675649073596,-0.8660254037844386,0.0,0.0,,True,-0.2588190451025208,0.0,0.0,0.25,0.22314355131420976,0.25,0.8207634412072763,0.0,0.22314355131420976,0.0,2026-10-03 13:00:00,1.565,1.5,37.56,0.0,75.11999999999999,284,17.761144119439365,-1.0,0.5000000000000001,0.0,0.0,0.0,0.25,0.0,29.6,Phrae,0.0,0.0,3.0,1.565,78,3.282142857142857,0.0,0.25,0.0,0.9419584786227329,0.22314355131420976,0.0,2026.0,0.26236426446749106,0.0,1.565,0.0
0.0,0.0,0.0,33.5,0.0,0.0,0.7071067811865476,0.0,12.3,0.4,209.70999999999995,992.3,0.0,0.22314355131420976,0.0,0.0,6.0,-0.8660254037844388,0.5712682150947923,1.565,12.0,0.7071067811865475,0.0,0.0,1.565,0.9419584786227329,3.6498916188518638,-0.8660254037844386,0.0,0.0,,True,-0.4999999999999997,0.0,0.0,0.25,0.22314355131420976,0.25,0.8207634412072763,0.0,0.22314355131420976,0.0,2026-10-03 14:00:00,1.565,0.8,37.56,0.0,75.11999999999999,45,17.761144119439365,2.0,0.5000000000000001,0.0,0.0,0.0,0.25,0.0,29.5,Phrae,0.0,0.0,3.0,1.565,80,3.2708333333333335,0.0,0.25,0.0,0.9419584786227329,0.22314355131420976,0.0,2026.0,0.33647223662121295,0.0,1.565,0.0
0.0,0.0,0.0,33.75,0.0,0.0,0.15643446504023067,0.0,12.3,0.4,211.27499999999995,991.4,0.0,0.22314355131420976,0.0,0.0,6.0,-0.7071067811865479,0.5712682150947923,1.565,12.0,-0.9876883405951378,0.0,0.0,1.565,0.9419584786227329,3.6574681697450786,-0.8660254037844386,0.0,0.0,,True,-0.7071067811865471,0.0,0.0,0.25,0.22314355131420976,0.25,0.8207634412072763,0.0,0.22314355131420976,0.0,2026-10-03 15:00:00,1.565,3.3,37.56,0.0,75.11999999999999,279,17.761144119439365,4.0,0.5000000000000001,0.0,0.0,0.0,0.25,0.0,28.7,Phrae,0.0,0.0,2.0,1.565,84,3.2583333333333333,0.0,0.25,0.0,0.9419584786227329,0.22314355131420976,0.0,2026.0,0.33647223662121295,0.0,1.565,0.0
0.0,0.0,0.0,34.0,0.0,0.0,-0.9902680687415703,0.0,12.3,0.3,212.83999999999997,991.1,0.0,0.22314355131420976,0.0,0.0,6.0,-0.5000000000000004,0.5712682150947923,1.565,12.0,-0.13917310096006552,0.0,0.0,1.565,0.9419584786227329,3.665471164103639,-0.8660254037844386,0.0,0.0,,True,-0.8660254037844384,0.0,0.0,0.25,0.22314355131420976,0.25,0.8207634412072763,0.0,0.22314355131420976,0.0,2026-10-03 16:00:00,1.565,4.0,37.56,0.0,75.11999999999999,188,17.761144119439365,3.0,0.5000000000000001,0.0,0.0,0.0,0.25,0.0,28.1,Phrae,0.0,0.0,4.0,1.565,87,3.244047619047619,0.0,0.25,0.0,0.9419584786227329,0.22314355131420976,0.0,2026.0,0.26236426446749106,0.0,1.565,0.0
0.0,0.0,0.0,34.25,0.0,0.0,-0.6018150231520483,0.0,12.3,0.0,214.40499999999997,991.4,0.0,0.22314355131420976,0.0,0.0,6.0,-0.25881904510252063,0.5712682150947923,1.565,12.0,-0.7986355100472928,0.0,0.0,1.565,0.9419584786227329,3.6735274692671513,-0.8660254037844386,0.0,0.0,,True,-0.9659258262890683,0.0,0.0,0.25,0.22314355131420976,0.25,0.8207634412072763,0.0,0.22314355131420976,0.0,2026-10-03 17:00:00,1.565,5.7,37.56,0.0,75.11999999999999,233,17.761144119439365,-1.0,0.5000000000000001,0.0,0.0,0.0,0.25,0.0,28.1,Phrae,0.0,0.0,2.0,1.565,86,3.2291666666666665,0.0,0.25,0.0,0.9419584786227329,0.22314355131420976,0.0,2026.0,0.0,0.0,1.565,0.0
0.0,0.0,0.0,34.5,0.0,0.0,-0.9563047559630354,0.0,12.3,0.0,215.96999999999997,991.6,0.0,0.22314355131420976,0.0,0.0,6.0,-1.8369701987210297e-16,0.5712682150947923,1.565,12.0,-0.29237170472273677,0.0,0.0,1.565,0.9419584786227329,3.681613349684614,-0.8660254037844386,0.0,0.0,,True,-1.0,0.0,0.0,0.25,0.22314355131420976,0.25,0.8207634412072763,0.0,0.22314355131420976,0.0,2026-10-03 18:00:00,1.565,4.9,37.56,0.0,75.11999999999999,197,17.761144119439365,2.0,0.5000000000000001,0.0,0.0,0.0,0.25,0.0,27.2,Phrae,0.0,0.0,-2.0,1.565,88,3.2136904761904765,0.0,0.25,0.0,0.9419584786227329,0.22314355131420976,0.0,2026.0,0.0,0.0,1.565,0.0
0.0,0.0,0.0,34.75,0.0,0.0,-0.9135454576426009,0.0,12.3,0.0,217.53499999999997,993.0,0.0,0.22314355131420976,0.0,0.0,6.0,0.2588190451025203,0.5712682150947923,1.565,12.0,-0.4067366430758002,0.0,0.0,1.565,0.9419584786227329,3.6898330852870447,-0.8660254037844386,0.0,0.0,,True,-0.9659258262890684,0.0,0.0,0.25,0.22314355131420976,0.25,0.8207634412072763,0.0,0.22314355131420976,0.0,2026-10-03 19:00:00,1.565,6.1,37.56,0.0,75.11999999999999,204,17.761144119439365,3.0,0.5000000000000001,0.0,0.0,0.0,0.25,0.0,26.5,Phrae,0.0,0.0,0.0,1.565,91,3.1964285714285716,0.0,0.25,0.0,0.9419584786227329,0.22314355131420976,0.0,2026.0,0.0,0.0,1.565,0.0
0.0,0.0,0.0,35.0,0.0,0.0,-0.90630778703665,0.0,12.3,0.0,219.09999999999997,993.8,0.0,0.22314355131420976,0.0,0.0,6.0,0.5000000000000001,0.5712682150947923,1.565,12.0,-0.4226182617406993,0.0,0.0,1.565,0.9419584786227329,3.635899001684936,-0.8660254037844386,0.0,0.0,,True,-0.8660254037844386,0.0,0.0,0.25,0.22314355131420976,0.25,0.8207634412072763,0.0,0.22314355131420976,0.0,2026-10-03 20:00:00,1.565,5.2,37.56,0.0,75.11999999999999,205,17.761144119439365,2.0,0.5000000000000001,0.0,0.0,0.0,0.25,0.0,26.1,Phrae,0.0,0.0,-1.0,1.565,93,3.1255952380952383,0.0,0.25,0.0,0.9419584786227329,0.22314355131420976,0.0,2026.0,0.0,0.0,1.565,0.0
0.0,0.0,0.0,35.25,0.0,0.0,-0.8910065241883679,0.0,12.3,0.0,220.66499999999996,994.7,0.0,0.22314355131420976,0.0,0.0,6.0,0.7071067811865474,0.5712682150947923,1.565,12.0,-0.4539904997395467,0.0,0.0,1.565,0.9419584786227329,3.5737294175851337,-0.8660254037844386,0.0,0.0,,True,-0.7071067811865477,0.0,0.0,0.25,0.22314355131420976,0.25,0.8207634412072763,0.0,0.22314355131420976,0.0,2026-10-03 21:00:00,1.565,3.6,37.56,0.0,75.11999999999999,207,17.761144119439365,0.0,0.5000000000000001,0.0,0.0,0.0,0.25,0.0,25.9,Phrae,0.0,0.0,-2.0,1.565,93,3.0523809523809526,0.0,0.25,0.0,0.9419584786227329,0.22314355131420976,0.0,2026.0,0.0,0.0,1.565,0.0
0.0,0.0,0.0,35.5,0.0,0.0,-0.9205048534524404,0.0,11.4,0.0,222.22999999999996,995.2,0.0,0.22314355131420976,0.0,0.0,6.0,0.8660254037844384,0.5712682150947923,1.565,12.0,-0.39073112848927355,0.0,0.0,1.565,0.9419584786227329,3.5089317016020614,-0.8660254037844386,0.0,0.0,,True,-0.5000000000000004,0.0,0.0,0.25,0.22314355131420976,0.25,0.8207634412072763,0.0,0.22314355131420976,0.0,2026-10-03 22:00:00,1.565,2.3,37.56,0.0,75.11999999999999,203,17.761144119439365,1.0,0.5000000000000001,0.0,0.0,0.0,0.25,0.0,25.6,Phrae,0.0,0.0,-2.0,1.565,94,2.979166666666667,0.0,0.25,0.0,0.9419584786227329,0.22314355131420976,0.0,2026.0,0.0,0.0,1.565,0.0
0.0,0.0,0.0,35.75,0.0,0.0,-0.981627183447664,0.0,10.9,0.0,223.79499999999996,994.8,0.0,0.22314355131420976,0.0,0.0,6.0,0.9659258262890681,0.5712682150947923,1.565,12.0,-0.19080899537654472,0.0,0.0,1.565,0.9419584786227329,3.4552483474115503,-0.8660254037844386,0.0,0.0,,True,-0.25881904510252157,0.0,0.0,0.25,0.22314355131420976,0.25,0.8207634412072763,0.0,0.22314355131420976,0.0,2026-10-03 23:00:00,1.565,1.8,37.56,0.0,75.11999999999999,191,17.761144119439365,1.0,0.5000000000000001,0.0,0.0,0.0,0.25,0.0,25.2,Phrae,0.0,0.0,-1.0,1.565,95,2.911309523809524,0.0,0.25,0.0,0.9419584786227329,0.22314355131420976,0.0,2026.0,0.0,0.0,1.565,0.0
0.0,0.0,0.0,36.0,0.0,0.0,-1.0,0.0,10.9,0.0,225.35999999999996,994.1,0.0,0.22314355131420976,0.0,0.0,6.0,1.0,0.7247927872291199,1.565,12.0,1.2246467991473532e-16,0.0,0.0,1.565,0.9419584786227329,3.416033571260289,-0.8660254037844386,0.0,0.0,,True,0.0,0.0,0.0,0.25,0.22314355131420976,0.25,0.6889669190756866,0.0,0.22314355131420976,0.0,2026-10-04 00:00:00,1.565,1.8,37.56,0.0,75.11999999999999,180,17.761144119439365,1.0,0.5000000000000001,0.0,0.0,0.0,0.25,0.0,24.8,Phrae,0.0,0.0,-3.0,1.565,96,2.850595238095238,0.0,0.25,0.0,0.9419584786227329,0.22314355131420976,0.0,2026.0,0.0,0.0,1.565,0.0
0.0,0.0,0.0,36.25,0.0,0.0,-0.9961946980917455,0.0,10.9,0.0,226.92499999999995,993.5,0.0,0.22314355131420976,0.0,0.0,6.0,0.9659258262890683,0.7247927872291199,1.565,12.0,0.0871557427476582,0.0,0.0,1.565,0.9419584786227329,3.3968295458734485,-0.8660254037844386,0.0,0.0,,True,0.25881904510252074,0.0,0.0,0.25,0.22314355131420976,0.25,0.6889669190756866,0.0,0.22314355131420976,0.0,2026-10-04 01:00:00,1.565,2.0,37.56,0.0,75.11999999999999,175,17.761144119439365,1.0,0.5000000000000001,0.0,0.0,0.0,0.25,0.0,24.4,Phrae,0.0,0.0,-3.0,1.565,97,2.8011904761904765,0.0,0.25,0.0,0.9419584786227329,0.22314355131420976,0.0,2026.0,0.0,0.0,1.565,0.0
0.0,0.0,0.0,36.5,0.0,0.0,-0.9876883405951378,0.0,10.9,0.0,228.48999999999995,993.1,0.0,0.22314355131420976,0.0,0.0,6.0,0.8660254037844387,0.7247927872291199,1.565,12.0,-0.15643446504023073,0.0,0.0,1.565,0.9419584786227329,3.3914929901712836,-0.8660254037844386,0.0,0.0,,True,0.49999999999999994,0.0,0.0,0.25,0.22314355131420976,0.25,0.6889669190756866,0.0,0.22314355131420976,0.0,2026-10-04 02:00:00,1.565,2.2,37.56,0.0,75.11999999999999,189,17.761144119439365,1.0,0.5000000000000001,0.0,0.0,0.0,0.25,0.0,24.1,Phrae,0.0,0.0,-2.0,1.565,98,2.7624999999999997,0.0,0.25,0.0,0.9419584786227329,0.22314355131420976,0.0,2026.0,0.0,0.0,1.565,0.0
0.0,0.0,0.0,36.75,0.0,0.0,-0.8910065241883679,0.0,10.9,0.0,230.05499999999995,992.8,0.0,0.22314355131420976,0.0,0.0,6.0,0.7071067811865476,0.7247927872291199,1.565,12.0,-0.4539904997395467,0.0,0.0,1.565,0.9419584786227329,3.396528506533047,-0.8660254037844386,0.0,0.0,,True,0.7071067811865475,0.0,0.0,0.25,0.22314355131420976,0.25,0.6889669190756866,0.0,0.22314355131420976,0.0,2026-10-04 03:00:00,1.565,2.8,37.56,0.0,75.11999999999999,207,17.761144119439365,1.0,0.5000000000000001,0.0,0.0,0.0,0.25,0.0,23.8,Phrae,0.0,0.0,0.0,1.565,99,2.738095238095238,0.0,0.25,0.0,0.9419584786227329,0.22314355131420976,0.0,2026.0,0.0,0.0,1.565,0.0
0.0,0.0,0.0,37.0,0.0,0.0,-0.8090169943749476,0.0,10.9,0.0,231.61999999999995,992.8,0.0,0.22314355131420976,0.0,0.0,6.0,0.5000000000000001,0.7247927872291199,1.565,12.0,-0.587785252292473,0.0,0.0,1.565,0.9419584786227329,3.402851611952911,-0.8660254037844386,0.0,0.0,,True,0.8660254037844386,0.0,0.0,0.25,0.22314355131420976,0.25,0.6889669190756866,0.0,0.22314355131420976,0.0,2026-10-04 04:00:00,1.565,3.3,37.56,0.0,75.11999999999999,216,17.761144119439365,1.0,0.5000000000000001,0.0,0.0,0.0,0.25,0.0,23.6,Phrae,0.0,0.0,0.0,1.565,100,2.719047619047619,0.0,0.25,0.0,0.9419584786227329,0.22314355131420976,0.0,2026.0,0.0,0.0,1.565,0.0
0.0,0.0,0.0,37.25,0.0,0.0,-0.7313537016191706,0.0,10.9,0.0,233.18499999999995,993.2,0.0,0.22314355131420976,0.0,0.0,6.0,0.25881904510252074,0.7247927872291199,1.565,12.0,-0.6819983600624984,0.0,0.0,1.565,0.9419584786227329,3.4092735156034357,-0.8660254037844386,0.0,0.0,,True,0.9659258262890683,0.0,0.0,0.25,0.22314355131420976,0.25,0.6889669190756866,0.0,0.22314355131420976,0.0,2026-10-04 05:00:00,1.565,3.4,37.56,0.0,75.11999999999999,223,17.761144119439365,0.0,0.5000000000000001,0.0,0.0,0.0,0.25,0.0,23.7,Phrae,0.0,0.0,0.0,1.565,100,2.7029761904761904,0.0,0.25,0.0,0.9419584786227329,0.22314355131420976,0.0,2026.0,0.0,0.0,1.565,0.0
0.0,0.0,0.0,37.5,0.0,0.0,-0.6293203910498378,0.0,10.9,0.0,234.74999999999994,993.8,0.0,0.22314355131420976,0.0,0.0,6.0,6.123233995736766e-17,0.7247927872291199,1.565,12.0,-0.7771459614569706,0.0,0.0,1.565,0.9419584786227329,3.4156012421297213,-0.8660254037844386,0.0,0.0,,True,1.0,0.0,0.0,0.25,0.22314355131420976,0.25,0.6889669190756866,0.0,0.22314355131420976,0.0,2026-10-04 06:00:00,1.565,3.5,37.56,0.0,75.11999999999999,231,17.761144119439365,-1.0,0.5000000000000001,0.0,0.0,0.0,0.25,0.0,23.9,Phrae,0.0,0.0,-1.0,1.565,99,2.6875,0.0,0.25,0.0,0.9419584786227329,0.22314355131420976,0.0,2026.0,0.0,0.0,1.565,0.0
0.0,0.0,0.0,37.75,0.0,0.0,-0.5591929034707466,0.0,10.9,0.0,236.31499999999994,994.4,0.0,0.22314355131420976,0.0,0.0,6.0,-0.25881904510252063,0.7247927872291199,1.565,12.0,-0.8290375725550418,0.0,0.0,1.565,0.9419584786227329,3.42185105255187,-0.8660254037844386,0.0,0.0,,True,0.9659258262890683,0.0,0.0,0.25,0.22314355131420976,0.25,0.6889669190756866,0.0,0.22314355131420976,0.0,2026-10-04 07:00:00,1.565,3.9,37.56,0.0,75.11999999999999,236,17.761144119439365,-3.0,0.5000000000000001,0.0,0.0,0.0,0.25,0.0,24.5,Phrae,0.0,0.0,-3.0,1.565,96,2.6714285714285713,0.0,0.25,0.0,0.9419584786227329,0.22314355131420976,0.0,2026.0,0.0,0.0,1.565,0.0
0.0,0.0,0.0,38.0,0.0,0.0,-0.544639035015027,0.0,10.9,0.1,237.87999999999994,995.0,0.0,0.22314355131420976,0.0,0.0,6.0,-0.4999999999999998,0.7247927872291199,1.565,12.0,-0.838670567945424,0.0,0.0,1.565,0.9419584786227329,3.428014122612381,-0.8660254037844386,0.0,0.0,,True,0.8660254037844387,0.0,0.0,0.25,0.22314355131420976,0.25,0.6889669190756866,0.0,0.22314355131420976,0.0,2026-10-04 08:00:00,1.565,4.9,37.56,0.0,75.11999999999999,237,17.761144119439365,-6.0,0.5000000000000001,0.0,0.0,0.0,0.25,0.0,25.6,Phrae,0.0,0.0,-2.0,1.565,90,2.655357142857143,0.0,0.25,0.0,0.9419584786227329,0.22314355131420976,0.0,2026.0,0.09531017980432487,0.0,1.565,0.0
0.0,0.0,0.0,38.25,0.0,0.0,-0.529919264233205,0.0,10.9,0.1,239.44499999999996,995.4,0.0,0.22314355131420976,0.0,0.0,6.0,-0.7071067811865475,0.7247927872291199,1.565,12.0,-0.848048096156426,0.0,0.0,1.565,0.9419584786227329,3.4335900253259912,-0.8660254037844386,0.0,0.0,,True,0.7071067811865476,0.0,0.0,0.25,0.22314355131420976,0.25,0.6889669190756866,0.0,0.22314355131420976,0.0,2026-10-04 09:00:00,1.565,6.4,37.56,0.0,75.11999999999999,238,17.761144119439365,-7.0,0.5000000000000001,0.0,0.0,0.0,0.25,0.0,27.0,Phrae,0.0,0.0,-3.0,1.565,83,2.6351190476190474,0.0,0.25,0.0,0.9419584786227329,0.22314355131420976,0.0,2026.0,0.09531017980432487,0.0,1.565,0.0
0.0,0.0,0.0,38.5,0.0,0.0,-0.529919264233205,0.0,10.9,0.1,241.00999999999996,995.5,0.0,0.22314355131420976,0.0,0.0,6.0,-0.8660254037844387,0.7247927872291199,1.565,12.0,-0.848048096156426,0.0,0.0,1.565,0.9419584786227329,3.4381405814184465,-0.8660254037844386,0.0,0.0,,True,0.49999999999999994,0.0,0.0,0.25,0.22314355131420976,0.25,0.6889669190756866,0.0,0.22314355131420976,0.0,2026-10-04 10:00:00,1.565,7.0,37.56,0.0,75.11999999999999,238,17.761144119439365,-5.0,0.5000000000000001,0.0,0.0,0.0,0.25,0.0,28.2,Phrae,0.0,0.0,-4.0,1.565,78,2.6119047619047615,0.0,0.25,0.0,0.9419584786227329,0.22314355131420976,0.0,2026.0,0.09531017980432487,0.0,1.565,0.0
0.0,0.0,0.0,38.75,0.0,0.0,-0.5000000000000004,0.0,10.9,0.1,242.57499999999996,994.9,0.0,0.22314355131420976,0.0,0.0,6.0,-0.9659258262890682,0.7247927872291199,1.565,12.0,-0.8660254037844384,0.0,0.0,1.565,0.9419584786227329,3.4427466145071848,-0.8660254037844386,0.0,0.0,,True,0.258819045102521,0.0,0.0,0.25,0.22314355131420976,0.25,0.6889669190756866,0.0,0.22314355131420976,0.0,2026-10-04 11:00:00,1.565,6.5,37.56,0.0,75.11999999999999,240,17.761144119439365,-3.0,0.5000000000000001,0.0,0.0,0.0,0.25,0.0,29.3,Phrae,0.0,0.0,-7.0,1.565,75,2.5892857142857144,0.0,0.25,0.0,0.9419584786227329,0.22314355131420976,0.0,2026.0,0.09531017980432487,0.0,1.565,0.0
0.0,0.0,0.0,39.0,0.0,0.0,-0.4067366430758001,0.0,10.9,0.1,244.13999999999996,993.8,0.0,0.22314355131420976,0.0,0.0,6.0,-1.0,0.7247927872291199,1.565,12.0,-0.913545457642601,0.0,0.0,1.565,0.9419584786227329,3.4471980800607622,-0.8660254037844386,0.0,0.0,,True,1.2246467991473532e-16,0.0,0.0,0.25,0.22314355131420976,0.25,0.6889669190756866,0.0,0.22314355131420976,0.0,2026-10-04 12:00:00,1.565,4.9,37.56,0.0,75.11999999999999,246,17.761144119439365,-2.0,0.5000000000000001,0.0,0.0,0.0,0.25,0.0,30.1,Phrae,0.0,0.0,-6.0,1.565,73,2.5666666666666664,0.0,0.25,0.0,0.9419584786227329,0.22314355131420976,0.0,2026.0,0.09531017980432487,0.0,1.565,0.0
0.0,0.0,0.0,39.25,0.0,0.0,-0.2079116908177598,0.0,10.9,0.1,245.70499999999996,992.6,0.0,0.22314355131420976,0.0,0.0,6.0,-0.9659258262890683,0.7247927872291199,1.565,12.0,-0.9781476007338056,0.0,0.0,1.565,0.9419584786227329,3.451270295484596,-0.8660254037844386,0.0,0.0,,True,-0.2588190451025208,0.0,0.0,0.25,0.22314355131420976,0.25,0.6889669190756866,0.0,0.22314355131420976,0.0,2026-10-04 13:00:00,1.565,3.5,37.56,0.0,75.11999999999999,258,17.761144119439365,0.0,0.5000000000000001,0.0,0.0,0.0,0.25,0.0,30.6,Phrae,0.0,0.0,-5.0,1.565,73,2.5434523809523806,0.0,0.25,0.0,0.9419584786227329,0.22314355131420976,0.0,2026.0,0.09531017980432487,0.0,1.565,0.0
0.0,0.0,0.0,39.5,0.0,0.0,0.40673664307579976,0.0,10.9,0.2,247.26999999999995,991.4,0.0,0.22314355131420976,0.0,0.0,6.0,-0.8660254037844388,0.7247927872291199,1.565,12.0,-0.9135454576426011,0.0,0.0,1.565,0.9419584786227329,3.455410770265938,-0.8660254037844386,0.0,0.0,,True,-0.4999999999999997,0.0,0.0,0.25,0.22314355131420976,0.25,0.6889669190756866,0.0,0.22314355131420976,0.0,2026-10-04 14:00:00,1.565,2.2,37.56,0.0,75.11999999999999,294,17.761144119439365,1.0,0.5000000000000001,0.0,0.0,0.0,0.25,0.0,30.5,Phrae,0.0,0.0,-6.0,1.565,74,2.5208333333333335,0.0,0.25,0.0,0.9419584786227329,0.22314355131420976,0.0,2026.0,0.18232155679395462,0.0,1.565,0.0
0.0,0.0,0.0,39.75,0.0,0.0,0.9975640502598242,0.0,10.9,0.2,248.83499999999995,990.3,0.0,0.22314355131420976,0.0,0.0,6.0,-0.7071067811865479,0.7247927872291199,1.565,12.0,-0.06975647374412564,0.0,0.0,1.565,0.9419584786227329,3.4596137290447633,-0.8660254037844386,0.0,0.0,,True,-0.7071067811865471,0.0,0.0,0.25,0.22314355131420976,0.25,0.6889669190756866,0.0,0.22314355131420976,0.0,2026-10-04 15:00:00,1.565,2.9,37.56,0.0,75.11999999999999,356,17.761144119439365,2.0,0.5000000000000001,0.0,0.0,0.0,0.25,0.0,30.1,Phrae,0.0,0.0,-8.0,1.565,76,2.4988095238095234,0.0,0.25,0.0,0.9419584786227329,0.22314355131420976,0.0,2026.0,0.18232155679395462,0.0,1.565,0.0
0.0,0.0,0.0,40.0,0.0,0.0,0.9743700647852352,0.0,10.9,0.2,250.39999999999995,989.8,0.0,0.22314355131420976,0.0,0.0,6.0,-0.5000000000000004,0.7247927872291199,1.565,12.0,0.224951054343865,0.0,0.0,1.565,0.9419584786227329,3.4636715520886643,-0.8660254037844386,0.0,0.0,,True,-0.8660254037844384,0.0,0.0,0.25,0.22314355131420976,0.25,0.6889669190756866,0.0,0.22314355131420976,0.0,2026-10-04 16:00:00,1.565,3.9,37.56,0.0,75.11999999999999,13,17.761144119439365,2.0,0.5000000000000001,0.0,0.0,0.0,0.25,0.0,29.5,Phrae,0.0,0.0,-9.0,1.565,78,2.476785714285714,0.0,0.25,0.0,0.9419584786227329,0.22314355131420976,0.0,2026.0,0.18232155679395462,0.0,1.565,0.0
0.0,0.0,0.0,40.25,0.0,0.0,0.9563047559630354,0.0,10.9,0.2,251.96499999999995,990.1,0.0,0.22314355131420976,0.0,0.0,6.0,-0.25881904510252063,0.7247927872291199,1.565,12.0,0.29237170472273677,0.0,0.0,1.565,0.9419584786227329,3.4677898637483278,-0.8660254037844386,0.0,0.0,,True,-0.9659258262890683,0.0,0.0,0.25,0.22314355131420976,0.25,0.6889669190756866,0.0,0.22314355131420976,0.0,2026-10-04 17:00:00,1.565,3.0,37.56,0.0,75.11999999999999,17,17.761144119439365,2.0,0.5000000000000001,0.0,0.0,0.0,0.25,0.0,28.9,Phrae,0.0,0.0,-6.0,1.565,80,2.455357142857143,0.0,0.25,0.0,0.9419584786227329,0.22314355131420976,0.0,2026.0,0.18232155679395462,0.0,1.565,0.0
0.0,0.0,0.0,40.5,0.0,0.0,0.9271838545667874,0.0,10.9,0.2,253.52999999999994,991.1,0.0,0.22314355131420976,0.0,0.0,6.0,-1.8369701987210297e-16,0.7247927872291199,1.565,12.0,0.374606593415912,0.0,0.0,1.565,0.9419584786227329,3.4724326863652624,-0.8660254037844386,0.0,0.0,,True,-1.0,0.0,0.0,0.25,0.22314355131420976,0.25,0.6889669190756866,0.0,0.22314355131420976,0.0,2026-10-04 18:00:00,1.565,1.0,37.56,0.0,75.11999999999999,22,17.761144119439365,3.0,0.5000000000000001,0.0,0.0,0.0,0.25,0.0,28.1,Phrae,0.0,0.0,-5.0,1.565,83,2.436309523809524,0.0,0.25,0.0,0.9419584786227329,0.22314355131420976,0.0,2026.0,0.18232155679395462,0.0,1.565,0.0
0.0,0.0,0.0,40.75,0.0,0.0,-1.0,0.0,10.9,0.2,255.09499999999994,992.1,0.0,0.22314355131420976,0.0,0.0,6.0,0.2588190451025203,0.7247927872291199,1.565,12.0,1.2246467991473532e-16,0.0,0.0,1.565,0.9419584786227329,3.476662506682832,-0.8660254037844386,0.0,0.0,,True,-0.9659258262890684,0.0,0.0,0.25,0.22314355131420976,0.25,0.6889669190756866,0.0,0.22314355131420976,0.0,2026-10-04 19:00:00,1.565,0.2,37.56,0.0,75.11999999999999,180,17.761144119439365,3.0,0.5000000000000001,0.0,0.0,0.0,0.25,0.0,27.4,Phrae,0.0,0.0,-5.0,1.565,86,2.4160714285714286,0.0,0.25,0.0,0.9419584786227329,0.22314355131420976,0.0,2026.0,0.18232155679395462,0.0,1.565,0.0
0.0,0.0,0.0,41.0,0.0,0.0,1.0,0.0,10.9,0.1,256.65999999999997,993.2,0.0,0.22314355131420976,0.0,0.0,6.0,0.5000000000000001,0.7247927872291199,1.565,12.0,-2.4492935982947064e-16,0.0,0.0,1.565,0.9419584786227329,3.471682038479886,-0.8660254037844386,0.0,0.0,,True,-0.8660254037844386,0.0,0.0,0.25,0.22314355131420976,0.25,0.6889669190756866,0.0,0.22314355131420976,0.0,2026-10-04 20:00:00,1.565,0.7,37.56,0.0,75.11999999999999,360,17.761144119439365,4.0,0.5000000000000001,0.0,0.0,0.0,0.25,0.0,26.7,Phrae,0.0,0.0,-3.0,1.565,90,2.3815476190476192,0.0,0.25,0.0,0.9419584786227329,0.22314355131420976,0.0,2026.0,0.09531017980432487,0.0,1.565,0.0
0.0,0.0,0.0,41.25,0.0,0.0,0.9975640502598242,0.0,10.9,0.1,258.2249999999999,994.3,0.0,0.22314355131420976,0.0,0.0,6.0,0.7071067811865474,0.7247927872291199,1.565,12.0,0.0697564737441253,0.0,0.0,1.565,0.9419584786227329,3.4690982772390373,-0.8660254037844386,0.0,0.0,,True,-0.7071067811865477,0.0,0.0,0.25,0.22314355131420976,0.25,0.6889669190756866,0.0,0.22314355131420976,0.0,2026-10-04 21:00:00,1.565,2.3,37.56,0.0,75.11999999999999,4,17.761144119439365,4.0,0.5000000000000001,0.0,0.0,0.0,0.25,0.0,25.9,Phrae,0.0,0.0,1.0,1.565,94,2.35,0.0,0.25,0.0,0.9419584786227329,0.22314355131420976,0.0,2026.0,0.09531017980432487,0.0,1.565,0.0
0.0,0.0,0.0,41.5,0.0,0.0,0.9945218953682733,0.0,10.9,0.1,259.78999999999996,994.8,0.0,0.22314355131420976,0.0,0.0,6.0,0.8660254037844384,0.7247927872291199,1.565,12.0,0.10452846326765347,0.0,0.0,1.565,0.9419584786227329,3.4662254735442,-0.8660254037844386,0.0,0.0,,True,-0.5000000000000004,0.0,0.0,0.25,0.22314355131420976,0.25,0.6889669190756866,0.0,0.22314355131420976,0.0,2026-10-04 22:00:00,1.565,3.6,37.56,0.0,75.11999999999999,6,17.761144119439365,3.0,0.5000000000000001,0.0,0.0,0.0,0.25,0.0,25.3,Phrae,0.0,0.0,3.0,1.565,97,2.318452380952381,0.0,0.25,0.0,0.9419584786227329,0.22314355131420976,0.0,2026.0,0.09531017980432487,0.0,1.565,0.0
0.0,0.0,0.0,41.75,0.0,0.0,0.9659258262890683,0.0,10.9,0.0,261.3549999999999,994.6,0.0,0.22314355131420976,0.0,0.0,6.0,0.9659258262890681,0.7247927872291199,1.565,12.0,0.25881904510252074,0.0,0.0,1.565,0.9419584786227329,3.4619923680537754,-0.8660254037844386,0.0,0.0,,True,-0.25881904510252157,0.0,0.0,0.25,0.22314355131420976,0.25,0.6889669190756866,0.0,0.22314355131420976,0.0,2026-10-04 23:00:00,1.565,3.5,37.56,0.0,75.11999999999999,15,17.761144119439365,2.0,0.5000000000000001,0.0,0.0,0.0,0.25,0.0,24.8,Phrae,0.0,0.0,4.0,1.565,99,2.2857142857142856,0.0,0.25,0.0,0.9419584786227329,0.22314355131420976,0.0,2026.0,0.0,0.0,1.565,0.0
0.0,0.0,0.0,42.0,0.0,0.0,0.8746197071393957,0.0,10.9,0.0,262.91999999999996,993.8,0.0,0.22314355131420976,0.0,0.0,6.0,1.0,0.8486442574947509,1.565,12.0,0.48480962024633706,0.0,0.0,1.565,0.9419584786227329,3.4556886863622647,-0.8660254037844386,0.0,0.0,,True,0.0,0.0,0.0,0.25,0.22314355131420976,0.25,0.5289640103269624,0.0,0.22314355131420976,0.0,2026-10-05 00:00:00,1.565,3.3,37.56,0.0,75.11999999999999,29,17.761144119439365,0.0,0.5000000000000001,0.0,0.0,0.0,0.25,0.0,24.3,Phrae,0.0,0.0,3.0,1.565,99,2.2511904761904766,0.0,0.25,0.0,0.9419584786227329,0.22314355131420976,0.0,2026.0,0.0,0.0,1.565,0.0
0.0,0.0,0.0,42.0,0.0,0.0,0.7880107536067219,0.0,10.9,0.0,262.91999999999996,993.2,0.0,0.22314355131420976,0.0,0.0,6.0,0.9659258262890683,0.8486442574947509,1.565,12.0,0.6156614753256583,0.0,0.0,1.565,0.9419584786227329,3.449637610777632,-0.8660254037844386,0.0,0.0,,True,0.25881904510252074,0.0,0.0,0.25,0.22314355131420976,0.25,0.5289640103269624,0.0,0.22314355131420976,0.0,2026-10-05 01:00:00,1.565,3.0,37.56,0.0,75.11999999999999,38,17.761144119439365,1.0,0.5000000000000001,0.0,0.0,0.0,0.25,0.0,24.0,Phrae,0.0,0.0,3.0,1.565,100,2.2172619047619047,0.0,0.25,0.0,0.9419584786227329,0.22314355131420976,0.0,2026.0,0.0,0.0,1.565,0.0
0.0,0.0,0.0,42.0,0.0,0.0,0.9063077870366499,0.0,10.9,0.0,262.91999999999996,992.9,0.0,0.22314355131420976,0.0,0.0,6.0,0.8660254037844387,0.8486442574947509,1.565,12.0,0.42261826174069944,0.0,0.0,1.565,0.9419584786227329,3.4438407814867533,-0.8660254037844386,0.0,0.0,,True,0.49999999999999994,0.0,0.0,0.25,0.22314355131420976,0.25,0.5289640103269624,0.0,0.22314355131420976,0.0,2026-10-05 02:00:00,1.565,2.6,37.56,0.0,75.11999999999999,25,17.761144119439365,0.0,0.5000000000000001,0.0,0.0,0.0,0.25,0.0,23.7,Phrae,0.0,0.0,2.0,1.565,100,2.1839285714285714,0.0,0.25,0.0,0.9419584786227329,0.22314355131420976,0.0,2026.0,0.0,0.0,1.565,0.0
0.0,0.0,0.0,42.0,0.0,0.0,1.0,0.0,10.9,0.0,262.91999999999996,992.8,0.0,0.22314355131420976,0.0,0.0,6.0,0.7071067811865476,0.8486442574947509,1.565,12.0,-2.4492935982947064e-16,0.0,0.0,1.565,0.9419584786227329,3.4377109809506607,-0.8660254037844386,0.0,0.0,,True,0.7071067811865475,0.0,0.0,0.25,0.22314355131420976,0.25,0.5289640103269624,0.0,0.22314355131420976,0.0,2026-10-05 03:00:00,1.565,2.3,37.56,0.0,75.11999999999999,360,17.761144119439365,0.0,0.5000000000000001,0.0,0.0,0.0,0.25,0.0,23.4,Phrae,0.0,0.0,1.0,1.565,100,2.150595238095238,0.0,0.25,0.0,0.9419584786227329,0.22314355131420976,0.0,2026.0,0.0,0.0,1.565,0.0
0.0,0.0,0.0,42.0,0.0,0.0,0.9335804264972015,0.0,10.9,0.0,262.91999999999996,992.9,0.0,0.22314355131420976,0.0,0.0,6.0,0.5000000000000001,0.8486442574947509,1.565,12.0,-0.35836794954530077,0.0,0.0,1.565,0.9419584786227329,3.4312464246457135,-0.8660254037844386,0.0,0.0,,True,0.8660254037844386,0.0,0.0,0.25,0.22314355131420976,0.25,0.5289640103269624,0.0,0.22314355131420976,0.0,2026-10-05 04:00:00,1.565,2.5,37.56,0.0,75.11999999999999,339,17.761144119439365,0.0,0.5000000000000001,0.0,0.0,0.0,0.25,0.0,23.3,Phrae,0.0,0.0,0.0,1.565,100,2.1172619047619046,0.0,0.25,0.0,0.9419584786227329,0.22314355131420976,0.0,2026.0,0.0,0.0,1.565,0.0
0.0,0.0,0.0,42.0,0.0,0.0,0.8660254037844384,0.0,10.9,0.0,262.91999999999996,993.2,0.0,0.22314355131420976,0.0,0.0,6.0,0.25881904510252074,0.8486442574947509,1.565,12.0,-0.5000000000000004,0.0,0.0,1.565,0.9419584786227329,3.423187685682147,-0.8660254037844386,0.0,0.0,,True,0.9659258262890683,0.0,0.0,0.25,0.22314355131420976,0.25,0.5289640103269624,0.0,0.22314355131420976,0.0,2026-10-05 05:00:00,1.565,2.5,37.56,0.0,75.11999999999999,330,17.761144119439365,-1.0,0.5000000000000001,0.0,0.0,0.0,0.25,0.0,23.3,Phrae,0.0,0.0,-1.0,1.565,99,2.082738095238095,0.0,0.25,0.0,0.9419584786227329,0.22314355131420976,0.0,2026.0,0.0,0.0,1.565,0.0
0.0,0.0,0.0,42.0,0.0,0.0,0.848048096156426,0.0,10.9,0.0,262.91999999999996,993.9,0.0,0.22314355131420976,0.0,0.0,6.0,6.123233995736766e-17,0.8486442574947509,1.565,12.0,-0.529919264233205,0.0,0.0,1.565,0.9419584786227329,3.412719430536977,-0.8660254037844386,0.0,0.0,,True,1.0,0.0,0.0,0.25,0.22314355131420976,0.25,0.5289640103269624,0.0,0.22314355131420976,0.0,2026-10-05 06:00:00,1.565,2.3,37.56,0.0,75.11999999999999,328,17.761144119439365,0.0,0.5000000000000001,0.0,0.0,0.0,0.25,0.0,23.5,Phrae,0.0,0.0,0.0,1.565,99,2.0464285714285717,0.0,0.25,0.0,0.9419584786227329,0.22314355131420976,0.0,2026.0,0.0,0.0,1.565,0.0
0.0,0.0,0.0,42.0,0.0,0.0,0.8746197071393959,0.0,10.9,0.0,262.91999999999996,994.6,0.0,0.22314355131420976,0.0,0.0,6.0,-0.25881904510252063,0.8486442574947509,1.565,12.0,-0.4848096202463369,0.0,0.0,1.565,0.9419584786227329,3.4011069293203944,-0.8660254037844386,0.0,0.0,,True,0.9659258262890683,0.0,0.0,0.25,0.22314355131420976,0.25,0.5289640103269624,0.0,0.22314355131420976,0.0,2026-10-05 07:00:00,1.565,2.3,37.56,0.0,75.11999999999999,331,17.761144119439365,-3.0,0.5000000000000001,0.0,0.0,0.0,0.25,0.0,23.9,Phrae,0.0,0.0,0.0,1.565,96,2.0095238095238095,0.0,0.25,0.0,0.9419584786227329,0.22314355131420976,0.0,2026.0,0.0,0.0,1.565,0.0
0.0,0.0,0.0,42.0,0.0,0.0,0.9902680687415703,0.0,10.9,0.1,262.91999999999996,995.2,0.0,0.22314355131420976,0.0,0.0,6.0,-0.4999999999999998,0.8486442574947509,1.565,12.0,-0.13917310096006588,0.0,0.0,1.565,0.9419584786227329,3.4042987946780925,-0.8660254037844386,0.0,0.0,,True,0.8660254037844387,0.0,0.0,0.25,0.22314355131420976,0.25,0.5289640103269624,0.0,0.22314355131420976,0.0,2026-10-05 08:00:00,1.565,2.5,37.56,0.0,75.11999999999999,352,17.761144119439365,-4.0,0.5000000000000001,0.0,0.0,0.0,0.25,0.0,25.0,Phrae,0.0,0.0,2.0,1.565,92,1.994047619047619,0.0,0.25,0.0,0.9419584786227329,0.22314355131420976,0.0,2026.0,0.09531017980432487,0.0,1.565,0.0
0.0,0.0,0.0,42.0,0.0,0.0,0.9781476007338057,0.0,10.9,0.1,262.91999999999996,995.9,0.0,0.22314355131420976,0.0,0.0,6.0,-0.7071067811865475,0.8486442574947509,1.565,12.0,0.20791169081775934,0.0,0.0,1.565,0.9419584786227329,3.4041739002745817,-0.8660254037844386,0.0,0.0,,True,0.7071067811865476,0.0,0.0,0.25,0.22314355131420976,0.25,0.5289640103269624,0.0,0.22314355131420976,0.0,2026-10-05 09:00:00,1.565,3.5,37.56,0.0,75.11999999999999,12,17.761144119439365,-6.0,0.5000000000000001,0.0,0.0,0.0,0.25,0.0,26.3,Phrae,0.0,0.0,3.0,1.565,86,1.9702380952380953,0.0,0.25,0.0,0.9419584786227329,0.22314355131420976,0.0,2026.0,0.09531017980432487,0.0,1.565,0.0
0.0,0.0,0.0,42.0,0.0,0.0,0.9455185755993168,0.0,10.9,0.1,262.91999999999996,996.0,0.0,0.22314355131420976,0.0,0.0,6.0,-0.8660254037844387,0.8486442574947509,1.565,12.0,0.3255681544571567,0.0,0.0,1.565,0.9419584786227329,3.4023049326706865,-0.8660254037844386,0.0,0.0,,True,0.49999999999999994,0.0,0.0,0.25,0.22314355131420976,0.25,0.5289640103269624,0.0,0.22314355131420976,0.0,2026-10-05 10:00:00,1.565,4.4,37.56,0.0,75.11999999999999,19,17.761144119439365,-3.0,0.5000000000000001,0.0,0.0,0.0,0.25,0.0,27.2,Phrae,0.0,0.0,5.0,1.565,83,1.9440476190476192,0.0,0.25,0.0,0.9419584786227329,0.22314355131420976,0.0,2026.0,0.09531017980432487,0.0,1.565,0.0
0.0,0.0,0.0,42.0,0.0,0.0,0.9335804264972017,0.0,10.9,0.8,262.91999999999996,995.3,0.0,0.22314355131420976,0.0,0.0,6.0,-0.9659258262890682,0.8486442574947509,1.565,12.0,0.35836794954530027,0.0,0.0,1.565,0.9419584786227329,3.403696136891519,-0.8660254037844386,0.0,0.0,,True,0.258819045102521,0.0,0.0,0.25,0.22314355131420976,0.25,0.5289640103269624,0.0,0.22314355131420976,0.0,2026-10-05 11:00:00,1.565,4.6,37.56,0.0,75.11999999999999,21,17.761144119439365,1.0,0.5000000000000001,0.0,0.0,0.0,0.25,0.0,27.0,Phrae,0.0,0.0,9.0,1.565,84,1.923809523809524,0.0,0.25,0.0,0.9419584786227329,0.22314355131420976,0.0,2026.0,0.5877866649021191,0.0,1.565,0.0
0.0,0.0,0.0,42.0,0.0,0.0,0.9335804264972017,0.0,10.9,0.8,262.91999999999996,994.1,0.0,0.22314355131420976,0.0,0.0,6.0,-1.0,0.8486442574947509,1.565,12.0,0.35836794954530027,0.0,0.0,1.565,0.9419584786227329,3.405672070737486,-0.8660254037844386,0.0,0.0,,True,1.2246467991473532e-16,0.0,0.0,0.25,0.22314355131420976,0.25,0.5289640103269624,0.0,0.22314355131420976,0.0,2026-10-05 12:00:00,1.565,4.4,37.56,0.0,75.11999999999999,21,17.761144119439365,3.0,0.5000000000000001,0.0,0.0,0.0,0.25,0.0,26.3,Phrae,0.0,0.0,14.0,1.565,87,1.905357142857143,0.0,0.25,0.0,0.9419584786227329,0.22314355131420976,0.0,2026.0,0.5877866649021191,0.0,1.565,0.0
0.0,0.0,0.0,42.0,0.0,0.0,0.9335804264972017,0.0,10.9,0.8,262.91999999999996,993.0,0.0,0.22314355131420976,0.0,0.0,6.0,-0.9659258262890683,0.8486442574947509,1.565,12.0,0.35836794954530027,0.0,0.0,1.565,0.9419584786227329,3.408253911886724,-0.8660254037844386,0.0,0.0,,True,-0.2588190451025208,0.0,0.0,0.25,0.22314355131420976,0.25,0.5289640103269624,0.0,0.22314355131420976,0.0,2026-10-05 13:00:00,1.565,4.4,37.56,0.0,75.11999999999999,21,17.761144119439365,3.0,0.5000000000000001,0.0,0.0,0.0,0.25,0.0,25.9,Phrae,0.0,0.0,17.0,1.565,90,1.8892857142857145,0.0,0.25,0.0,0.9419584786227329,0.22314355131420976,0.0,2026.0,0.5877866649021191,0.0,1.565,0.0
0.0,0.0,0.0,42.0,0.0,0.0,0.9335804264972017,0.0,10.9,0.6,262.91999999999996,992.0,0.0,0.22314355131420976,0.0,0.0,6.0,-0.8660254037844388,0.8486442574947509,1.565,12.0,0.35836794954530027,0.0,0.0,1.565,0.9419584786227329,3.411194753409956,-0.8660254037844386,0.0,0.0,,True,-0.4999999999999997,0.0,0.0,0.25,0.22314355131420976,0.25,0.5289640103269624,0.0,0.22314355131420976,0.0,2026-10-05 14:00:00,1.565,5.0,37.56,0.0,75.11999999999999,21,17.761144119439365,-1.0,0.5000000000000001,0.0,0.0,0.0,0.25,0.0,26.1,Phrae,0.0,0.0,15.0,1.565,89,1.8755952380952383,0.0,0.25,0.0,0.9419584786227329,0.22314355131420976,0.0,2026.0,0.4700036292457356,0.0,1.565,0.0
0.0,0.0,0.0,42.0,0.0,0.0,0.9271838545667874,0.0,10.9,0.6,262.91999999999996,991.2,0.0,0.22314355131420976,0.0,0.0,6.0,-0.7071067811865479,0.8486442574947509,1.565,12.0,0.374606593415912,0.0,0.0,1.565,0.9419584786227329,3.4141958462636546,-0.8660254037844386,0.0,0.0,,True,-0.7071067811865471,0.0,0.0,0.25,0.22314355131420976,0.25,0.5289640103269624,0.0,0.22314355131420976,0.0,2026-10-05 15:00:00,1.565,5.8,37.56,0.0,75.11999999999999,22,17.761144119439365,-2.0,0.5000000000000001,0.0,0.0,0.0,0.25,0.0,26.6,Phrae,0.0,0.0,11.0,1.565,87,1.8630952380952381,0.0,0.25,0.0,0.9419584786227329,0.22314355131420976,0.0,2026.0,0.4700036292457356,0.0,1.565,0.0
0.0,0.0,0.0,42.0,0.0,0.0,0.9335804264972017,0.0,10.9,0.6,262.91999999999996,990.9,0.0,0.22314355131420976,0.0,0.0,6.0,-0.5000000000000004,0.8486442574947509,1.565,12.0,0.35836794954530027,0.0,0.0,1.565,0.9419584786227329,3.417200420810344,-0.8660254037844386,0.0,0.0,,True,-0.8660254037844384,0.0,0.0,0.25,0.22314355131420976,0.25,0.5289640103269624,0.0,0.22314355131420976,0.0,2026-10-05 16:00:00,1.565,6.0,37.56,0.0,75.11999999999999,21,17.761144119439365,0.0,0.5000000000000001,0.0,0.0,0.0,0.25,0.0,26.8,Phrae,0.0,0.0,9.0,1.565,87,1.8517857142857144,0.0,0.25,0.0,0.9419584786227329,0.22314355131420976,0.0,2026.0,0.4700036292457356,0.0,1.565,0.0
0.0,0.0,0.0,42.0,0.0,0.0,0.9396926207859084,0.0,10.9,1.0,262.91999999999996,991.6,0.0,0.22314355131420976,0.0,0.0,6.0,-0.25881904510252063,0.8486442574947509,1.565,12.0,0.3420201433256687,0.0,0.0,1.565,0.9419584786227329,3.4201649586929577,-0.8660254037844386,0.0,0.0,,True,-0.9659258262890683,0.0,0.0,0.25,0.22314355131420976,0.25,0.5289640103269624,0.0,0.22314355131420976,0.0,2026-10-05 17:00:00,1.565,4.8,37.56,0.0,75.11999999999999,20,17.761144119439365,2.0,0.5000000000000001,0.0,0.0,0.0,0.25,0.0,26.5,Phrae,0.0,0.0,9.0,1.565,89,1.8404761904761908,0.0,0.25,0.0,0.9419584786227329,0.22314355131420976,0.0,2026.0,0.6931471805599453,0.0,1.565,0.0
0.0,0.0,0.0,42.0,0.0,0.0,0.9563047559630354,0.0,10.9,1.0,262.91999999999996,992.8,0.0,0.22314355131420976,0.0,0.0,6.0,-1.8369701987210297e-16,0.8486442574947509,1.565,12.0,0.29237170472273677,0.0,0.0,1.565,0.9419584786227329,3.4230931348675457,-0.8660254037844386,0.0,0.0,,True,-1.0,0.0,0.0,0.25,0.22314355131420976,0.25,0.5289640103269624,0.0,0.22314355131420976,0.0,2026-10-05 18:00:00,1.565,3.0,37.56,0.0,75.11999999999999,17,17.761144119439365,2.0,0.5000000000000001,0.0,0.0,0.0,0.25,0.0,25.9,Phrae,0.0,0.0,8.0,1.565,91,1.8297619047619047,0.0,0.25,0.0,0.9419584786227329,0.22314355131420976,0.0,2026.0,0.6931471805599453,0.0,1.565,0.0
0.0,0.0,0.0,42.0,0.0,0.0,0.9961946980917455,0.0,10.9,1.0,262.91999999999996,994.0,0.0,0.22314355131420976,0.0,0.0,6.0,0.2588190451025203,0.8486442574947509,1.565,12.0,0.08715574274765817,0.0,0.0,1.565,0.9419584786227329,3.4259569644770753,-0.8660254037844386,0.0,0.0,,True,-0.9659258262890684,0.0,0.0,0.25,0.22314355131420976,0.25,0.5289640103269624,0.0,0.22314355131420976,0.0,2026-10-05 19:00:00,1.565,2.0,37.56,0.0,75.11999999999999,5,17.761144119439365,3.0,0.5000000000000001,0.0,0.0,0.0,0.25,0.0,25.4,Phrae,0.0,0.0,8.0,1.565,94,1.8178571428571426,0.0,0.25,0.0,0.9419584786227329,0.22314355131420976,0.0,2026.0,0.6931471805599453,0.0,1.565,0.0
0.0,0.0,0.0,42.0,0.0,0.0,0.9876883405951377,0.0,10.9,0.1,262.91999999999996,994.9,0.0,0.22314355131420976,0.0,0.0,6.0,0.5000000000000001,0.8486442574947509,1.565,12.0,-0.15643446504023112,0.0,0.0,1.565,0.9419584786227329,3.4242159318203673,-0.8660254037844386,0.0,0.0,,True,-0.8660254037844386,0.0,0.0,0.25,0.22314355131420976,0.25,0.5289640103269624,0.0,0.22314355131420976,0.0,2026-10-05 20:00:00,1.565,2.4,37.56,0.0,75.11999999999999,351,17.761144119439365,1.0,0.5000000000000001,0.0,0.0,0.0,0.25,0.0,25.0,Phrae,0.0,0.0,5.0,1.565,95,1.7934523809523806,0.0,0.25,0.0,0.9419584786227329,0.22314355131420976,0.0,2026.0,0.09531017980432487,0.0,1.565,0.0
0.0,0.0,0.0,42.0,0.0,0.0,0.9702957262759965,0.0,10.9,0.1,262.91999999999996,995.8,0.0,0.22314355131420976,0.0,0.0,6.0,0.7071067811865474,0.8486442574947509,1.565,12.0,-0.24192189559966787,0.0,0.0,1.565,0.9419584786227329,3.42378137613438,-0.8660254037844386,0.0,0.0,,True,-0.7071067811865477,0.0,0.0,0.25,0.22314355131420976,0.25,0.5289640103269624,0.0,0.22314355131420976,0.0,2026-10-05 21:00:00,1.565,3.7,37.56,0.0,75.11999999999999,346,17.761144119439365,0.0,0.5000000000000001,0.0,0.0,0.0,0.25,0.0,24.8,Phrae,0.0,0.0,1.0,1.565,95,1.7714285714285716,0.0,0.25,0.0,0.9419584786227329,0.22314355131420976,0.0,2026.0,0.09531017980432487,0.0,1.565,0.0
0.0,0.0,0.0,42.0,0.0,0.0,0.9743700647852351,0.0,10.9,0.1,262.91999999999996,996.4,0.0,0.22314355131420976,0.0,0.0,6.0,0.8660254037844384,0.8486442574947509,1.565,12.0,-0.22495105434386534,0.0,0.0,1.565,0.9419584786227329,3.4235354880730005,-0.8660254037844386,0.0,0.0,,True,-0.5000000000000004,0.0,0.0,0.25,0.22314355131420976,0.25,0.5289640103269624,0.0,0.22314355131420976,0.0,2026-10-05 22:00:00,1.565,4.8,37.56,0.0,75.11999999999999,347,17.761144119439365,0.0,0.5000000000000001,0.0,0.0,0.0,0.25,0.0,24.5,Phrae,0.0,0.0,-2.0,1.565,95,1.75,0.0,0.25,0.0,0.9419584786227329,0.22314355131420976,0.0,2026.0,0.09531017980432487,0.0,1.565,0.0
0.0,0.0,0.0,42.0,0.0,0.0,0.9945218953682733,0.0,10.9,2.4,262.91999999999996,996.3,0.0,0.22314355131420976,0.0,0.0,6.0,0.9659258262890681,0.8486442574947509,1.565,12.0,-0.10452846326765342,0.0,0.0,1.565,0.9419584786227329,3.42282126731802,-0.8660254037844386,0.0,0.0,,True,-0.25881904510252157,0.0,0.0,0.25,0.22314355131420976,0.25,0.5289640103269624,0.0,0.22314355131420976,0.0,2026-10-05 23:00:00,1.565,5.6,37.56,0.0,75.11999999999999,354,17.761144119439365,1.0,0.5000000000000001,0.0,0.0,0.0,0.25,0.0,24.1,Phrae,0.0,0.0,-3.0,1.565,96,1.7279761904761906,0.0,0.25,0.0,0.9419584786227329,0.22314355131420976,0.0,2026.0,1.2237754316221157,0.0,1.565,0.0
0.0,0.0,0.0,42.0,0.0,0.0,0.9993908270190958,0.0,10.9,2.4,262.91999999999996,996.0,0.0,0.22314355131420976,0.0,0.0,6.0,1.0,0.9377521321470804,1.565,12.0,0.03489949670250097,0.0,0.0,1.565,0.9419584786227329,3.4208456585822855,-0.8660254037844386,0.0,0.0,,True,0.0,0.0,0.0,0.25,0.22314355131420976,0.25,0.3473052528448203,0.0,0.22314355131420976,0.0,2026-10-06 00:00:00,1.565,6.5,37.56,0.0,75.11999999999999,2,17.761144119439365,0.0,0.5000000000000001,0.0,0.0,0.0,0.25,0.0,23.7,Phrae,0.0,0.0,-3.0,1.565,96,1.7041666666666668,0.0,0.25,0.0,0.9419584786227329,0.22314355131420976,0.0,2026.0,1.2237754316221157,0.0,1.565,0.0
0.0,0.0,0.0,42.0,0.0,0.0,0.992546151641322,0.0,10.9,2.4,262.91999999999996,995.8,0.0,0.22314355131420976,0.0,0.0,6.0,0.9659258262890683,0.9377521321470804,1.565,12.0,0.12186934340514748,0.0,0.0,1.565,0.9419584786227329,3.418290430481322,-0.8660254037844386,0.0,0.0,,True,0.25881904510252074,0.0,0.0,0.25,0.22314355131420976,0.25,0.3473052528448203,0.0,0.22314355131420976,0.0,2026-10-06 01:00:00,1.565,7.3,37.56,0.0,75.11999999999999,7,17.761144119439365,0.0,0.5000000000000001,0.0,0.0,0.0,0.25,0.0,23.4,Phrae,0.0,0.0,-4.0,1.565,96,1.6797619047619048,0.0,0.25,0.0,0.9419584786227329,0.22314355131420976,0.0,2026.0,1.2237754316221157,0.0,1.565,0.0
0.0,0.0,0.0,42.0,0.0,0.0,0.9743700647852351,0.0,10.9,0.0,262.91999999999996,995.7,0.0,0.22314355131420976,0.0,0.0,6.0,0.8660254037844387,0.9377521321470804,1.565,12.0,-0.22495105434386534,0.0,0.0,1.565,0.9419584786227329,3.414671673658961,-0.8660254037844386,0.0,0.0,,True,0.49999999999999994,0.0,0.0,0.25,0.22314355131420976,0.25,0.3473052528448203,0.0,0.22314355131420976,0.0,2026-10-06 02:00:00,1.565,3.3,37.56,0.0,75.11999999999999,347,17.761144119439365,1.0,0.5000000000000001,0.0,0.0,0.0,0.25,0.0,23.8,Phrae,0.0,0.0,-3.0,1.565,97,1.6541666666666666,0.0,0.25,0.0,0.9419584786227329,0.22314355131420976,0.0,2026.0,0.0,0.0,1.565,0.0
0.0,0.0,0.0,42.0,0.0,0.0,0.9961946980917455,0.0,10.9,0.0,262.91999999999996,995.9,0.0,0.22314355131420976,0.0,0.0,6.0,0.7071067811865476,0.9377521321470804,1.565,12.0,-0.08715574274765832,0.0,0.0,1.565,0.9419584786227329,3.409889370865564,-0.8660254037844386,0.0,0.0,,True,0.7071067811865475,0.0,0.0,0.25,0.22314355131420976,0.25,0.3473052528448203,0.0,0.22314355131420976,0.0,2026-10-06 03:00:00,1.565,4.5,37.56,0.0,75.11999999999999,355,17.761144119439365,0.0,0.5000000000000001,0.0,0.0,0.0,0.25,0.0,23.6,Phrae,0.0,0.0,-3.0,1.565,97,1.6273809523809526,0.0,0.25,0.0,0.9419584786227329,0.22314355131420976,0.0,2026.0,0.0,0.0,1.565,0.0
0.0,0.0,0.0,42.0,0.0,0.0,0.9993908270190958,0.0,10.9,0.0,262.91999999999996,996.0,0.0,0.22314355131420976,0.0,0.0,6.0,0.5000000000000001,0.9377521321470804,1.565,12.0,0.03489949670250097,0.0,0.0,1.565,0.9419584786227329,3.4027207813728118,-0.8660254037844386,0.0,0.0,,True,0.8660254037844386,0.0,0.0,0.25,0.22314355131420976,0.25,0.3473052528448203,0.0,0.22314355131420976,0.0,2026-10-06 04:00:00,1.565,5.8,37.56,0.0,75.11999999999999,2,17.761144119439365,0.0,0.5000000000000001,0.0,0.0,0.0,0.25,0.0,23.5,Phrae,0.0,0.0,-3.0,1.565,97,1.5982142857142858,0.0,0.25,0.0,0.9419584786227329,0.22314355131420976,0.0,2026.0,0.0,0.0,1.565,0.0
0.0,0.0,0.0,42.0,0.0,0.0,0.9945218953682733,0.0,10.9,0.0,262.91999999999996,996.0,0.0,0.22314355131420976,0.0,0.0,6.0,0.25881904510252074,0.9377521321470804,1.565,12.0,0.10452846326765347,0.0,0.0,1.565,0.9419584786227329,3.3900464548419382,-0.8660254037844386,0.0,0.0,,True,0.9659258262890683,0.0,0.0,0.25,0.22314355131420976,0.25,0.3473052528448203,0.0,0.22314355131420976,0.0,2026-10-06 05:00:00,1.565,7.2,37.56,0.0,75.11999999999999,6,17.761144119439365,-1.0,0.5000000000000001,0.0,0.0,0.0,0.25,0.0,23.5,Phrae,0.0,0.0,-3.0,1.565,96,1.5642857142857143,0.0,0.25,0.0,0.9419584786227329,0.22314355131420976,0.0,2026.0,0.0,0.0,1.565,0.0
0.0,0.0,0.0,42.0,0.0,0.0,0.9902680687415704,0.0,10.9,0.0,262.91999999999996,996.0,0.0,0.22314355131420976,0.0,0.0,6.0,6.123233995736766e-17,0.9377521321470804,1.565,12.0,0.13917310096006544,0.0,0.0,1.565,0.9419584786227329,3.3777097125854865,-0.8660254037844386,0.0,0.0,,True,1.0,0.0,0.0,0.25,0.22314355131420976,0.25,0.3473052528448203,0.0,0.22314355131420976,0.0,2026-10-06 06:00:00,1.565,8.0,37.56,0.0,75.11999999999999,8,17.761144119439365,0.0,0.5000000000000001,0.0,0.0,0.0,0.25,0.0,23.5,Phrae,0.0,0.0,-3.0,1.565,96,1.5309523809523808,0.0,0.25,0.0,0.9419584786227329,0.22314355131420976,0.0,2026.0,0.0,0.0,1.565,0.0
0.0,0.0,0.0,42.0,0.0,0.0,0.9902680687415704,0.0,10.9,0.0,262.91999999999996,996.0,0.0,0.22314355131420976,0.0,0.0,6.0,-0.25881904510252063,0.9377521321470804,1.565,12.0,0.13917310096006544,0.0,0.0,1.565,0.9419584786227329,3.3657142667657043,-0.8660254037844386,0.0,0.0,,True,0.9659258262890683,0.0,0.0,0.25,0.22314355131420976,0.25,0.3473052528448203,0.0,0.22314355131420976,0.0,2026-10-06 07:00:00,1.565,8.0,37.56,0.0,75.11999999999999,8,17.761144119439365,0.0,0.5000000000000001,0.0,0.0,0.0,0.25,0.0,23.6,Phrae,0.0,0.0,0.0,1.565,96,1.4982142857142857,0.0,0.25,0.0,0.9419584786227329,0.22314355131420976,0.0,2026.0,0.0,0.0,1.565,0.0
0.0,0.0,0.0,42.0,0.0,0.0,0.9945218953682733,0.0,10.9,1.0,262.91999999999996,995.9,0.0,0.22314355131420976,0.0,0.0,6.0,-0.4999999999999998,0.9377521321470804,1.565,12.0,0.10452846326765347,0.0,0.0,1.565,0.9419584786227329,3.3405809282531407,-0.8660254037844386,0.0,0.0,,True,0.8660254037844387,0.0,0.0,0.25,0.22314355131420976,0.25,0.3473052528448203,0.0,0.22314355131420976,0.0,2026-10-06 08:00:00,1.565,6.9,37.56,0.0,75.11999999999999,6,17.761144119439365,-1.0,0.5000000000000001,0.0,0.0,0.0,0.25,0.0,23.8,Phrae,0.0,0.0,3.0,1.565,95,1.456547619047619,0.0,0.25,0.0,0.9419584786227329,0.22314355131420976,0.0,2026.0,0.6931471805599453,0.0,1.565,0.0
0.0,0.0,0.0,42.0,0.0,0.0,1.0,0.0,10.9,1.0,262.91999999999996,995.7,0.0,0.22314355131420976,0.0,0.0,6.0,-0.7071067811865475,0.9377521321470804,1.565,12.0,-2.4492935982947064e-16,0.0,0.0,1.565,0.9419584786227329,3.2923412724718815,-0.8660254037844386,0.0,0.0,,True,0.7071067811865476,0.0,0.0,0.25,0.22314355131420976,0.25,0.3473052528448203,0.0,0.22314355131420976,0.0,2026-10-06 09:00:00,1.565,4.9,37.56,0.0,75.11999999999999,360,17.761144119439365,-1.0,0.5000000000000001,0.0,0.0,0.0,0.25,0.0,24.2,Phrae,0.0,0.0,8.0,1.565,94,1.4035714285714287,0.0,0.25,0.0,0.9419584786227329,0.22314355131420976,0.0,2026.0,0.6931471805599453,0.0,1.565,0.0
0.0,0.0,0.0,42.0,0.0,0.0,0.9396926207859084,0.0,10.9,1.0,262.91999999999996,995.5,0.0,0.22314355131420976,0.0,0.0,6.0,-0.8660254037844387,0.9377521321470804,1.565,12.0,-0.3420201433256686,0.0,0.0,1.565,0.9419584786227329,3.2308198533194594,-0.8660254037844386,0.0,0.0,,True,0.49999999999999994,0.0,0.0,0.25,0.22314355131420976,0.25,0.3473052528448203,0.0,0.22314355131420976,0.0,2026-10-06 10:00:00,1.565,2.7,37.56,0.0,75.11999999999999,340,17.761144119439365,-1.0,0.5000000000000001,0.0,0.0,0.0,0.25,0.0,24.7,Phrae,0.0,0.0,10.0,1.565,93,1.3458333333333334,0.0,0.25,0.0,0.9419584786227329,0.22314355131420976,0.0,2026.0,0.6931471805599453,0.0,1.565,0.0
0.0,0.0,0.0,42.0,0.0,0.0,-1.8369701987210297e-16,0.0,10.9,1.0,262.91999999999996,995.2,0.0,0.22314355131420976,0.0,0.0,6.0,-0.9659258262890682,0.9377521321470804,1.565,12.0,-1.0,0.0,0.0,1.565,0.9419584786227329,3.1555003066667817,-0.8660254037844386,0.0,0.0,,True,0.258819045102521,0.0,0.0,0.25,0.22314355131420976,0.25,0.3473052528448203,0.0,0.22314355131420976,0.0,2026-10-06 11:00:00,1.565,1.6,37.56,0.0,75.11999999999999,270,17.761144119439365,-1.0,0.5000000000000001,0.0,0.0,0.0,0.25,0.0,25.1,Phrae,0.0,0.0,8.0,1.565,92,1.2839285714285713,0.0,0.25,0.0,0.9419584786227329,0.22314355131420976,0.0,2026.0,0.6931471805599453,0.0,1.565,0.0
0.0,0.0,0.0,42.0,0.0,0.0,-0.7071067811865477,0.0,10.9,1.0,262.91999999999996,995.0,0.0,0.22314355131420976,0.0,0.0,6.0,-1.0,0.9377521321470804,1.565,12.0,-0.7071067811865475,0.0,0.0,1.565,0.9419584786227329,3.0999569683759023,-0.8660254037844386,0.0,0.0,,True,1.2246467991473532e-16,0.0,0.0,0.25,0.22314355131420976,0.25,0.3473052528448203,0.0,0.22314355131420976,0.0,2026-10-06 12:00:00,1.565,3.1,37.56,0.0,75.11999999999999,225,17.761144119439365,-1.0,0.5000000000000001,0.0,0.0,0.0,0.25,0.0,25.5,Phrae,0.0,0.0,4.0,1.565,91,1.230357142857143,0.0,0.25,0.0,0.9419584786227329,0.22314355131420976,0.0,2026.0,0.6931471805599453,0.0,1.565,0.0
0.0,0.0,0.0,42.0,0.0,0.0,-0.8290375725550418,0.0,10.9,1.0,262.91999999999996,994.9,0.0,0.22314355131420976,0.0,0.0,6.0,-0.9659258262890683,0.9377521321470804,1.565,12.0,-0.5591929034707467,0.0,0.0,1.565,0.9419584786227329,3.0454772398559684,-0.8660254037844386,0.0,0.0,,True,-0.2588190451025208,0.0,0.0,0.25,0.22314355131420976,0.25,0.3473052528448203,0.0,0.22314355131420976,0.0,2026-10-06 13:00:00,1.565,4.1,37.56,0.0,75.11999999999999,214,17.761144119439365,-1.0,0.5000000000000001,0.0,0.0,0.0,0.25,0.0,25.7,Phrae,0.0,0.0,0.0,1.565,90,1.1779761904761905,0.0,0.25,0.0,0.9419584786227329,0.22314355131420976,0.0,2026.0,0.6931471805599453,0.0,1.565,0.0
0.0,0.0,0.0,42.0,0.0,0.0,-0.90630778703665,0.0,10.9,0.8,262.91999999999996,994.9,0.0,0.22314355131420976,0.0,0.0,6.0,-0.8660254037844388,0.9377521321470804,1.565,12.0,-0.4226182617406993,0.0,0.0,1.565,0.9419584786227329,2.985989048552015,-0.8660254037844386,0.0,0.0,,True,-0.4999999999999997,0.0,0.0,0.25,0.22314355131420976,0.25,0.3473052528448203,0.0,0.22314355131420976,0.0,2026-10-06 14:00:00,1.565,4.2,37.56,0.0,75.11999999999999,205,17.761144119439365,0.0,0.5000000000000001,0.0,0.0,0.0,0.25,0.0,25.7,Phrae,0.0,0.0,1.0,1.565,90,1.124404761904762,0.0,0.25,0.0,0.9419584786227329,0.22314355131420976,0.0,2026.0,0.5877866649021191,0.0,1.565,0.0
0.0,0.0,0.0,42.0,0.0,0.0,-0.9659258262890683,0.0,10.9,0.8,262.91999999999996,994.9,0.0,0.22314355131420976,0.0,0.0,6.0,-0.7071067811865479,0.9377521321470804,1.565,12.0,-0.2588190451025208,0.0,0.0,1.565,0.9419584786227329,2.915972463546812,-0.8660254037844386,0.0,0.0,,True,-0.7071067811865471,0.0,0.0,0.25,0.22314355131420976,0.25,0.3473052528448203,0.0,0.22314355131420976,0.0,2026-10-06 15:00:00,1.565,3.5,37.56,0.0,75.11999999999999,195,17.761144119439365,1.0,0.5000000000000001,0.0,0.0,0.0,0.25,0.0,25.5,Phrae,0.0,0.0,4.0,1.565,91,1.0678571428571428,0.0,0.25,0.0,0.9419584786227329,0.22314355131420976,0.0,2026.0,0.5877866649021191,0.0,1.565,0.0
0.0,0.0,0.0,42.0,0.0,0.0,-0.9975640502598242,0.0,10.9,0.8,262.91999999999996,994.9,0.0,0.22314355131420976,0.0,0.0,6.0,-0.5000000000000004,0.9377521321470804,1.565,12.0,0.06975647374412552,0.0,0.0,1.565,0.9419584786227329,2.837676742874733,-0.8660254037844386,0.0,0.0,,True,-0.8660254037844384,0.0,0.0,0.25,0.22314355131420976,0.25,0.3473052528448203,0.0,0.22314355131420976,0.0,2026-10-06 16:00:00,1.565,2.7,37.56,0.0,75.11999999999999,176,17.761144119439365,0.0,0.5000000000000001,0.0,0.0,0.0,0.25,0.0,25.2,Phrae,0.0,0.0,4.0,1.565,91,1.0095238095238095,0.0,0.25,0.0,0.9419584786227329,0.22314355131420976,0.0,2026.0,0.5877866649021191,0.0,1.565,0.0
0.0,0.0,0.0,42.0,0.0,0.0,-0.848048096156426,0.0,10.9,0.8,262.91999999999996,995.0,0.0,0.22314355131420976,0.0,0.0,6.0,-0.25881904510252063,0.9377521321470804,1.565,12.0,0.5299192642332049,0.0,0.0,1.565,0.9419584786227329,2.765192970246093,-0.8660254037844386,0.0,0.0,,True,-0.9659258262890683,0.0,0.0,0.25,0.22314355131420976,0.25,0.3473052528448203,0.0,0.22314355131420976,0.0,2026-10-06 17:00:00,1.565,2.3,37.56,0.0,75.11999999999999,148,17.761144119439365,1.0,0.5000000000000001,0.0,0.0,0.0,0.25,0.0,24.9,Phrae,0.0,0.0,3.0,1.565,92,0.9541666666666667,0.0,0.25,0.0,0.9419584786227329,0.22314355131420976,0.0,2026.0,0.5877866649021191,0.0,1.565,0.0
0.0,0.0,0.0,42.0,0.0,0.0,-0.4694715627858909,0.0,10.9,0.8,262.91999999999996,995.2,0.0,0.22314355131420976,0.0,0.0,6.0,-1.8369701987210297e-16,0.9377521321470804,1.565,12.0,0.8829475928589269,0.0,0.0,1.565,0.9419584786227329,2.696867408839685,-0.8660254037844386,0.0,0.0,,True,-1.0,0.0,0.0,0.25,0.22314355131420976,0.25,0.3473052528448203,0.0,0.22314355131420976,0.0,2026-10-06 18:00:00,1.565,2.7,37.56,0.0,75.11999999999999,118,17.761144119439365,1.0,0.5000000000000001,0.0,0.0,0.0,0.25,0.0,24.6,Phrae,0.0,0.0,2.0,1.565,93,0.9011904761904762,0.0,0.25,0.0,0.9419584786227329,0.22314355131420976,0.0,2026.0,0.5877866649021191,0.0,1.565,0.0
0.0,0.0,0.0,42.0,0.0,0.0,-0.25881904510252085,0.0,10.9,0.8,262.91999999999996,995.3,0.0,0.22314355131420976,0.0,0.0,6.0,0.2588190451025203,0.9377521321470804,1.565,12.0,0.9659258262890683,0.0,0.0,1.565,0.9419584786227329,2.65469777575758,-0.8660254037844386,0.0,0.0,,True,-0.9659258262890684,0.0,0.0,0.25,0.22314355131420976,0.25,0.3473052528448203,0.0,0.22314355131420976,0.0,2026-10-06 19:00:00,1.565,2.8,37.56,0.0,75.11999999999999,105,17.761144119439365,1.0,0.5000000000000001,0.0,0.0,0.0,0.25,0.0,24.4,Phrae,0.0,0.0,0.0,1.565,94,0.8589285714285715,0.0,0.25,0.0,0.9419584786227329,0.22314355131420976,0.0,2026.0,0.5877866649021191,0.0,1.565,0.0
0.0,0.0,0.0,42.0,0.0,0.0,-0.20791169081775934,0.0,9.5,0.1,262.91999999999996,995.4,0.0,0.22314355131420976,0.0,0.0,6.0,0.5000000000000001,0.9377521321470804,1.565,12.0,0.9781476007338057,0.0,0.0,1.565,0.9419584786227329,2.5391858083175,-0.8660254037844386,0.0,0.0,,True,-0.8660254037844386,0.0,0.0,0.25,0.22314355131420976,0.25,0.3473052528448203,0.0,0.22314355131420976,0.0,2026-10-06 20:00:00,1.565,2.6,37.56,0.0,75.11999999999999,102,17.761144119439365,0.0,0.5000000000000001,0.0,0.0,0.0,0.25,0.0,24.2,Phrae,0.0,0.0,-1.0,1.565,94,0.7940476190476189,0.0,0.25,0.0,0.9419584786227329,0.22314355131420976,0.0,2026.0,0.09531017980432487,0.0,1.565,0.0
0.0,0.0,0.0,42.0,0.0,0.0,-0.25881904510252085,0.0,9.4,0.1,262.91999999999996,995.5,0.0,0.22314355131420976,0.0,0.0,6.0,0.7071067811865474,0.9377521321470804,1.565,12.0,0.9659258262890683,0.0,0.0,1.565,0.9419584786227329,2.4488502525723796,-0.8660254037844386,0.0,0.0,,True,-0.7071067811865477,0.0,0.0,0.25,0.22314355131420976,0.25,0.3473052528448203,0.0,0.22314355131420976,0.0,2026-10-06 21:00:00,1.565,2.1,37.56,0.0,75.11999999999999,105,17.761144119439365,1.0,0.5000000000000001,0.0,0.0,0.0,0.25,0.0,23.9,Phrae,0.0,0.0,0.0,1.565,95,0.7375,0.0,0.25,0.0,0.9419584786227329,0.22314355131420976,0.0,2026.0,0.09531017980432487,0.0,1.565,0.0
0.0,0.0,0.0,42.0,0.0,0.0,-0.39073112848927377,0.0,9.4,0.1,262.91999999999996,995.7,0.0,0.22314355131420976,0.0,0.0,6.0,0.8660254037844384,0.9377521321470804,1.565,12.0,0.9205048534524403,0.0,0.0,1.565,0.9419584786227329,2.3746317890963327,-0.8660254037844386,0.0,0.0,,True,-0.5000000000000004,0.0,0.0,0.25,0.22314355131420976,0.25,0.3473052528448203,0.0,0.22314355131420976,0.0,2026-10-06 22:00:00,1.565,1.4,37.56,0.0,75.11999999999999,113,17.761144119439365,1.0,0.5000000000000001,0.0,0.0,0.0,0.25,0.0,23.7,Phrae,0.0,0.0,1.0,1.565,96,0.6869047619047619,0.0,0.25,0.0,0.9419584786227329,0.22314355131420976,0.0,2026.0,0.09531017980432487,0.0,1.565,0.0
0.0,0.0,0.0,42.0,0.0,0.0,-0.8290375725550416,0.0,9.4,0.1,262.91999999999996,995.9,0.0,0.22314355131420976,0.0,0.0,6.0,0.9659258262890681,0.9377521321470804,1.565,12.0,0.5591929034707469,0.0,0.0,1.565,0.9419584786227329,2.2969033396758474,-0.8660254037844386,0.0,0.0,,True,-0.25881904510252157,0.0,0.0,0.25,0.22314355131420976,0.25,0.3473052528448203,0.0,0.22314355131420976,0.0,2026-10-06 23:00:00,1.565,0.6,37.56,0.0,75.11999999999999,146,17.761144119439365,0.0,0.5000000000000001,0.0,0.0,0.0,0.25,0.0,23.5,Phrae,0.0,0.0,0.0,1.565,96,0.6363095238095239,0.0,0.25,0.0,0.9419584786227329,0.22314355131420976,0.0,2026.0,0.09531017980432487,0.0,1.565,0.0
